2025-06-17 10:31:20,298 [ERROR] LogOutputStream:75 - [STDERR_REDIRECT] Jun 17, 2025 10:31:20 AM java.util.prefs.FileSystemPreferences checkLockFile0ErrorCode
2025-06-17 10:31:20,299 [ERROR] LogOutputStream:75 - [STDERR_REDIRECT] WARNING: Could not lock System prefs. Unix error code 2.
2025-06-17 10:31:20,299 [ERROR] LogOutputStream:75 - [STDERR_REDIRECT] 
2025-06-17 10:31:20,299 [ERROR] LogOutputStream:75 - [STDERR_REDIRECT] Jun 17, 2025 10:31:20 AM java.util.prefs.FileSystemPreferences syncWorld
2025-06-17 10:31:20,299 [ERROR] LogOutputStream:75 - [STDERR_REDIRECT] WARNING: Couldn't flush system prefs: java.util.prefs.BackingStoreException: Couldn't get file lock.
2025-06-17 10:31:20,299 [ERROR] LogOutputStream:75 - [STDERR_REDIRECT] 
2025-06-17 10:31:50,299 [ERROR] LogOutputStream:75 - [STDERR_REDIRECT] Jun 17, 2025 10:31:50 AM java.util.prefs.FileSystemPreferences checkLockFile0ErrorCode
2025-06-17 10:31:50,299 [ERROR] LogOutputStream:75 - [STDERR_REDIRECT] WARNING: Could not lock System prefs. Unix error code 2.
2025-06-17 10:31:50,299 [ERROR] LogOutputStream:75 - [STDERR_REDIRECT] 
2025-06-17 10:31:50,299 [ERROR] LogOutputStream:75 - [STDERR_REDIRECT] Jun 17, 2025 10:31:50 AM java.util.prefs.FileSystemPreferences syncWorld
2025-06-17 10:31:50,299 [ERROR] LogOutputStream:75 - [STDERR_REDIRECT] WARNING: Couldn't flush system prefs: java.util.prefs.BackingStoreException: Couldn't get file lock.
2025-06-17 10:31:50,299 [ERROR] LogOutputStream:75 - [STDERR_REDIRECT] 
2025-06-17 10:32:20,299 [ERROR] LogOutputStream:75 - [STDERR_REDIRECT] Jun 17, 2025 10:32:20 AM java.util.prefs.FileSystemPreferences checkLockFile0ErrorCode
2025-06-17 10:32:20,299 [ERROR] LogOutputStream:75 - [STDERR_REDIRECT] WARNING: Could not lock System prefs. Unix error code 2.
2025-06-17 10:32:20,299 [ERROR] LogOutputStream:75 - [STDERR_REDIRECT] 
2025-06-17 10:32:20,299 [ERROR] LogOutputStream:75 - [STDERR_REDIRECT] Jun 17, 2025 10:32:20 AM java.util.prefs.FileSystemPreferences syncWorld
2025-06-17 10:32:20,299 [ERROR] LogOutputStream:75 - [STDERR_REDIRECT] WARNING: Couldn't flush system prefs: java.util.prefs.BackingStoreException: Couldn't get file lock.
2025-06-17 10:32:20,299 [ERROR] LogOutputStream:75 - [STDERR_REDIRECT] 
2025-06-17 10:32:50,300 [ERROR] LogOutputStream:75 - [STDERR_REDIRECT] Jun 17, 2025 10:32:50 AM java.util.prefs.FileSystemPreferences checkLockFile0ErrorCode
2025-06-17 10:32:50,301 [ERROR] LogOutputStream:75 - [STDERR_REDIRECT] WARNING: Could not lock System prefs. Unix error code 2.
2025-06-17 10:32:50,301 [ERROR] LogOutputStream:75 - [STDERR_REDIRECT] 
2025-06-17 10:32:50,301 [ERROR] LogOutputStream:75 - [STDERR_REDIRECT] Jun 17, 2025 10:32:50 AM java.util.prefs.FileSystemPreferences syncWorld
2025-06-17 10:32:50,301 [ERROR] LogOutputStream:75 - [STDERR_REDIRECT] WARNING: Couldn't flush system prefs: java.util.prefs.BackingStoreException: Couldn't get file lock.
2025-06-17 10:32:50,301 [ERROR] LogOutputStream:75 - [STDERR_REDIRECT] 
2025-06-17 10:33:20,299 [ERROR] LogOutputStream:75 - [STDERR_REDIRECT] Jun 17, 2025 10:33:20 AM java.util.prefs.FileSystemPreferences checkLockFile0ErrorCode
2025-06-17 10:33:20,299 [ERROR] LogOutputStream:75 - [STDERR_REDIRECT] WARNING: Could not lock System prefs. Unix error code 2.
2025-06-17 10:33:20,299 [ERROR] LogOutputStream:75 - [STDERR_REDIRECT] 
2025-06-17 10:33:20,300 [ERROR] LogOutputStream:75 - [STDERR_REDIRECT] Jun 17, 2025 10:33:20 AM java.util.prefs.FileSystemPreferences syncWorld
2025-06-17 10:33:20,300 [ERROR] LogOutputStream:75 - [STDERR_REDIRECT] WARNING: Couldn't flush system prefs: java.util.prefs.BackingStoreException: Couldn't get file lock.
2025-06-17 10:33:20,300 [ERROR] LogOutputStream:75 - [STDERR_REDIRECT] 
2025-06-17 10:33:50,299 [ERROR] LogOutputStream:75 - [STDERR_REDIRECT] Jun 17, 2025 10:33:50 AM java.util.prefs.FileSystemPreferences checkLockFile0ErrorCode
2025-06-17 10:33:50,299 [ERROR] LogOutputStream:75 - [STDERR_REDIRECT] WARNING: Could not lock System prefs. Unix error code 2.
2025-06-17 10:33:50,299 [ERROR] LogOutputStream:75 - [STDERR_REDIRECT] 
2025-06-17 10:33:50,299 [ERROR] LogOutputStream:75 - [STDERR_REDIRECT] Jun 17, 2025 10:33:50 AM java.util.prefs.FileSystemPreferences syncWorld
2025-06-17 10:33:50,299 [ERROR] LogOutputStream:75 - [STDERR_REDIRECT] WARNING: Couldn't flush system prefs: java.util.prefs.BackingStoreException: Couldn't get file lock.
2025-06-17 10:33:50,299 [ERROR] LogOutputStream:75 - [STDERR_REDIRECT] 
2025-06-17 10:34:20,300 [ERROR] LogOutputStream:75 - [STDERR_REDIRECT] Jun 17, 2025 10:34:20 AM java.util.prefs.FileSystemPreferences checkLockFile0ErrorCode
2025-06-17 10:34:20,300 [ERROR] LogOutputStream:75 - [STDERR_REDIRECT] WARNING: Could not lock System prefs. Unix error code 2.
2025-06-17 10:34:20,300 [ERROR] LogOutputStream:75 - [STDERR_REDIRECT] 
2025-06-17 10:34:20,300 [ERROR] LogOutputStream:75 - [STDERR_REDIRECT] Jun 17, 2025 10:34:20 AM java.util.prefs.FileSystemPreferences syncWorld
2025-06-17 10:34:20,301 [ERROR] LogOutputStream:75 - [STDERR_REDIRECT] WARNING: Couldn't flush system prefs: java.util.prefs.BackingStoreException: Couldn't get file lock.
2025-06-17 10:34:20,301 [ERROR] LogOutputStream:75 - [STDERR_REDIRECT] 
2025-06-17 10:34:50,300 [ERROR] LogOutputStream:75 - [STDERR_REDIRECT] Jun 17, 2025 10:34:50 AM java.util.prefs.FileSystemPreferences checkLockFile0ErrorCode
2025-06-17 10:34:50,300 [ERROR] LogOutputStream:75 - [STDERR_REDIRECT] WARNING: Could not lock System prefs. Unix error code 2.
2025-06-17 10:34:50,300 [ERROR] LogOutputStream:75 - [STDERR_REDIRECT] 
2025-06-17 10:34:50,300 [ERROR] LogOutputStream:75 - [STDERR_REDIRECT] Jun 17, 2025 10:34:50 AM java.util.prefs.FileSystemPreferences syncWorld
2025-06-17 10:34:50,300 [ERROR] LogOutputStream:75 - [STDERR_REDIRECT] WARNING: Couldn't flush system prefs: java.util.prefs.BackingStoreException: Couldn't get file lock.
2025-06-17 10:34:50,300 [ERROR] LogOutputStream:75 - [STDERR_REDIRECT] 
2025-06-17 10:35:20,299 [ERROR] LogOutputStream:75 - [STDERR_REDIRECT] Jun 17, 2025 10:35:20 AM java.util.prefs.FileSystemPreferences checkLockFile0ErrorCode
2025-06-17 10:35:20,299 [ERROR] LogOutputStream:75 - [STDERR_REDIRECT] WARNING: Could not lock System prefs. Unix error code 2.
2025-06-17 10:35:20,299 [ERROR] LogOutputStream:75 - [STDERR_REDIRECT] 
2025-06-17 10:35:20,299 [ERROR] LogOutputStream:75 - [STDERR_REDIRECT] Jun 17, 2025 10:35:20 AM java.util.prefs.FileSystemPreferences syncWorld
2025-06-17 10:35:20,299 [ERROR] LogOutputStream:75 - [STDERR_REDIRECT] WARNING: Couldn't flush system prefs: java.util.prefs.BackingStoreException: Couldn't get file lock.
2025-06-17 10:35:20,300 [ERROR] LogOutputStream:75 - [STDERR_REDIRECT] 
2025-06-17 10:35:50,299 [ERROR] LogOutputStream:75 - [STDERR_REDIRECT] Jun 17, 2025 10:35:50 AM java.util.prefs.FileSystemPreferences checkLockFile0ErrorCode
2025-06-17 10:35:50,299 [ERROR] LogOutputStream:75 - [STDERR_REDIRECT] WARNING: Could not lock System prefs. Unix error code 2.
2025-06-17 10:35:50,299 [ERROR] LogOutputStream:75 - [STDERR_REDIRECT] 
2025-06-17 10:35:50,299 [ERROR] LogOutputStream:75 - [STDERR_REDIRECT] Jun 17, 2025 10:35:50 AM java.util.prefs.FileSystemPreferences syncWorld
2025-06-17 10:35:50,299 [ERROR] LogOutputStream:75 - [STDERR_REDIRECT] WARNING: Couldn't flush system prefs: java.util.prefs.BackingStoreException: Couldn't get file lock.
2025-06-17 10:35:50,299 [ERROR] LogOutputStream:75 - [STDERR_REDIRECT] 
2025-06-17 10:36:20,299 [ERROR] LogOutputStream:75 - [STDERR_REDIRECT] Jun 17, 2025 10:36:20 AM java.util.prefs.FileSystemPreferences checkLockFile0ErrorCode
2025-06-17 10:36:20,300 [ERROR] LogOutputStream:75 - [STDERR_REDIRECT] WARNING: Could not lock System prefs. Unix error code 2.
2025-06-17 10:36:20,300 [ERROR] LogOutputStream:75 - [STDERR_REDIRECT] 
2025-06-17 10:36:20,300 [ERROR] LogOutputStream:75 - [STDERR_REDIRECT] Jun 17, 2025 10:36:20 AM java.util.prefs.FileSystemPreferences syncWorld
2025-06-17 10:36:20,300 [ERROR] LogOutputStream:75 - [STDERR_REDIRECT] WARNING: Couldn't flush system prefs: java.util.prefs.BackingStoreException: Couldn't get file lock.
2025-06-17 10:36:20,300 [ERROR] LogOutputStream:75 - [STDERR_REDIRECT] 
2025-06-17 10:36:50,301 [ERROR] LogOutputStream:75 - [STDERR_REDIRECT] Jun 17, 2025 10:36:50 AM java.util.prefs.FileSystemPreferences checkLockFile0ErrorCode
2025-06-17 10:36:50,301 [ERROR] LogOutputStream:75 - [STDERR_REDIRECT] WARNING: Could not lock System prefs. Unix error code 2.
2025-06-17 10:36:50,301 [ERROR] LogOutputStream:75 - [STDERR_REDIRECT] 
2025-06-17 10:36:50,301 [ERROR] LogOutputStream:75 - [STDERR_REDIRECT] Jun 17, 2025 10:36:50 AM java.util.prefs.FileSystemPreferences syncWorld
2025-06-17 10:36:50,301 [ERROR] LogOutputStream:75 - [STDERR_REDIRECT] WARNING: Couldn't flush system prefs: java.util.prefs.BackingStoreException: Couldn't get file lock.
2025-06-17 10:36:50,302 [ERROR] LogOutputStream:75 - [STDERR_REDIRECT] 
2025-06-17 10:37:20,300 [ERROR] LogOutputStream:75 - [STDERR_REDIRECT] Jun 17, 2025 10:37:20 AM java.util.prefs.FileSystemPreferences checkLockFile0ErrorCode
2025-06-17 10:37:20,301 [ERROR] LogOutputStream:75 - [STDERR_REDIRECT] WARNING: Could not lock System prefs. Unix error code 2.
2025-06-17 10:37:20,301 [ERROR] LogOutputStream:75 - [STDERR_REDIRECT] 
2025-06-17 10:37:20,301 [ERROR] LogOutputStream:75 - [STDERR_REDIRECT] Jun 17, 2025 10:37:20 AM java.util.prefs.FileSystemPreferences syncWorld
2025-06-17 10:37:20,301 [ERROR] LogOutputStream:75 - [STDERR_REDIRECT] WARNING: Couldn't flush system prefs: java.util.prefs.BackingStoreException: Couldn't get file lock.
2025-06-17 10:37:20,301 [ERROR] LogOutputStream:75 - [STDERR_REDIRECT] 
2025-06-17 10:37:50,301 [ERROR] LogOutputStream:75 - [STDERR_REDIRECT] Jun 17, 2025 10:37:50 AM java.util.prefs.FileSystemPreferences checkLockFile0ErrorCode
2025-06-17 10:37:50,301 [ERROR] LogOutputStream:75 - [STDERR_REDIRECT] WARNING: Could not lock System prefs. Unix error code 2.
2025-06-17 10:37:50,301 [ERROR] LogOutputStream:75 - [STDERR_REDIRECT] 
2025-06-17 10:37:50,302 [ERROR] LogOutputStream:75 - [STDERR_REDIRECT] Jun 17, 2025 10:37:50 AM java.util.prefs.FileSystemPreferences syncWorld
2025-06-17 10:37:50,302 [ERROR] LogOutputStream:75 - [STDERR_REDIRECT] WARNING: Couldn't flush system prefs: java.util.prefs.BackingStoreException: Couldn't get file lock.
2025-06-17 10:37:50,302 [ERROR] LogOutputStream:75 - [STDERR_REDIRECT] 
2025-06-17 10:38:20,301 [ERROR] LogOutputStream:75 - [STDERR_REDIRECT] Jun 17, 2025 10:38:20 AM java.util.prefs.FileSystemPreferences checkLockFile0ErrorCode
2025-06-17 10:38:20,301 [ERROR] LogOutputStream:75 - [STDERR_REDIRECT] WARNING: Could not lock System prefs. Unix error code 2.
2025-06-17 10:38:20,301 [ERROR] LogOutputStream:75 - [STDERR_REDIRECT] 
2025-06-17 10:38:20,301 [ERROR] LogOutputStream:75 - [STDERR_REDIRECT] Jun 17, 2025 10:38:20 AM java.util.prefs.FileSystemPreferences syncWorld
2025-06-17 10:38:20,302 [ERROR] LogOutputStream:75 - [STDERR_REDIRECT] WARNING: Couldn't flush system prefs: java.util.prefs.BackingStoreException: Couldn't get file lock.
2025-06-17 10:38:20,302 [ERROR] LogOutputStream:75 - [STDERR_REDIRECT] 
2025-06-17 10:38:50,301 [ERROR] LogOutputStream:75 - [STDERR_REDIRECT] Jun 17, 2025 10:38:50 AM java.util.prefs.FileSystemPreferences checkLockFile0ErrorCode
2025-06-17 10:38:50,302 [ERROR] LogOutputStream:75 - [STDERR_REDIRECT] WARNING: Could not lock System prefs. Unix error code 2.
2025-06-17 10:38:50,302 [ERROR] LogOutputStream:75 - [STDERR_REDIRECT] 
2025-06-17 10:38:50,302 [ERROR] LogOutputStream:75 - [STDERR_REDIRECT] Jun 17, 2025 10:38:50 AM java.util.prefs.FileSystemPreferences syncWorld
2025-06-17 10:38:50,302 [ERROR] LogOutputStream:75 - [STDERR_REDIRECT] WARNING: Couldn't flush system prefs: java.util.prefs.BackingStoreException: Couldn't get file lock.
2025-06-17 10:38:50,302 [ERROR] LogOutputStream:75 - [STDERR_REDIRECT] 
2025-06-17 10:39:20,302 [ERROR] LogOutputStream:75 - [STDERR_REDIRECT] Jun 17, 2025 10:39:20 AM java.util.prefs.FileSystemPreferences checkLockFile0ErrorCode
2025-06-17 10:39:20,302 [ERROR] LogOutputStream:75 - [STDERR_REDIRECT] WARNING: Could not lock System prefs. Unix error code 2.
2025-06-17 10:39:20,302 [ERROR] LogOutputStream:75 - [STDERR_REDIRECT] 
2025-06-17 10:39:20,302 [ERROR] LogOutputStream:75 - [STDERR_REDIRECT] Jun 17, 2025 10:39:20 AM java.util.prefs.FileSystemPreferences syncWorld
2025-06-17 10:39:20,302 [ERROR] LogOutputStream:75 - [STDERR_REDIRECT] WARNING: Couldn't flush system prefs: java.util.prefs.BackingStoreException: Couldn't get file lock.
2025-06-17 10:39:20,302 [ERROR] LogOutputStream:75 - [STDERR_REDIRECT] 
2025-06-17 10:39:50,302 [ERROR] LogOutputStream:75 - [STDERR_REDIRECT] Jun 17, 2025 10:39:50 AM java.util.prefs.FileSystemPreferences checkLockFile0ErrorCode
2025-06-17 10:39:50,302 [ERROR] LogOutputStream:75 - [STDERR_REDIRECT] WARNING: Could not lock System prefs. Unix error code 2.
2025-06-17 10:39:50,302 [ERROR] LogOutputStream:75 - [STDERR_REDIRECT] 
2025-06-17 10:39:50,302 [ERROR] LogOutputStream:75 - [STDERR_REDIRECT] Jun 17, 2025 10:39:50 AM java.util.prefs.FileSystemPreferences syncWorld
2025-06-17 10:39:50,302 [ERROR] LogOutputStream:75 - [STDERR_REDIRECT] WARNING: Couldn't flush system prefs: java.util.prefs.BackingStoreException: Couldn't get file lock.
2025-06-17 10:39:50,303 [ERROR] LogOutputStream:75 - [STDERR_REDIRECT] 
2025-06-17 10:40:20,301 [ERROR] LogOutputStream:75 - [STDERR_REDIRECT] Jun 17, 2025 10:40:20 AM java.util.prefs.FileSystemPreferences checkLockFile0ErrorCode
2025-06-17 10:40:20,301 [ERROR] LogOutputStream:75 - [STDERR_REDIRECT] WARNING: Could not lock System prefs. Unix error code 2.
2025-06-17 10:40:20,301 [ERROR] LogOutputStream:75 - [STDERR_REDIRECT] 
2025-06-17 10:40:20,301 [ERROR] LogOutputStream:75 - [STDERR_REDIRECT] Jun 17, 2025 10:40:20 AM java.util.prefs.FileSystemPreferences syncWorld
2025-06-17 10:40:20,302 [ERROR] LogOutputStream:75 - [STDERR_REDIRECT] WARNING: Couldn't flush system prefs: java.util.prefs.BackingStoreException: Couldn't get file lock.
2025-06-17 10:40:20,302 [ERROR] LogOutputStream:75 - [STDERR_REDIRECT] 
2025-06-17 10:40:50,302 [ERROR] LogOutputStream:75 - [STDERR_REDIRECT] Jun 17, 2025 10:40:50 AM java.util.prefs.FileSystemPreferences checkLockFile0ErrorCode
2025-06-17 10:40:50,302 [ERROR] LogOutputStream:75 - [STDERR_REDIRECT] WARNING: Could not lock System prefs. Unix error code 2.
2025-06-17 10:40:50,302 [ERROR] LogOutputStream:75 - [STDERR_REDIRECT] 
2025-06-17 10:40:50,302 [ERROR] LogOutputStream:75 - [STDERR_REDIRECT] Jun 17, 2025 10:40:50 AM java.util.prefs.FileSystemPreferences syncWorld
2025-06-17 10:40:50,302 [ERROR] LogOutputStream:75 - [STDERR_REDIRECT] WARNING: Couldn't flush system prefs: java.util.prefs.BackingStoreException: Couldn't get file lock.
2025-06-17 10:40:50,303 [ERROR] LogOutputStream:75 - [STDERR_REDIRECT] 
2025-06-17 10:41:20,301 [ERROR] LogOutputStream:75 - [STDERR_REDIRECT] Jun 17, 2025 10:41:20 AM java.util.prefs.FileSystemPreferences checkLockFile0ErrorCode
2025-06-17 10:41:20,301 [ERROR] LogOutputStream:75 - [STDERR_REDIRECT] WARNING: Could not lock System prefs. Unix error code 2.
2025-06-17 10:41:20,301 [ERROR] LogOutputStream:75 - [STDERR_REDIRECT] 
2025-06-17 10:41:20,301 [ERROR] LogOutputStream:75 - [STDERR_REDIRECT] Jun 17, 2025 10:41:20 AM java.util.prefs.FileSystemPreferences syncWorld
2025-06-17 10:41:20,301 [ERROR] LogOutputStream:75 - [STDERR_REDIRECT] WARNING: Couldn't flush system prefs: java.util.prefs.BackingStoreException: Couldn't get file lock.
2025-06-17 10:41:20,302 [ERROR] LogOutputStream:75 - [STDERR_REDIRECT] 
2025-06-17 10:41:50,301 [ERROR] LogOutputStream:75 - [STDERR_REDIRECT] Jun 17, 2025 10:41:50 AM java.util.prefs.FileSystemPreferences checkLockFile0ErrorCode
2025-06-17 10:41:50,301 [ERROR] LogOutputStream:75 - [STDERR_REDIRECT] WARNING: Could not lock System prefs. Unix error code 2.
2025-06-17 10:41:50,301 [ERROR] LogOutputStream:75 - [STDERR_REDIRECT] 
2025-06-17 10:41:50,301 [ERROR] LogOutputStream:75 - [STDERR_REDIRECT] Jun 17, 2025 10:41:50 AM java.util.prefs.FileSystemPreferences syncWorld
2025-06-17 10:41:50,301 [ERROR] LogOutputStream:75 - [STDERR_REDIRECT] WARNING: Couldn't flush system prefs: java.util.prefs.BackingStoreException: Couldn't get file lock.
2025-06-17 10:41:50,301 [ERROR] LogOutputStream:75 - [STDERR_REDIRECT] 
2025-06-17 10:42:20,302 [ERROR] LogOutputStream:75 - [STDERR_REDIRECT] Jun 17, 2025 10:42:20 AM java.util.prefs.FileSystemPreferences checkLockFile0ErrorCode
2025-06-17 10:42:20,302 [ERROR] LogOutputStream:75 - [STDERR_REDIRECT] WARNING: Could not lock System prefs. Unix error code 2.
2025-06-17 10:42:20,302 [ERROR] LogOutputStream:75 - [STDERR_REDIRECT] 
2025-06-17 10:42:20,302 [ERROR] LogOutputStream:75 - [STDERR_REDIRECT] Jun 17, 2025 10:42:20 AM java.util.prefs.FileSystemPreferences syncWorld
2025-06-17 10:42:20,302 [ERROR] LogOutputStream:75 - [STDERR_REDIRECT] WARNING: Couldn't flush system prefs: java.util.prefs.BackingStoreException: Couldn't get file lock.
2025-06-17 10:42:20,302 [ERROR] LogOutputStream:75 - [STDERR_REDIRECT] 
2025-06-17 10:42:50,302 [ERROR] LogOutputStream:75 - [STDERR_REDIRECT] Jun 17, 2025 10:42:50 AM java.util.prefs.FileSystemPreferences checkLockFile0ErrorCode
2025-06-17 10:42:50,302 [ERROR] LogOutputStream:75 - [STDERR_REDIRECT] WARNING: Could not lock System prefs. Unix error code 2.
2025-06-17 10:42:50,303 [ERROR] LogOutputStream:75 - [STDERR_REDIRECT] 
2025-06-17 10:42:50,303 [ERROR] LogOutputStream:75 - [STDERR_REDIRECT] Jun 17, 2025 10:42:50 AM java.util.prefs.FileSystemPreferences syncWorld
2025-06-17 10:42:50,303 [ERROR] LogOutputStream:75 - [STDERR_REDIRECT] WARNING: Couldn't flush system prefs: java.util.prefs.BackingStoreException: Couldn't get file lock.
2025-06-17 10:42:50,303 [ERROR] LogOutputStream:75 - [STDERR_REDIRECT] 
2025-06-17 10:43:20,303 [ERROR] LogOutputStream:75 - [STDERR_REDIRECT] Jun 17, 2025 10:43:20 AM java.util.prefs.FileSystemPreferences checkLockFile0ErrorCode
2025-06-17 10:43:20,303 [ERROR] LogOutputStream:75 - [STDERR_REDIRECT] WARNING: Could not lock System prefs. Unix error code 2.
2025-06-17 10:43:20,303 [ERROR] LogOutputStream:75 - [STDERR_REDIRECT] 
2025-06-17 10:43:20,303 [ERROR] LogOutputStream:75 - [STDERR_REDIRECT] Jun 17, 2025 10:43:20 AM java.util.prefs.FileSystemPreferences syncWorld
2025-06-17 10:43:20,303 [ERROR] LogOutputStream:75 - [STDERR_REDIRECT] WARNING: Couldn't flush system prefs: java.util.prefs.BackingStoreException: Couldn't get file lock.
2025-06-17 10:43:20,303 [ERROR] LogOutputStream:75 - [STDERR_REDIRECT] 
2025-06-17 10:43:50,303 [ERROR] LogOutputStream:75 - [STDERR_REDIRECT] Jun 17, 2025 10:43:50 AM java.util.prefs.FileSystemPreferences checkLockFile0ErrorCode
2025-06-17 10:43:50,303 [ERROR] LogOutputStream:75 - [STDERR_REDIRECT] WARNING: Could not lock System prefs. Unix error code 2.
2025-06-17 10:43:50,303 [ERROR] LogOutputStream:75 - [STDERR_REDIRECT] 
2025-06-17 10:43:50,304 [ERROR] LogOutputStream:75 - [STDERR_REDIRECT] Jun 17, 2025 10:43:50 AM java.util.prefs.FileSystemPreferences syncWorld
2025-06-17 10:43:50,304 [ERROR] LogOutputStream:75 - [STDERR_REDIRECT] WARNING: Couldn't flush system prefs: java.util.prefs.BackingStoreException: Couldn't get file lock.
2025-06-17 10:43:50,304 [ERROR] LogOutputStream:75 - [STDERR_REDIRECT] 
2025-06-17 10:44:20,304 [ERROR] LogOutputStream:75 - [STDERR_REDIRECT] Jun 17, 2025 10:44:20 AM java.util.prefs.FileSystemPreferences checkLockFile0ErrorCode
2025-06-17 10:44:20,304 [ERROR] LogOutputStream:75 - [STDERR_REDIRECT] WARNING: Could not lock System prefs. Unix error code 2.
2025-06-17 10:44:20,304 [ERROR] LogOutputStream:75 - [STDERR_REDIRECT] 
2025-06-17 10:44:20,304 [ERROR] LogOutputStream:75 - [STDERR_REDIRECT] Jun 17, 2025 10:44:20 AM java.util.prefs.FileSystemPreferences syncWorld
2025-06-17 10:44:20,304 [ERROR] LogOutputStream:75 - [STDERR_REDIRECT] WARNING: Couldn't flush system prefs: java.util.prefs.BackingStoreException: Couldn't get file lock.
2025-06-17 10:44:20,304 [ERROR] LogOutputStream:75 - [STDERR_REDIRECT] 
2025-06-17 10:44:50,303 [ERROR] LogOutputStream:75 - [STDERR_REDIRECT] Jun 17, 2025 10:44:50 AM java.util.prefs.FileSystemPreferences checkLockFile0ErrorCode
2025-06-17 10:44:50,304 [ERROR] LogOutputStream:75 - [STDERR_REDIRECT] WARNING: Could not lock System prefs. Unix error code 2.
2025-06-17 10:44:50,304 [ERROR] LogOutputStream:75 - [STDERR_REDIRECT] 
2025-06-17 10:44:50,304 [ERROR] LogOutputStream:75 - [STDERR_REDIRECT] Jun 17, 2025 10:44:50 AM java.util.prefs.FileSystemPreferences syncWorld
2025-06-17 10:44:50,304 [ERROR] LogOutputStream:75 - [STDERR_REDIRECT] WARNING: Couldn't flush system prefs: java.util.prefs.BackingStoreException: Couldn't get file lock.
2025-06-17 10:44:50,304 [ERROR] LogOutputStream:75 - [STDERR_REDIRECT] 
2025-06-17 10:45:20,302 [ERROR] LogOutputStream:75 - [STDERR_REDIRECT] Jun 17, 2025 10:45:20 AM java.util.prefs.FileSystemPreferences checkLockFile0ErrorCode
2025-06-17 10:45:20,303 [ERROR] LogOutputStream:75 - [STDERR_REDIRECT] WARNING: Could not lock System prefs. Unix error code 2.
2025-06-17 10:45:20,303 [ERROR] LogOutputStream:75 - [STDERR_REDIRECT] 
2025-06-17 10:45:20,303 [ERROR] LogOutputStream:75 - [STDERR_REDIRECT] Jun 17, 2025 10:45:20 AM java.util.prefs.FileSystemPreferences syncWorld
2025-06-17 10:45:20,303 [ERROR] LogOutputStream:75 - [STDERR_REDIRECT] WARNING: Couldn't flush system prefs: java.util.prefs.BackingStoreException: Couldn't get file lock.
2025-06-17 10:45:20,303 [ERROR] LogOutputStream:75 - [STDERR_REDIRECT] 
2025-06-17 10:45:50,303 [ERROR] LogOutputStream:75 - [STDERR_REDIRECT] Jun 17, 2025 10:45:50 AM java.util.prefs.FileSystemPreferences checkLockFile0ErrorCode
2025-06-17 10:45:50,303 [ERROR] LogOutputStream:75 - [STDERR_REDIRECT] WARNING: Could not lock System prefs. Unix error code 2.
2025-06-17 10:45:50,303 [ERROR] LogOutputStream:75 - [STDERR_REDIRECT] 
2025-06-17 10:45:50,304 [ERROR] LogOutputStream:75 - [STDERR_REDIRECT] Jun 17, 2025 10:45:50 AM java.util.prefs.FileSystemPreferences syncWorld
2025-06-17 10:45:50,304 [ERROR] LogOutputStream:75 - [STDERR_REDIRECT] WARNING: Couldn't flush system prefs: java.util.prefs.BackingStoreException: Couldn't get file lock.
2025-06-17 10:45:50,304 [ERROR] LogOutputStream:75 - [STDERR_REDIRECT] 
2025-06-17 10:46:20,303 [ERROR] LogOutputStream:75 - [STDERR_REDIRECT] Jun 17, 2025 10:46:20 AM java.util.prefs.FileSystemPreferences checkLockFile0ErrorCode
2025-06-17 10:46:20,304 [ERROR] LogOutputStream:75 - [STDERR_REDIRECT] WARNING: Could not lock System prefs. Unix error code 2.
2025-06-17 10:46:20,304 [ERROR] LogOutputStream:75 - [STDERR_REDIRECT] 
2025-06-17 10:46:20,304 [ERROR] LogOutputStream:75 - [STDERR_REDIRECT] Jun 17, 2025 10:46:20 AM java.util.prefs.FileSystemPreferences syncWorld
2025-06-17 10:46:20,304 [ERROR] LogOutputStream:75 - [STDERR_REDIRECT] WARNING: Couldn't flush system prefs: java.util.prefs.BackingStoreException: Couldn't get file lock.
2025-06-17 10:46:20,304 [ERROR] LogOutputStream:75 - [STDERR_REDIRECT] 
2025-06-17 10:46:50,303 [ERROR] LogOutputStream:75 - [STDERR_REDIRECT] Jun 17, 2025 10:46:50 AM java.util.prefs.FileSystemPreferences checkLockFile0ErrorCode
2025-06-17 10:46:50,303 [ERROR] LogOutputStream:75 - [STDERR_REDIRECT] WARNING: Could not lock System prefs. Unix error code 2.
2025-06-17 10:46:50,303 [ERROR] LogOutputStream:75 - [STDERR_REDIRECT] 
2025-06-17 10:46:50,303 [ERROR] LogOutputStream:75 - [STDERR_REDIRECT] Jun 17, 2025 10:46:50 AM java.util.prefs.FileSystemPreferences syncWorld
2025-06-17 10:46:50,303 [ERROR] LogOutputStream:75 - [STDERR_REDIRECT] WARNING: Couldn't flush system prefs: java.util.prefs.BackingStoreException: Couldn't get file lock.
2025-06-17 10:46:50,303 [ERROR] LogOutputStream:75 - [STDERR_REDIRECT] 
2025-06-17 10:47:20,304 [ERROR] LogOutputStream:75 - [STDERR_REDIRECT] Jun 17, 2025 10:47:20 AM java.util.prefs.FileSystemPreferences checkLockFile0ErrorCode
2025-06-17 10:47:20,304 [ERROR] LogOutputStream:75 - [STDERR_REDIRECT] WARNING: Could not lock System prefs. Unix error code 2.
2025-06-17 10:47:20,304 [ERROR] LogOutputStream:75 - [STDERR_REDIRECT] 
2025-06-17 10:47:20,304 [ERROR] LogOutputStream:75 - [STDERR_REDIRECT] Jun 17, 2025 10:47:20 AM java.util.prefs.FileSystemPreferences syncWorld
2025-06-17 10:47:20,304 [ERROR] LogOutputStream:75 - [STDERR_REDIRECT] WARNING: Couldn't flush system prefs: java.util.prefs.BackingStoreException: Couldn't get file lock.
2025-06-17 10:47:20,304 [ERROR] LogOutputStream:75 - [STDERR_REDIRECT] 
2025-06-17 10:47:50,305 [ERROR] LogOutputStream:75 - [STDERR_REDIRECT] Jun 17, 2025 10:47:50 AM java.util.prefs.FileSystemPreferences checkLockFile0ErrorCode
2025-06-17 10:47:50,306 [ERROR] LogOutputStream:75 - [STDERR_REDIRECT] WARNING: Could not lock System prefs. Unix error code 2.
2025-06-17 10:47:50,306 [ERROR] LogOutputStream:75 - [STDERR_REDIRECT] 
2025-06-17 10:47:50,307 [ERROR] LogOutputStream:75 - [STDERR_REDIRECT] Jun 17, 2025 10:47:50 AM java.util.prefs.FileSystemPreferences syncWorld
2025-06-17 10:47:50,307 [ERROR] LogOutputStream:75 - [STDERR_REDIRECT] WARNING: Couldn't flush system prefs: java.util.prefs.BackingStoreException: Couldn't get file lock.
2025-06-17 10:47:50,307 [ERROR] LogOutputStream:75 - [STDERR_REDIRECT] 
2025-06-17 10:48:20,305 [ERROR] LogOutputStream:75 - [STDERR_REDIRECT] Jun 17, 2025 10:48:20 AM java.util.prefs.FileSystemPreferences checkLockFile0ErrorCode
2025-06-17 10:48:20,305 [ERROR] LogOutputStream:75 - [STDERR_REDIRECT] WARNING: Could not lock System prefs. Unix error code 2.
2025-06-17 10:48:20,305 [ERROR] LogOutputStream:75 - [STDERR_REDIRECT] 
2025-06-17 10:48:20,305 [ERROR] LogOutputStream:75 - [STDERR_REDIRECT] Jun 17, 2025 10:48:20 AM java.util.prefs.FileSystemPreferences syncWorld
2025-06-17 10:48:20,305 [ERROR] LogOutputStream:75 - [STDERR_REDIRECT] WARNING: Couldn't flush system prefs: java.util.prefs.BackingStoreException: Couldn't get file lock.
2025-06-17 10:48:20,305 [ERROR] LogOutputStream:75 - [STDERR_REDIRECT] 
2025-06-17 10:48:50,306 [ERROR] LogOutputStream:75 - [STDERR_REDIRECT] Jun 17, 2025 10:48:50 AM java.util.prefs.FileSystemPreferences checkLockFile0ErrorCode
2025-06-17 10:48:50,306 [ERROR] LogOutputStream:75 - [STDERR_REDIRECT] WARNING: Could not lock System prefs. Unix error code 2.
2025-06-17 10:48:50,306 [ERROR] LogOutputStream:75 - [STDERR_REDIRECT] 
2025-06-17 10:48:50,306 [ERROR] LogOutputStream:75 - [STDERR_REDIRECT] Jun 17, 2025 10:48:50 AM java.util.prefs.FileSystemPreferences syncWorld
2025-06-17 10:48:50,306 [ERROR] LogOutputStream:75 - [STDERR_REDIRECT] WARNING: Couldn't flush system prefs: java.util.prefs.BackingStoreException: Couldn't get file lock.
2025-06-17 10:48:50,306 [ERROR] LogOutputStream:75 - [STDERR_REDIRECT] 
2025-06-17 10:49:20,308 [ERROR] LogOutputStream:75 - [STDERR_REDIRECT] Jun 17, 2025 10:49:20 AM java.util.prefs.FileSystemPreferences checkLockFile0ErrorCode
2025-06-17 10:49:20,308 [ERROR] LogOutputStream:75 - [STDERR_REDIRECT] WARNING: Could not lock System prefs. Unix error code 2.
2025-06-17 10:49:20,308 [ERROR] LogOutputStream:75 - [STDERR_REDIRECT] 
2025-06-17 10:49:20,309 [ERROR] LogOutputStream:75 - [STDERR_REDIRECT] Jun 17, 2025 10:49:20 AM java.util.prefs.FileSystemPreferences syncWorld
2025-06-17 10:49:20,309 [ERROR] LogOutputStream:75 - [STDERR_REDIRECT] WARNING: Couldn't flush system prefs: java.util.prefs.BackingStoreException: Couldn't get file lock.
2025-06-17 10:49:20,309 [ERROR] LogOutputStream:75 - [STDERR_REDIRECT] 
2025-06-17 10:49:50,308 [ERROR] LogOutputStream:75 - [STDERR_REDIRECT] Jun 17, 2025 10:49:50 AM java.util.prefs.FileSystemPreferences checkLockFile0ErrorCode
2025-06-17 10:49:50,308 [ERROR] LogOutputStream:75 - [STDERR_REDIRECT] WARNING: Could not lock System prefs. Unix error code 2.
2025-06-17 10:49:50,308 [ERROR] LogOutputStream:75 - [STDERR_REDIRECT] 
2025-06-17 10:49:50,308 [ERROR] LogOutputStream:75 - [STDERR_REDIRECT] Jun 17, 2025 10:49:50 AM java.util.prefs.FileSystemPreferences syncWorld
2025-06-17 10:49:50,308 [ERROR] LogOutputStream:75 - [STDERR_REDIRECT] WARNING: Couldn't flush system prefs: java.util.prefs.BackingStoreException: Couldn't get file lock.
2025-06-17 10:49:50,308 [ERROR] LogOutputStream:75 - [STDERR_REDIRECT] 
2025-06-17 10:50:20,308 [ERROR] LogOutputStream:75 - [STDERR_REDIRECT] Jun 17, 2025 10:50:20 AM java.util.prefs.FileSystemPreferences checkLockFile0ErrorCode
2025-06-17 10:50:20,308 [ERROR] LogOutputStream:75 - [STDERR_REDIRECT] WARNING: Could not lock System prefs. Unix error code 2.
2025-06-17 10:50:20,308 [ERROR] LogOutputStream:75 - [STDERR_REDIRECT] 
2025-06-17 10:50:20,308 [ERROR] LogOutputStream:75 - [STDERR_REDIRECT] Jun 17, 2025 10:50:20 AM java.util.prefs.FileSystemPreferences syncWorld
2025-06-17 10:50:20,308 [ERROR] LogOutputStream:75 - [STDERR_REDIRECT] WARNING: Couldn't flush system prefs: java.util.prefs.BackingStoreException: Couldn't get file lock.
2025-06-17 10:50:20,308 [ERROR] LogOutputStream:75 - [STDERR_REDIRECT] 
2025-06-17 10:50:50,307 [ERROR] LogOutputStream:75 - [STDERR_REDIRECT] Jun 17, 2025 10:50:50 AM java.util.prefs.FileSystemPreferences checkLockFile0ErrorCode
2025-06-17 10:50:50,307 [ERROR] LogOutputStream:75 - [STDERR_REDIRECT] WARNING: Could not lock System prefs. Unix error code 2.
2025-06-17 10:50:50,307 [ERROR] LogOutputStream:75 - [STDERR_REDIRECT] 
2025-06-17 10:50:50,308 [ERROR] LogOutputStream:75 - [STDERR_REDIRECT] Jun 17, 2025 10:50:50 AM java.util.prefs.FileSystemPreferences syncWorld
2025-06-17 10:50:50,308 [ERROR] LogOutputStream:75 - [STDERR_REDIRECT] WARNING: Couldn't flush system prefs: java.util.prefs.BackingStoreException: Couldn't get file lock.
2025-06-17 10:50:50,308 [ERROR] LogOutputStream:75 - [STDERR_REDIRECT] 
2025-06-17 10:51:20,307 [ERROR] LogOutputStream:75 - [STDERR_REDIRECT] Jun 17, 2025 10:51:20 AM java.util.prefs.FileSystemPreferences checkLockFile0ErrorCode
2025-06-17 10:51:20,307 [ERROR] LogOutputStream:75 - [STDERR_REDIRECT] WARNING: Could not lock System prefs. Unix error code 2.
2025-06-17 10:51:20,307 [ERROR] LogOutputStream:75 - [STDERR_REDIRECT] 
2025-06-17 10:51:20,307 [ERROR] LogOutputStream:75 - [STDERR_REDIRECT] Jun 17, 2025 10:51:20 AM java.util.prefs.FileSystemPreferences syncWorld
2025-06-17 10:51:20,307 [ERROR] LogOutputStream:75 - [STDERR_REDIRECT] WARNING: Couldn't flush system prefs: java.util.prefs.BackingStoreException: Couldn't get file lock.
2025-06-17 10:51:20,307 [ERROR] LogOutputStream:75 - [STDERR_REDIRECT] 
2025-06-17 10:51:50,308 [ERROR] LogOutputStream:75 - [STDERR_REDIRECT] Jun 17, 2025 10:51:50 AM java.util.prefs.FileSystemPreferences checkLockFile0ErrorCode
2025-06-17 10:51:50,308 [ERROR] LogOutputStream:75 - [STDERR_REDIRECT] WARNING: Could not lock System prefs. Unix error code 2.
2025-06-17 10:51:50,308 [ERROR] LogOutputStream:75 - [STDERR_REDIRECT] 
2025-06-17 10:51:50,309 [ERROR] LogOutputStream:75 - [STDERR_REDIRECT] Jun 17, 2025 10:51:50 AM java.util.prefs.FileSystemPreferences syncWorld
2025-06-17 10:51:50,309 [ERROR] LogOutputStream:75 - [STDERR_REDIRECT] WARNING: Couldn't flush system prefs: java.util.prefs.BackingStoreException: Couldn't get file lock.
2025-06-17 10:51:50,309 [ERROR] LogOutputStream:75 - [STDERR_REDIRECT] 
2025-06-17 10:52:20,308 [ERROR] LogOutputStream:75 - [STDERR_REDIRECT] Jun 17, 2025 10:52:20 AM java.util.prefs.FileSystemPreferences checkLockFile0ErrorCode
2025-06-17 10:52:20,308 [ERROR] LogOutputStream:75 - [STDERR_REDIRECT] WARNING: Could not lock System prefs. Unix error code 2.
2025-06-17 10:52:20,308 [ERROR] LogOutputStream:75 - [STDERR_REDIRECT] 
2025-06-17 10:52:20,308 [ERROR] LogOutputStream:75 - [STDERR_REDIRECT] Jun 17, 2025 10:52:20 AM java.util.prefs.FileSystemPreferences syncWorld
2025-06-17 10:52:20,308 [ERROR] LogOutputStream:75 - [STDERR_REDIRECT] WARNING: Couldn't flush system prefs: java.util.prefs.BackingStoreException: Couldn't get file lock.
2025-06-17 10:52:20,308 [ERROR] LogOutputStream:75 - [STDERR_REDIRECT] 
2025-06-17 10:52:50,309 [ERROR] LogOutputStream:75 - [STDERR_REDIRECT] Jun 17, 2025 10:52:50 AM java.util.prefs.FileSystemPreferences checkLockFile0ErrorCode
2025-06-17 10:52:50,309 [ERROR] LogOutputStream:75 - [STDERR_REDIRECT] WARNING: Could not lock System prefs. Unix error code 2.
2025-06-17 10:52:50,309 [ERROR] LogOutputStream:75 - [STDERR_REDIRECT] 
2025-06-17 10:52:50,309 [ERROR] LogOutputStream:75 - [STDERR_REDIRECT] Jun 17, 2025 10:52:50 AM java.util.prefs.FileSystemPreferences syncWorld
2025-06-17 10:52:50,310 [ERROR] LogOutputStream:75 - [STDERR_REDIRECT] WARNING: Couldn't flush system prefs: java.util.prefs.BackingStoreException: Couldn't get file lock.
2025-06-17 10:52:50,310 [ERROR] LogOutputStream:75 - [STDERR_REDIRECT] 
2025-06-17 10:53:20,309 [ERROR] LogOutputStream:75 - [STDERR_REDIRECT] Jun 17, 2025 10:53:20 AM java.util.prefs.FileSystemPreferences checkLockFile0ErrorCode
2025-06-17 10:53:20,309 [ERROR] LogOutputStream:75 - [STDERR_REDIRECT] WARNING: Could not lock System prefs. Unix error code 2.
2025-06-17 10:53:20,309 [ERROR] LogOutputStream:75 - [STDERR_REDIRECT] 
2025-06-17 10:53:20,309 [ERROR] LogOutputStream:75 - [STDERR_REDIRECT] Jun 17, 2025 10:53:20 AM java.util.prefs.FileSystemPreferences syncWorld
2025-06-17 10:53:20,309 [ERROR] LogOutputStream:75 - [STDERR_REDIRECT] WARNING: Couldn't flush system prefs: java.util.prefs.BackingStoreException: Couldn't get file lock.
2025-06-17 10:53:20,309 [ERROR] LogOutputStream:75 - [STDERR_REDIRECT] 
2025-06-17 10:53:50,309 [ERROR] LogOutputStream:75 - [STDERR_REDIRECT] Jun 17, 2025 10:53:50 AM java.util.prefs.FileSystemPreferences checkLockFile0ErrorCode
2025-06-17 10:53:50,309 [ERROR] LogOutputStream:75 - [STDERR_REDIRECT] WARNING: Could not lock System prefs. Unix error code 2.
2025-06-17 10:53:50,309 [ERROR] LogOutputStream:75 - [STDERR_REDIRECT] 
2025-06-17 10:53:50,310 [ERROR] LogOutputStream:75 - [STDERR_REDIRECT] Jun 17, 2025 10:53:50 AM java.util.prefs.FileSystemPreferences syncWorld
2025-06-17 10:53:50,310 [ERROR] LogOutputStream:75 - [STDERR_REDIRECT] WARNING: Couldn't flush system prefs: java.util.prefs.BackingStoreException: Couldn't get file lock.
2025-06-17 10:53:50,310 [ERROR] LogOutputStream:75 - [STDERR_REDIRECT] 
2025-06-17 10:54:20,309 [ERROR] LogOutputStream:75 - [STDERR_REDIRECT] Jun 17, 2025 10:54:20 AM java.util.prefs.FileSystemPreferences checkLockFile0ErrorCode
2025-06-17 10:54:20,310 [ERROR] LogOutputStream:75 - [STDERR_REDIRECT] WARNING: Could not lock System prefs. Unix error code 2.
2025-06-17 10:54:20,310 [ERROR] LogOutputStream:75 - [STDERR_REDIRECT] 
2025-06-17 10:54:20,310 [ERROR] LogOutputStream:75 - [STDERR_REDIRECT] Jun 17, 2025 10:54:20 AM java.util.prefs.FileSystemPreferences syncWorld
2025-06-17 10:54:20,310 [ERROR] LogOutputStream:75 - [STDERR_REDIRECT] WARNING: Couldn't flush system prefs: java.util.prefs.BackingStoreException: Couldn't get file lock.
2025-06-17 10:54:20,310 [ERROR] LogOutputStream:75 - [STDERR_REDIRECT] 
2025-06-17 10:54:50,310 [ERROR] LogOutputStream:75 - [STDERR_REDIRECT] Jun 17, 2025 10:54:50 AM java.util.prefs.FileSystemPreferences checkLockFile0ErrorCode
2025-06-17 10:54:50,310 [ERROR] LogOutputStream:75 - [STDERR_REDIRECT] WARNING: Could not lock System prefs. Unix error code 2.
2025-06-17 10:54:50,310 [ERROR] LogOutputStream:75 - [STDERR_REDIRECT] 
2025-06-17 10:54:50,310 [ERROR] LogOutputStream:75 - [STDERR_REDIRECT] Jun 17, 2025 10:54:50 AM java.util.prefs.FileSystemPreferences syncWorld
2025-06-17 10:54:50,311 [ERROR] LogOutputStream:75 - [STDERR_REDIRECT] WARNING: Couldn't flush system prefs: java.util.prefs.BackingStoreException: Couldn't get file lock.
2025-06-17 10:54:50,311 [ERROR] LogOutputStream:75 - [STDERR_REDIRECT] 
2025-06-17 10:55:20,310 [ERROR] LogOutputStream:75 - [STDERR_REDIRECT] Jun 17, 2025 10:55:20 AM java.util.prefs.FileSystemPreferences checkLockFile0ErrorCode
2025-06-17 10:55:20,311 [ERROR] LogOutputStream:75 - [STDERR_REDIRECT] WARNING: Could not lock System prefs. Unix error code 2.
2025-06-17 10:55:20,311 [ERROR] LogOutputStream:75 - [STDERR_REDIRECT] 
2025-06-17 10:55:20,311 [ERROR] LogOutputStream:75 - [STDERR_REDIRECT] Jun 17, 2025 10:55:20 AM java.util.prefs.FileSystemPreferences syncWorld
2025-06-17 10:55:20,311 [ERROR] LogOutputStream:75 - [STDERR_REDIRECT] WARNING: Couldn't flush system prefs: java.util.prefs.BackingStoreException: Couldn't get file lock.
2025-06-17 10:55:20,311 [ERROR] LogOutputStream:75 - [STDERR_REDIRECT] 
2025-06-17 10:55:50,311 [ERROR] LogOutputStream:75 - [STDERR_REDIRECT] Jun 17, 2025 10:55:50 AM java.util.prefs.FileSystemPreferences checkLockFile0ErrorCode
2025-06-17 10:55:50,311 [ERROR] LogOutputStream:75 - [STDERR_REDIRECT] WARNING: Could not lock System prefs. Unix error code 2.
2025-06-17 10:55:50,311 [ERROR] LogOutputStream:75 - [STDERR_REDIRECT] 
2025-06-17 10:55:50,312 [ERROR] LogOutputStream:75 - [STDERR_REDIRECT] Jun 17, 2025 10:55:50 AM java.util.prefs.FileSystemPreferences syncWorld
2025-06-17 10:55:50,312 [ERROR] LogOutputStream:75 - [STDERR_REDIRECT] WARNING: Couldn't flush system prefs: java.util.prefs.BackingStoreException: Couldn't get file lock.
2025-06-17 10:55:50,312 [ERROR] LogOutputStream:75 - [STDERR_REDIRECT] 
2025-06-17 10:56:20,311 [ERROR] LogOutputStream:75 - [STDERR_REDIRECT] Jun 17, 2025 10:56:20 AM java.util.prefs.FileSystemPreferences checkLockFile0ErrorCode
2025-06-17 10:56:20,311 [ERROR] LogOutputStream:75 - [STDERR_REDIRECT] WARNING: Could not lock System prefs. Unix error code 2.
2025-06-17 10:56:20,311 [ERROR] LogOutputStream:75 - [STDERR_REDIRECT] 
2025-06-17 10:56:20,311 [ERROR] LogOutputStream:75 - [STDERR_REDIRECT] Jun 17, 2025 10:56:20 AM java.util.prefs.FileSystemPreferences syncWorld
2025-06-17 10:56:20,311 [ERROR] LogOutputStream:75 - [STDERR_REDIRECT] WARNING: Couldn't flush system prefs: java.util.prefs.BackingStoreException: Couldn't get file lock.
2025-06-17 10:56:20,311 [ERROR] LogOutputStream:75 - [STDERR_REDIRECT] 
2025-06-17 10:56:50,311 [ERROR] LogOutputStream:75 - [STDERR_REDIRECT] Jun 17, 2025 10:56:50 AM java.util.prefs.FileSystemPreferences checkLockFile0ErrorCode
2025-06-17 10:56:50,312 [ERROR] LogOutputStream:75 - [STDERR_REDIRECT] WARNING: Could not lock System prefs. Unix error code 2.
2025-06-17 10:56:50,312 [ERROR] LogOutputStream:75 - [STDERR_REDIRECT] 
2025-06-17 10:56:50,312 [ERROR] LogOutputStream:75 - [STDERR_REDIRECT] Jun 17, 2025 10:56:50 AM java.util.prefs.FileSystemPreferences syncWorld
2025-06-17 10:56:50,312 [ERROR] LogOutputStream:75 - [STDERR_REDIRECT] WARNING: Couldn't flush system prefs: java.util.prefs.BackingStoreException: Couldn't get file lock.
2025-06-17 10:56:50,312 [ERROR] LogOutputStream:75 - [STDERR_REDIRECT] 
2025-06-17 10:57:20,311 [ERROR] LogOutputStream:75 - [STDERR_REDIRECT] Jun 17, 2025 10:57:20 AM java.util.prefs.FileSystemPreferences checkLockFile0ErrorCode
2025-06-17 10:57:20,311 [ERROR] LogOutputStream:75 - [STDERR_REDIRECT] WARNING: Could not lock System prefs. Unix error code 2.
2025-06-17 10:57:20,311 [ERROR] LogOutputStream:75 - [STDERR_REDIRECT] 
2025-06-17 10:57:20,312 [ERROR] LogOutputStream:75 - [STDERR_REDIRECT] Jun 17, 2025 10:57:20 AM java.util.prefs.FileSystemPreferences syncWorld
2025-06-17 10:57:20,312 [ERROR] LogOutputStream:75 - [STDERR_REDIRECT] WARNING: Couldn't flush system prefs: java.util.prefs.BackingStoreException: Couldn't get file lock.
2025-06-17 10:57:20,312 [ERROR] LogOutputStream:75 - [STDERR_REDIRECT] 
2025-06-17 10:57:50,310 [ERROR] LogOutputStream:75 - [STDERR_REDIRECT] Jun 17, 2025 10:57:50 AM java.util.prefs.FileSystemPreferences checkLockFile0ErrorCode
2025-06-17 10:57:50,310 [ERROR] LogOutputStream:75 - [STDERR_REDIRECT] WARNING: Could not lock System prefs. Unix error code 2.
2025-06-17 10:57:50,310 [ERROR] LogOutputStream:75 - [STDERR_REDIRECT] 
2025-06-17 10:57:50,310 [ERROR] LogOutputStream:75 - [STDERR_REDIRECT] Jun 17, 2025 10:57:50 AM java.util.prefs.FileSystemPreferences syncWorld
2025-06-17 10:57:50,310 [ERROR] LogOutputStream:75 - [STDERR_REDIRECT] WARNING: Couldn't flush system prefs: java.util.prefs.BackingStoreException: Couldn't get file lock.
2025-06-17 10:57:50,310 [ERROR] LogOutputStream:75 - [STDERR_REDIRECT] 
2025-06-17 10:58:20,311 [ERROR] LogOutputStream:75 - [STDERR_REDIRECT] Jun 17, 2025 10:58:20 AM java.util.prefs.FileSystemPreferences checkLockFile0ErrorCode
2025-06-17 10:58:20,311 [ERROR] LogOutputStream:75 - [STDERR_REDIRECT] WARNING: Could not lock System prefs. Unix error code 2.
2025-06-17 10:58:20,311 [ERROR] LogOutputStream:75 - [STDERR_REDIRECT] 
2025-06-17 10:58:20,312 [ERROR] LogOutputStream:75 - [STDERR_REDIRECT] Jun 17, 2025 10:58:20 AM java.util.prefs.FileSystemPreferences syncWorld
2025-06-17 10:58:20,312 [ERROR] LogOutputStream:75 - [STDERR_REDIRECT] WARNING: Couldn't flush system prefs: java.util.prefs.BackingStoreException: Couldn't get file lock.
2025-06-17 10:58:20,312 [ERROR] LogOutputStream:75 - [STDERR_REDIRECT] 
2025-06-17 10:58:50,311 [ERROR] LogOutputStream:75 - [STDERR_REDIRECT] Jun 17, 2025 10:58:50 AM java.util.prefs.FileSystemPreferences checkLockFile0ErrorCode
2025-06-17 10:58:50,311 [ERROR] LogOutputStream:75 - [STDERR_REDIRECT] WARNING: Could not lock System prefs. Unix error code 2.
2025-06-17 10:58:50,311 [ERROR] LogOutputStream:75 - [STDERR_REDIRECT] 
2025-06-17 10:58:50,312 [ERROR] LogOutputStream:75 - [STDERR_REDIRECT] Jun 17, 2025 10:58:50 AM java.util.prefs.FileSystemPreferences syncWorld
2025-06-17 10:58:50,312 [ERROR] LogOutputStream:75 - [STDERR_REDIRECT] WARNING: Couldn't flush system prefs: java.util.prefs.BackingStoreException: Couldn't get file lock.
2025-06-17 10:58:50,312 [ERROR] LogOutputStream:75 - [STDERR_REDIRECT] 
2025-06-17 10:59:20,312 [ERROR] LogOutputStream:75 - [STDERR_REDIRECT] Jun 17, 2025 10:59:20 AM java.util.prefs.FileSystemPreferences checkLockFile0ErrorCode
2025-06-17 10:59:20,312 [ERROR] LogOutputStream:75 - [STDERR_REDIRECT] WARNING: Could not lock System prefs. Unix error code 2.
2025-06-17 10:59:20,312 [ERROR] LogOutputStream:75 - [STDERR_REDIRECT] 
2025-06-17 10:59:20,313 [ERROR] LogOutputStream:75 - [STDERR_REDIRECT] Jun 17, 2025 10:59:20 AM java.util.prefs.FileSystemPreferences syncWorld
2025-06-17 10:59:20,313 [ERROR] LogOutputStream:75 - [STDERR_REDIRECT] WARNING: Couldn't flush system prefs: java.util.prefs.BackingStoreException: Couldn't get file lock.
2025-06-17 10:59:20,313 [ERROR] LogOutputStream:75 - [STDERR_REDIRECT] 
2025-06-17 10:59:50,311 [ERROR] LogOutputStream:75 - [STDERR_REDIRECT] Jun 17, 2025 10:59:50 AM java.util.prefs.FileSystemPreferences checkLockFile0ErrorCode
2025-06-17 10:59:50,311 [ERROR] LogOutputStream:75 - [STDERR_REDIRECT] WARNING: Could not lock System prefs. Unix error code 2.
2025-06-17 10:59:50,312 [ERROR] LogOutputStream:75 - [STDERR_REDIRECT] 
2025-06-17 10:59:50,312 [ERROR] LogOutputStream:75 - [STDERR_REDIRECT] Jun 17, 2025 10:59:50 AM java.util.prefs.FileSystemPreferences syncWorld
2025-06-17 10:59:50,312 [ERROR] LogOutputStream:75 - [STDERR_REDIRECT] WARNING: Couldn't flush system prefs: java.util.prefs.BackingStoreException: Couldn't get file lock.
2025-06-17 10:59:50,312 [ERROR] LogOutputStream:75 - [STDERR_REDIRECT] 
2025-06-17 11:00:20,312 [ERROR] LogOutputStream:75 - [STDERR_REDIRECT] Jun 17, 2025 11:00:20 AM java.util.prefs.FileSystemPreferences checkLockFile0ErrorCode
2025-06-17 11:00:20,312 [ERROR] LogOutputStream:75 - [STDERR_REDIRECT] WARNING: Could not lock System prefs. Unix error code 2.
2025-06-17 11:00:20,313 [ERROR] LogOutputStream:75 - [STDERR_REDIRECT] 
2025-06-17 11:00:20,313 [ERROR] LogOutputStream:75 - [STDERR_REDIRECT] Jun 17, 2025 11:00:20 AM java.util.prefs.FileSystemPreferences syncWorld
2025-06-17 11:00:20,314 [ERROR] LogOutputStream:75 - [STDERR_REDIRECT] WARNING: Couldn't flush system prefs: java.util.prefs.BackingStoreException: Couldn't get file lock.
2025-06-17 11:00:20,314 [ERROR] LogOutputStream:75 - [STDERR_REDIRECT] 
2025-06-17 11:00:50,310 [ERROR] LogOutputStream:75 - [STDERR_REDIRECT] Jun 17, 2025 11:00:50 AM java.util.prefs.FileSystemPreferences checkLockFile0ErrorCode
2025-06-17 11:00:50,311 [ERROR] LogOutputStream:75 - [STDERR_REDIRECT] WARNING: Could not lock System prefs. Unix error code 2.
2025-06-17 11:00:50,311 [ERROR] LogOutputStream:75 - [STDERR_REDIRECT] 
2025-06-17 11:00:50,311 [ERROR] LogOutputStream:75 - [STDERR_REDIRECT] Jun 17, 2025 11:00:50 AM java.util.prefs.FileSystemPreferences syncWorld
2025-06-17 11:00:50,311 [ERROR] LogOutputStream:75 - [STDERR_REDIRECT] WARNING: Couldn't flush system prefs: java.util.prefs.BackingStoreException: Couldn't get file lock.
2025-06-17 11:00:50,311 [ERROR] LogOutputStream:75 - [STDERR_REDIRECT] 
2025-06-17 11:01:20,311 [ERROR] LogOutputStream:75 - [STDERR_REDIRECT] Jun 17, 2025 11:01:20 AM java.util.prefs.FileSystemPreferences checkLockFile0ErrorCode
2025-06-17 11:01:20,311 [ERROR] LogOutputStream:75 - [STDERR_REDIRECT] WARNING: Could not lock System prefs. Unix error code 2.
2025-06-17 11:01:20,311 [ERROR] LogOutputStream:75 - [STDERR_REDIRECT] 
2025-06-17 11:01:20,312 [ERROR] LogOutputStream:75 - [STDERR_REDIRECT] Jun 17, 2025 11:01:20 AM java.util.prefs.FileSystemPreferences syncWorld
2025-06-17 11:01:20,312 [ERROR] LogOutputStream:75 - [STDERR_REDIRECT] WARNING: Couldn't flush system prefs: java.util.prefs.BackingStoreException: Couldn't get file lock.
2025-06-17 11:01:20,312 [ERROR] LogOutputStream:75 - [STDERR_REDIRECT] 
2025-06-17 11:01:50,311 [ERROR] LogOutputStream:75 - [STDERR_REDIRECT] Jun 17, 2025 11:01:50 AM java.util.prefs.FileSystemPreferences checkLockFile0ErrorCode
2025-06-17 11:01:50,311 [ERROR] LogOutputStream:75 - [STDERR_REDIRECT] WARNING: Could not lock System prefs. Unix error code 2.
2025-06-17 11:01:50,311 [ERROR] LogOutputStream:75 - [STDERR_REDIRECT] 
2025-06-17 11:01:50,311 [ERROR] LogOutputStream:75 - [STDERR_REDIRECT] Jun 17, 2025 11:01:50 AM java.util.prefs.FileSystemPreferences syncWorld
2025-06-17 11:01:50,311 [ERROR] LogOutputStream:75 - [STDERR_REDIRECT] WARNING: Couldn't flush system prefs: java.util.prefs.BackingStoreException: Couldn't get file lock.
2025-06-17 11:01:50,311 [ERROR] LogOutputStream:75 - [STDERR_REDIRECT] 
2025-06-17 11:02:20,311 [ERROR] LogOutputStream:75 - [STDERR_REDIRECT] Jun 17, 2025 11:02:20 AM java.util.prefs.FileSystemPreferences checkLockFile0ErrorCode
2025-06-17 11:02:20,312 [ERROR] LogOutputStream:75 - [STDERR_REDIRECT] WARNING: Could not lock System prefs. Unix error code 2.
2025-06-17 11:02:20,312 [ERROR] LogOutputStream:75 - [STDERR_REDIRECT] 
2025-06-17 11:02:20,312 [ERROR] LogOutputStream:75 - [STDERR_REDIRECT] Jun 17, 2025 11:02:20 AM java.util.prefs.FileSystemPreferences syncWorld
2025-06-17 11:02:20,312 [ERROR] LogOutputStream:75 - [STDERR_REDIRECT] WARNING: Couldn't flush system prefs: java.util.prefs.BackingStoreException: Couldn't get file lock.
2025-06-17 11:02:20,312 [ERROR] LogOutputStream:75 - [STDERR_REDIRECT] 
2025-06-17 11:02:50,313 [ERROR] LogOutputStream:75 - [STDERR_REDIRECT] Jun 17, 2025 11:02:50 AM java.util.prefs.FileSystemPreferences checkLockFile0ErrorCode
2025-06-17 11:02:50,313 [ERROR] LogOutputStream:75 - [STDERR_REDIRECT] WARNING: Could not lock System prefs. Unix error code 2.
2025-06-17 11:02:50,313 [ERROR] LogOutputStream:75 - [STDERR_REDIRECT] 
2025-06-17 11:02:50,313 [ERROR] LogOutputStream:75 - [STDERR_REDIRECT] Jun 17, 2025 11:02:50 AM java.util.prefs.FileSystemPreferences syncWorld
2025-06-17 11:02:50,313 [ERROR] LogOutputStream:75 - [STDERR_REDIRECT] WARNING: Couldn't flush system prefs: java.util.prefs.BackingStoreException: Couldn't get file lock.
2025-06-17 11:02:50,314 [ERROR] LogOutputStream:75 - [STDERR_REDIRECT] 
2025-06-17 11:03:20,312 [ERROR] LogOutputStream:75 - [STDERR_REDIRECT] Jun 17, 2025 11:03:20 AM java.util.prefs.FileSystemPreferences checkLockFile0ErrorCode
2025-06-17 11:03:20,313 [ERROR] LogOutputStream:75 - [STDERR_REDIRECT] WARNING: Could not lock System prefs. Unix error code 2.
2025-06-17 11:03:20,313 [ERROR] LogOutputStream:75 - [STDERR_REDIRECT] 
2025-06-17 11:03:20,313 [ERROR] LogOutputStream:75 - [STDERR_REDIRECT] Jun 17, 2025 11:03:20 AM java.util.prefs.FileSystemPreferences syncWorld
2025-06-17 11:03:20,313 [ERROR] LogOutputStream:75 - [STDERR_REDIRECT] WARNING: Couldn't flush system prefs: java.util.prefs.BackingStoreException: Couldn't get file lock.
2025-06-17 11:03:20,314 [ERROR] LogOutputStream:75 - [STDERR_REDIRECT] 
2025-06-17 11:03:50,313 [ERROR] LogOutputStream:75 - [STDERR_REDIRECT] Jun 17, 2025 11:03:50 AM java.util.prefs.FileSystemPreferences checkLockFile0ErrorCode
2025-06-17 11:03:50,313 [ERROR] LogOutputStream:75 - [STDERR_REDIRECT] WARNING: Could not lock System prefs. Unix error code 2.
2025-06-17 11:03:50,313 [ERROR] LogOutputStream:75 - [STDERR_REDIRECT] 
2025-06-17 11:03:50,314 [ERROR] LogOutputStream:75 - [STDERR_REDIRECT] Jun 17, 2025 11:03:50 AM java.util.prefs.FileSystemPreferences syncWorld
2025-06-17 11:03:50,314 [ERROR] LogOutputStream:75 - [STDERR_REDIRECT] WARNING: Couldn't flush system prefs: java.util.prefs.BackingStoreException: Couldn't get file lock.
2025-06-17 11:03:50,314 [ERROR] LogOutputStream:75 - [STDERR_REDIRECT] 
2025-06-17 11:04:20,313 [ERROR] LogOutputStream:75 - [STDERR_REDIRECT] Jun 17, 2025 11:04:20 AM java.util.prefs.FileSystemPreferences checkLockFile0ErrorCode
2025-06-17 11:04:20,313 [ERROR] LogOutputStream:75 - [STDERR_REDIRECT] WARNING: Could not lock System prefs. Unix error code 2.
2025-06-17 11:04:20,313 [ERROR] LogOutputStream:75 - [STDERR_REDIRECT] 
2025-06-17 11:04:20,314 [ERROR] LogOutputStream:75 - [STDERR_REDIRECT] Jun 17, 2025 11:04:20 AM java.util.prefs.FileSystemPreferences syncWorld
2025-06-17 11:04:20,314 [ERROR] LogOutputStream:75 - [STDERR_REDIRECT] WARNING: Couldn't flush system prefs: java.util.prefs.BackingStoreException: Couldn't get file lock.
2025-06-17 11:04:20,314 [ERROR] LogOutputStream:75 - [STDERR_REDIRECT] 
2025-06-17 11:04:50,313 [ERROR] LogOutputStream:75 - [STDERR_REDIRECT] Jun 17, 2025 11:04:50 AM java.util.prefs.FileSystemPreferences checkLockFile0ErrorCode
2025-06-17 11:04:50,313 [ERROR] LogOutputStream:75 - [STDERR_REDIRECT] WARNING: Could not lock System prefs. Unix error code 2.
2025-06-17 11:04:50,313 [ERROR] LogOutputStream:75 - [STDERR_REDIRECT] 
2025-06-17 11:04:50,314 [ERROR] LogOutputStream:75 - [STDERR_REDIRECT] Jun 17, 2025 11:04:50 AM java.util.prefs.FileSystemPreferences syncWorld
2025-06-17 11:04:50,314 [ERROR] LogOutputStream:75 - [STDERR_REDIRECT] WARNING: Couldn't flush system prefs: java.util.prefs.BackingStoreException: Couldn't get file lock.
2025-06-17 11:04:50,314 [ERROR] LogOutputStream:75 - [STDERR_REDIRECT] 
2025-06-17 11:05:20,882 [ERROR] LogOutputStream:75 - [STDERR_REDIRECT] Jun 17, 2025 11:05:20 AM java.util.prefs.FileSystemPreferences checkLockFile0ErrorCode
2025-06-17 11:05:20,882 [ERROR] LogOutputStream:75 - [STDERR_REDIRECT] WARNING: Could not lock System prefs. Unix error code 2.
2025-06-17 11:05:20,883 [ERROR] LogOutputStream:75 - [STDERR_REDIRECT] 
2025-06-17 11:05:20,883 [ERROR] LogOutputStream:75 - [STDERR_REDIRECT] Jun 17, 2025 11:05:20 AM java.util.prefs.FileSystemPreferences syncWorld
2025-06-17 11:05:20,883 [ERROR] LogOutputStream:75 - [STDERR_REDIRECT] WARNING: Couldn't flush system prefs: java.util.prefs.BackingStoreException: Couldn't get file lock.
2025-06-17 11:05:20,883 [ERROR] LogOutputStream:75 - [STDERR_REDIRECT] 
2025-06-17 11:05:50,880 [ERROR] LogOutputStream:75 - [STDERR_REDIRECT] Jun 17, 2025 11:05:50 AM java.util.prefs.FileSystemPreferences checkLockFile0ErrorCode
2025-06-17 11:05:50,881 [ERROR] LogOutputStream:75 - [STDERR_REDIRECT] WARNING: Could not lock System prefs. Unix error code 2.
2025-06-17 11:05:50,881 [ERROR] LogOutputStream:75 - [STDERR_REDIRECT] 
2025-06-17 11:05:50,881 [ERROR] LogOutputStream:75 - [STDERR_REDIRECT] Jun 17, 2025 11:05:50 AM java.util.prefs.FileSystemPreferences syncWorld
2025-06-17 11:05:50,881 [ERROR] LogOutputStream:75 - [STDERR_REDIRECT] WARNING: Couldn't flush system prefs: java.util.prefs.BackingStoreException: Couldn't get file lock.
2025-06-17 11:05:50,881 [ERROR] LogOutputStream:75 - [STDERR_REDIRECT] 
2025-06-17 11:06:20,880 [ERROR] LogOutputStream:75 - [STDERR_REDIRECT] Jun 17, 2025 11:06:20 AM java.util.prefs.FileSystemPreferences checkLockFile0ErrorCode
2025-06-17 11:06:20,880 [ERROR] LogOutputStream:75 - [STDERR_REDIRECT] WARNING: Could not lock System prefs. Unix error code 2.
2025-06-17 11:06:20,880 [ERROR] LogOutputStream:75 - [STDERR_REDIRECT] 
2025-06-17 11:06:20,880 [ERROR] LogOutputStream:75 - [STDERR_REDIRECT] Jun 17, 2025 11:06:20 AM java.util.prefs.FileSystemPreferences syncWorld
2025-06-17 11:06:20,880 [ERROR] LogOutputStream:75 - [STDERR_REDIRECT] WARNING: Couldn't flush system prefs: java.util.prefs.BackingStoreException: Couldn't get file lock.
2025-06-17 11:06:20,880 [ERROR] LogOutputStream:75 - [STDERR_REDIRECT] 
2025-06-17 11:06:50,880 [ERROR] LogOutputStream:75 - [STDERR_REDIRECT] Jun 17, 2025 11:06:50 AM java.util.prefs.FileSystemPreferences checkLockFile0ErrorCode
2025-06-17 11:06:50,881 [ERROR] LogOutputStream:75 - [STDERR_REDIRECT] WARNING: Could not lock System prefs. Unix error code 2.
2025-06-17 11:06:50,881 [ERROR] LogOutputStream:75 - [STDERR_REDIRECT] 
2025-06-17 11:06:50,881 [ERROR] LogOutputStream:75 - [STDERR_REDIRECT] Jun 17, 2025 11:06:50 AM java.util.prefs.FileSystemPreferences syncWorld
2025-06-17 11:06:50,881 [ERROR] LogOutputStream:75 - [STDERR_REDIRECT] WARNING: Couldn't flush system prefs: java.util.prefs.BackingStoreException: Couldn't get file lock.
2025-06-17 11:06:50,881 [ERROR] LogOutputStream:75 - [STDERR_REDIRECT] 
2025-06-17 11:07:20,880 [ERROR] LogOutputStream:75 - [STDERR_REDIRECT] Jun 17, 2025 11:07:20 AM java.util.prefs.FileSystemPreferences checkLockFile0ErrorCode
2025-06-17 11:07:20,880 [ERROR] LogOutputStream:75 - [STDERR_REDIRECT] WARNING: Could not lock System prefs. Unix error code 2.
2025-06-17 11:07:20,881 [ERROR] LogOutputStream:75 - [STDERR_REDIRECT] 
2025-06-17 11:07:20,881 [ERROR] LogOutputStream:75 - [STDERR_REDIRECT] Jun 17, 2025 11:07:20 AM java.util.prefs.FileSystemPreferences syncWorld
2025-06-17 11:07:20,881 [ERROR] LogOutputStream:75 - [STDERR_REDIRECT] WARNING: Couldn't flush system prefs: java.util.prefs.BackingStoreException: Couldn't get file lock.
2025-06-17 11:07:20,881 [ERROR] LogOutputStream:75 - [STDERR_REDIRECT] 
2025-06-17 11:07:50,880 [ERROR] LogOutputStream:75 - [STDERR_REDIRECT] Jun 17, 2025 11:07:50 AM java.util.prefs.FileSystemPreferences checkLockFile0ErrorCode
2025-06-17 11:07:50,880 [ERROR] LogOutputStream:75 - [STDERR_REDIRECT] WARNING: Could not lock System prefs. Unix error code 2.
2025-06-17 11:07:50,880 [ERROR] LogOutputStream:75 - [STDERR_REDIRECT] 
2025-06-17 11:07:50,880 [ERROR] LogOutputStream:75 - [STDERR_REDIRECT] Jun 17, 2025 11:07:50 AM java.util.prefs.FileSystemPreferences syncWorld
2025-06-17 11:07:50,880 [ERROR] LogOutputStream:75 - [STDERR_REDIRECT] WARNING: Couldn't flush system prefs: java.util.prefs.BackingStoreException: Couldn't get file lock.
2025-06-17 11:07:50,880 [ERROR] LogOutputStream:75 - [STDERR_REDIRECT] 
2025-06-17 11:08:20,880 [ERROR] LogOutputStream:75 - [STDERR_REDIRECT] Jun 17, 2025 11:08:20 AM java.util.prefs.FileSystemPreferences checkLockFile0ErrorCode
2025-06-17 11:08:20,881 [ERROR] LogOutputStream:75 - [STDERR_REDIRECT] WARNING: Could not lock System prefs. Unix error code 2.
2025-06-17 11:08:20,881 [ERROR] LogOutputStream:75 - [STDERR_REDIRECT] 
2025-06-17 11:08:20,881 [ERROR] LogOutputStream:75 - [STDERR_REDIRECT] Jun 17, 2025 11:08:20 AM java.util.prefs.FileSystemPreferences syncWorld
2025-06-17 11:08:20,881 [ERROR] LogOutputStream:75 - [STDERR_REDIRECT] WARNING: Couldn't flush system prefs: java.util.prefs.BackingStoreException: Couldn't get file lock.
2025-06-17 11:08:20,881 [ERROR] LogOutputStream:75 - [STDERR_REDIRECT] 
2025-06-17 11:08:50,881 [ERROR] LogOutputStream:75 - [STDERR_REDIRECT] Jun 17, 2025 11:08:50 AM java.util.prefs.FileSystemPreferences checkLockFile0ErrorCode
2025-06-17 11:08:50,881 [ERROR] LogOutputStream:75 - [STDERR_REDIRECT] WARNING: Could not lock System prefs. Unix error code 2.
2025-06-17 11:08:50,881 [ERROR] LogOutputStream:75 - [STDERR_REDIRECT] 
2025-06-17 11:08:50,881 [ERROR] LogOutputStream:75 - [STDERR_REDIRECT] Jun 17, 2025 11:08:50 AM java.util.prefs.FileSystemPreferences syncWorld
2025-06-17 11:08:50,881 [ERROR] LogOutputStream:75 - [STDERR_REDIRECT] WARNING: Couldn't flush system prefs: java.util.prefs.BackingStoreException: Couldn't get file lock.
2025-06-17 11:08:50,881 [ERROR] LogOutputStream:75 - [STDERR_REDIRECT] 
2025-06-17 11:09:20,880 [ERROR] LogOutputStream:75 - [STDERR_REDIRECT] Jun 17, 2025 11:09:20 AM java.util.prefs.FileSystemPreferences checkLockFile0ErrorCode
2025-06-17 11:09:20,880 [ERROR] LogOutputStream:75 - [STDERR_REDIRECT] WARNING: Could not lock System prefs. Unix error code 2.
2025-06-17 11:09:20,880 [ERROR] LogOutputStream:75 - [STDERR_REDIRECT] 
2025-06-17 11:09:20,880 [ERROR] LogOutputStream:75 - [STDERR_REDIRECT] Jun 17, 2025 11:09:20 AM java.util.prefs.FileSystemPreferences syncWorld
2025-06-17 11:09:20,880 [ERROR] LogOutputStream:75 - [STDERR_REDIRECT] WARNING: Couldn't flush system prefs: java.util.prefs.BackingStoreException: Couldn't get file lock.
2025-06-17 11:09:20,880 [ERROR] LogOutputStream:75 - [STDERR_REDIRECT] 
2025-06-17 11:09:50,880 [ERROR] LogOutputStream:75 - [STDERR_REDIRECT] Jun 17, 2025 11:09:50 AM java.util.prefs.FileSystemPreferences checkLockFile0ErrorCode
2025-06-17 11:09:50,880 [ERROR] LogOutputStream:75 - [STDERR_REDIRECT] WARNING: Could not lock System prefs. Unix error code 2.
2025-06-17 11:09:50,880 [ERROR] LogOutputStream:75 - [STDERR_REDIRECT] 
2025-06-17 11:09:50,880 [ERROR] LogOutputStream:75 - [STDERR_REDIRECT] Jun 17, 2025 11:09:50 AM java.util.prefs.FileSystemPreferences syncWorld
2025-06-17 11:09:50,880 [ERROR] LogOutputStream:75 - [STDERR_REDIRECT] WARNING: Couldn't flush system prefs: java.util.prefs.BackingStoreException: Couldn't get file lock.
2025-06-17 11:09:50,880 [ERROR] LogOutputStream:75 - [STDERR_REDIRECT] 
2025-06-17 11:10:20,882 [ERROR] LogOutputStream:75 - [STDERR_REDIRECT] Jun 17, 2025 11:10:20 AM java.util.prefs.FileSystemPreferences checkLockFile0ErrorCode
2025-06-17 11:10:20,882 [ERROR] LogOutputStream:75 - [STDERR_REDIRECT] WARNING: Could not lock System prefs. Unix error code 2.
2025-06-17 11:10:20,882 [ERROR] LogOutputStream:75 - [STDERR_REDIRECT] 
2025-06-17 11:10:20,882 [ERROR] LogOutputStream:75 - [STDERR_REDIRECT] Jun 17, 2025 11:10:20 AM java.util.prefs.FileSystemPreferences syncWorld
2025-06-17 11:10:20,882 [ERROR] LogOutputStream:75 - [STDERR_REDIRECT] WARNING: Couldn't flush system prefs: java.util.prefs.BackingStoreException: Couldn't get file lock.
2025-06-17 11:10:20,882 [ERROR] LogOutputStream:75 - [STDERR_REDIRECT] 
2025-06-17 11:10:50,880 [ERROR] LogOutputStream:75 - [STDERR_REDIRECT] Jun 17, 2025 11:10:50 AM java.util.prefs.FileSystemPreferences checkLockFile0ErrorCode
2025-06-17 11:10:50,880 [ERROR] LogOutputStream:75 - [STDERR_REDIRECT] WARNING: Could not lock System prefs. Unix error code 2.
2025-06-17 11:10:50,880 [ERROR] LogOutputStream:75 - [STDERR_REDIRECT] 
2025-06-17 11:10:50,880 [ERROR] LogOutputStream:75 - [STDERR_REDIRECT] Jun 17, 2025 11:10:50 AM java.util.prefs.FileSystemPreferences syncWorld
2025-06-17 11:10:50,880 [ERROR] LogOutputStream:75 - [STDERR_REDIRECT] WARNING: Couldn't flush system prefs: java.util.prefs.BackingStoreException: Couldn't get file lock.
2025-06-17 11:10:50,880 [ERROR] LogOutputStream:75 - [STDERR_REDIRECT] 
2025-06-17 11:11:20,881 [ERROR] LogOutputStream:75 - [STDERR_REDIRECT] Jun 17, 2025 11:11:20 AM java.util.prefs.FileSystemPreferences checkLockFile0ErrorCode
2025-06-17 11:11:20,882 [ERROR] LogOutputStream:75 - [STDERR_REDIRECT] WARNING: Could not lock System prefs. Unix error code 2.
2025-06-17 11:11:20,882 [ERROR] LogOutputStream:75 - [STDERR_REDIRECT] 
2025-06-17 11:11:20,882 [ERROR] LogOutputStream:75 - [STDERR_REDIRECT] Jun 17, 2025 11:11:20 AM java.util.prefs.FileSystemPreferences syncWorld
2025-06-17 11:11:20,882 [ERROR] LogOutputStream:75 - [STDERR_REDIRECT] WARNING: Couldn't flush system prefs: java.util.prefs.BackingStoreException: Couldn't get file lock.
2025-06-17 11:11:20,882 [ERROR] LogOutputStream:75 - [STDERR_REDIRECT] 
2025-06-17 11:11:50,882 [ERROR] LogOutputStream:75 - [STDERR_REDIRECT] Jun 17, 2025 11:11:50 AM java.util.prefs.FileSystemPreferences checkLockFile0ErrorCode
2025-06-17 11:11:50,882 [ERROR] LogOutputStream:75 - [STDERR_REDIRECT] WARNING: Could not lock System prefs. Unix error code 2.
2025-06-17 11:11:50,882 [ERROR] LogOutputStream:75 - [STDERR_REDIRECT] 
2025-06-17 11:11:50,882 [ERROR] LogOutputStream:75 - [STDERR_REDIRECT] Jun 17, 2025 11:11:50 AM java.util.prefs.FileSystemPreferences syncWorld
2025-06-17 11:11:50,882 [ERROR] LogOutputStream:75 - [STDERR_REDIRECT] WARNING: Couldn't flush system prefs: java.util.prefs.BackingStoreException: Couldn't get file lock.
2025-06-17 11:11:50,882 [ERROR] LogOutputStream:75 - [STDERR_REDIRECT] 
2025-06-17 11:12:20,882 [ERROR] LogOutputStream:75 - [STDERR_REDIRECT] Jun 17, 2025 11:12:20 AM java.util.prefs.FileSystemPreferences checkLockFile0ErrorCode
2025-06-17 11:12:20,882 [ERROR] LogOutputStream:75 - [STDERR_REDIRECT] WARNING: Could not lock System prefs. Unix error code 2.
2025-06-17 11:12:20,882 [ERROR] LogOutputStream:75 - [STDERR_REDIRECT] 
2025-06-17 11:12:20,882 [ERROR] LogOutputStream:75 - [STDERR_REDIRECT] Jun 17, 2025 11:12:20 AM java.util.prefs.FileSystemPreferences syncWorld
2025-06-17 11:12:20,882 [ERROR] LogOutputStream:75 - [STDERR_REDIRECT] WARNING: Couldn't flush system prefs: java.util.prefs.BackingStoreException: Couldn't get file lock.
2025-06-17 11:12:20,882 [ERROR] LogOutputStream:75 - [STDERR_REDIRECT] 
2025-06-17 11:12:50,883 [ERROR] LogOutputStream:75 - [STDERR_REDIRECT] Jun 17, 2025 11:12:50 AM java.util.prefs.FileSystemPreferences checkLockFile0ErrorCode
2025-06-17 11:12:50,883 [ERROR] LogOutputStream:75 - [STDERR_REDIRECT] WARNING: Could not lock System prefs. Unix error code 2.
2025-06-17 11:12:50,883 [ERROR] LogOutputStream:75 - [STDERR_REDIRECT] 
2025-06-17 11:12:50,884 [ERROR] LogOutputStream:75 - [STDERR_REDIRECT] Jun 17, 2025 11:12:50 AM java.util.prefs.FileSystemPreferences syncWorld
2025-06-17 11:12:50,884 [ERROR] LogOutputStream:75 - [STDERR_REDIRECT] WARNING: Couldn't flush system prefs: java.util.prefs.BackingStoreException: Couldn't get file lock.
2025-06-17 11:12:50,884 [ERROR] LogOutputStream:75 - [STDERR_REDIRECT] 
2025-06-17 11:13:20,882 [ERROR] LogOutputStream:75 - [STDERR_REDIRECT] Jun 17, 2025 11:13:20 AM java.util.prefs.FileSystemPreferences checkLockFile0ErrorCode
2025-06-17 11:13:20,882 [ERROR] LogOutputStream:75 - [STDERR_REDIRECT] WARNING: Could not lock System prefs. Unix error code 2.
2025-06-17 11:13:20,882 [ERROR] LogOutputStream:75 - [STDERR_REDIRECT] 
2025-06-17 11:13:20,882 [ERROR] LogOutputStream:75 - [STDERR_REDIRECT] Jun 17, 2025 11:13:20 AM java.util.prefs.FileSystemPreferences syncWorld
2025-06-17 11:13:20,882 [ERROR] LogOutputStream:75 - [STDERR_REDIRECT] WARNING: Couldn't flush system prefs: java.util.prefs.BackingStoreException: Couldn't get file lock.
2025-06-17 11:13:20,882 [ERROR] LogOutputStream:75 - [STDERR_REDIRECT] 
2025-06-17 11:13:50,882 [ERROR] LogOutputStream:75 - [STDERR_REDIRECT] Jun 17, 2025 11:13:50 AM java.util.prefs.FileSystemPreferences checkLockFile0ErrorCode
2025-06-17 11:13:50,883 [ERROR] LogOutputStream:75 - [STDERR_REDIRECT] WARNING: Could not lock System prefs. Unix error code 2.
2025-06-17 11:13:50,883 [ERROR] LogOutputStream:75 - [STDERR_REDIRECT] 
2025-06-17 11:13:50,883 [ERROR] LogOutputStream:75 - [STDERR_REDIRECT] Jun 17, 2025 11:13:50 AM java.util.prefs.FileSystemPreferences syncWorld
2025-06-17 11:13:50,883 [ERROR] LogOutputStream:75 - [STDERR_REDIRECT] WARNING: Couldn't flush system prefs: java.util.prefs.BackingStoreException: Couldn't get file lock.
2025-06-17 11:13:50,883 [ERROR] LogOutputStream:75 - [STDERR_REDIRECT] 
2025-06-17 11:14:20,882 [ERROR] LogOutputStream:75 - [STDERR_REDIRECT] Jun 17, 2025 11:14:20 AM java.util.prefs.FileSystemPreferences checkLockFile0ErrorCode
2025-06-17 11:14:20,883 [ERROR] LogOutputStream:75 - [STDERR_REDIRECT] WARNING: Could not lock System prefs. Unix error code 2.
2025-06-17 11:14:20,883 [ERROR] LogOutputStream:75 - [STDERR_REDIRECT] 
2025-06-17 11:14:20,883 [ERROR] LogOutputStream:75 - [STDERR_REDIRECT] Jun 17, 2025 11:14:20 AM java.util.prefs.FileSystemPreferences syncWorld
2025-06-17 11:14:20,883 [ERROR] LogOutputStream:75 - [STDERR_REDIRECT] WARNING: Couldn't flush system prefs: java.util.prefs.BackingStoreException: Couldn't get file lock.
2025-06-17 11:14:20,883 [ERROR] LogOutputStream:75 - [STDERR_REDIRECT] 
2025-06-17 11:14:50,882 [ERROR] LogOutputStream:75 - [STDERR_REDIRECT] Jun 17, 2025 11:14:50 AM java.util.prefs.FileSystemPreferences checkLockFile0ErrorCode
2025-06-17 11:14:50,883 [ERROR] LogOutputStream:75 - [STDERR_REDIRECT] WARNING: Could not lock System prefs. Unix error code 2.
2025-06-17 11:14:50,883 [ERROR] LogOutputStream:75 - [STDERR_REDIRECT] 
2025-06-17 11:14:50,883 [ERROR] LogOutputStream:75 - [STDERR_REDIRECT] Jun 17, 2025 11:14:50 AM java.util.prefs.FileSystemPreferences syncWorld
2025-06-17 11:14:50,883 [ERROR] LogOutputStream:75 - [STDERR_REDIRECT] WARNING: Couldn't flush system prefs: java.util.prefs.BackingStoreException: Couldn't get file lock.
2025-06-17 11:14:50,883 [ERROR] LogOutputStream:75 - [STDERR_REDIRECT] 
2025-06-17 11:15:20,882 [ERROR] LogOutputStream:75 - [STDERR_REDIRECT] Jun 17, 2025 11:15:20 AM java.util.prefs.FileSystemPreferences checkLockFile0ErrorCode
2025-06-17 11:15:20,883 [ERROR] LogOutputStream:75 - [STDERR_REDIRECT] WARNING: Could not lock System prefs. Unix error code 2.
2025-06-17 11:15:20,883 [ERROR] LogOutputStream:75 - [STDERR_REDIRECT] 
2025-06-17 11:15:20,883 [ERROR] LogOutputStream:75 - [STDERR_REDIRECT] Jun 17, 2025 11:15:20 AM java.util.prefs.FileSystemPreferences syncWorld
2025-06-17 11:15:20,883 [ERROR] LogOutputStream:75 - [STDERR_REDIRECT] WARNING: Couldn't flush system prefs: java.util.prefs.BackingStoreException: Couldn't get file lock.
2025-06-17 11:15:20,884 [ERROR] LogOutputStream:75 - [STDERR_REDIRECT] 
2025-06-17 11:15:50,883 [ERROR] LogOutputStream:75 - [STDERR_REDIRECT] Jun 17, 2025 11:15:50 AM java.util.prefs.FileSystemPreferences checkLockFile0ErrorCode
2025-06-17 11:15:50,884 [ERROR] LogOutputStream:75 - [STDERR_REDIRECT] WARNING: Could not lock System prefs. Unix error code 2.
2025-06-17 11:15:50,884 [ERROR] LogOutputStream:75 - [STDERR_REDIRECT] 
2025-06-17 11:15:50,884 [ERROR] LogOutputStream:75 - [STDERR_REDIRECT] Jun 17, 2025 11:15:50 AM java.util.prefs.FileSystemPreferences syncWorld
2025-06-17 11:15:50,885 [ERROR] LogOutputStream:75 - [STDERR_REDIRECT] WARNING: Couldn't flush system prefs: java.util.prefs.BackingStoreException: Couldn't get file lock.
2025-06-17 11:15:50,885 [ERROR] LogOutputStream:75 - [STDERR_REDIRECT] 
2025-06-17 11:16:20,882 [ERROR] LogOutputStream:75 - [STDERR_REDIRECT] Jun 17, 2025 11:16:20 AM java.util.prefs.FileSystemPreferences checkLockFile0ErrorCode
2025-06-17 11:16:20,883 [ERROR] LogOutputStream:75 - [STDERR_REDIRECT] WARNING: Could not lock System prefs. Unix error code 2.
2025-06-17 11:16:20,883 [ERROR] LogOutputStream:75 - [STDERR_REDIRECT] 
2025-06-17 11:16:20,883 [ERROR] LogOutputStream:75 - [STDERR_REDIRECT] Jun 17, 2025 11:16:20 AM java.util.prefs.FileSystemPreferences syncWorld
2025-06-17 11:16:20,883 [ERROR] LogOutputStream:75 - [STDERR_REDIRECT] WARNING: Couldn't flush system prefs: java.util.prefs.BackingStoreException: Couldn't get file lock.
2025-06-17 11:16:20,883 [ERROR] LogOutputStream:75 - [STDERR_REDIRECT] 
2025-06-17 11:16:50,882 [ERROR] LogOutputStream:75 - [STDERR_REDIRECT] Jun 17, 2025 11:16:50 AM java.util.prefs.FileSystemPreferences checkLockFile0ErrorCode
2025-06-17 11:16:50,882 [ERROR] LogOutputStream:75 - [STDERR_REDIRECT] WARNING: Could not lock System prefs. Unix error code 2.
2025-06-17 11:16:50,882 [ERROR] LogOutputStream:75 - [STDERR_REDIRECT] 
2025-06-17 11:16:50,882 [ERROR] LogOutputStream:75 - [STDERR_REDIRECT] Jun 17, 2025 11:16:50 AM java.util.prefs.FileSystemPreferences syncWorld
2025-06-17 11:16:50,882 [ERROR] LogOutputStream:75 - [STDERR_REDIRECT] WARNING: Couldn't flush system prefs: java.util.prefs.BackingStoreException: Couldn't get file lock.
2025-06-17 11:16:50,882 [ERROR] LogOutputStream:75 - [STDERR_REDIRECT] 
2025-06-17 11:17:20,883 [ERROR] LogOutputStream:75 - [STDERR_REDIRECT] Jun 17, 2025 11:17:20 AM java.util.prefs.FileSystemPreferences checkLockFile0ErrorCode
2025-06-17 11:17:20,883 [ERROR] LogOutputStream:75 - [STDERR_REDIRECT] WARNING: Could not lock System prefs. Unix error code 2.
2025-06-17 11:17:20,883 [ERROR] LogOutputStream:75 - [STDERR_REDIRECT] 
2025-06-17 11:17:20,883 [ERROR] LogOutputStream:75 - [STDERR_REDIRECT] Jun 17, 2025 11:17:20 AM java.util.prefs.FileSystemPreferences syncWorld
2025-06-17 11:17:20,883 [ERROR] LogOutputStream:75 - [STDERR_REDIRECT] WARNING: Couldn't flush system prefs: java.util.prefs.BackingStoreException: Couldn't get file lock.
2025-06-17 11:17:20,883 [ERROR] LogOutputStream:75 - [STDERR_REDIRECT] 
2025-06-17 11:17:50,882 [ERROR] LogOutputStream:75 - [STDERR_REDIRECT] Jun 17, 2025 11:17:50 AM java.util.prefs.FileSystemPreferences checkLockFile0ErrorCode
2025-06-17 11:17:50,883 [ERROR] LogOutputStream:75 - [STDERR_REDIRECT] WARNING: Could not lock System prefs. Unix error code 2.
2025-06-17 11:17:50,883 [ERROR] LogOutputStream:75 - [STDERR_REDIRECT] 
2025-06-17 11:17:50,883 [ERROR] LogOutputStream:75 - [STDERR_REDIRECT] Jun 17, 2025 11:17:50 AM java.util.prefs.FileSystemPreferences syncWorld
2025-06-17 11:17:50,883 [ERROR] LogOutputStream:75 - [STDERR_REDIRECT] WARNING: Couldn't flush system prefs: java.util.prefs.BackingStoreException: Couldn't get file lock.
2025-06-17 11:17:50,884 [ERROR] LogOutputStream:75 - [STDERR_REDIRECT] 
2025-06-17 11:18:20,881 [ERROR] LogOutputStream:75 - [STDERR_REDIRECT] Jun 17, 2025 11:18:20 AM java.util.prefs.FileSystemPreferences checkLockFile0ErrorCode
2025-06-17 11:18:20,882 [ERROR] LogOutputStream:75 - [STDERR_REDIRECT] WARNING: Could not lock System prefs. Unix error code 2.
2025-06-17 11:18:20,882 [ERROR] LogOutputStream:75 - [STDERR_REDIRECT] 
2025-06-17 11:18:20,882 [ERROR] LogOutputStream:75 - [STDERR_REDIRECT] Jun 17, 2025 11:18:20 AM java.util.prefs.FileSystemPreferences syncWorld
2025-06-17 11:18:20,882 [ERROR] LogOutputStream:75 - [STDERR_REDIRECT] WARNING: Couldn't flush system prefs: java.util.prefs.BackingStoreException: Couldn't get file lock.
2025-06-17 11:18:20,882 [ERROR] LogOutputStream:75 - [STDERR_REDIRECT] 
2025-06-17 11:18:50,882 [ERROR] LogOutputStream:75 - [STDERR_REDIRECT] Jun 17, 2025 11:18:50 AM java.util.prefs.FileSystemPreferences checkLockFile0ErrorCode
2025-06-17 11:18:50,883 [ERROR] LogOutputStream:75 - [STDERR_REDIRECT] WARNING: Could not lock System prefs. Unix error code 2.
2025-06-17 11:18:50,883 [ERROR] LogOutputStream:75 - [STDERR_REDIRECT] 
2025-06-17 11:18:50,883 [ERROR] LogOutputStream:75 - [STDERR_REDIRECT] Jun 17, 2025 11:18:50 AM java.util.prefs.FileSystemPreferences syncWorld
2025-06-17 11:18:50,883 [ERROR] LogOutputStream:75 - [STDERR_REDIRECT] WARNING: Couldn't flush system prefs: java.util.prefs.BackingStoreException: Couldn't get file lock.
2025-06-17 11:18:50,883 [ERROR] LogOutputStream:75 - [STDERR_REDIRECT] 
2025-06-17 11:19:20,883 [ERROR] LogOutputStream:75 - [STDERR_REDIRECT] Jun 17, 2025 11:19:20 AM java.util.prefs.FileSystemPreferences checkLockFile0ErrorCode
2025-06-17 11:19:20,883 [ERROR] LogOutputStream:75 - [STDERR_REDIRECT] WARNING: Could not lock System prefs. Unix error code 2.
2025-06-17 11:19:20,883 [ERROR] LogOutputStream:75 - [STDERR_REDIRECT] 
2025-06-17 11:19:20,883 [ERROR] LogOutputStream:75 - [STDERR_REDIRECT] Jun 17, 2025 11:19:20 AM java.util.prefs.FileSystemPreferences syncWorld
2025-06-17 11:19:20,883 [ERROR] LogOutputStream:75 - [STDERR_REDIRECT] WARNING: Couldn't flush system prefs: java.util.prefs.BackingStoreException: Couldn't get file lock.
2025-06-17 11:19:20,883 [ERROR] LogOutputStream:75 - [STDERR_REDIRECT] 
2025-06-17 11:19:50,883 [ERROR] LogOutputStream:75 - [STDERR_REDIRECT] Jun 17, 2025 11:19:50 AM java.util.prefs.FileSystemPreferences checkLockFile0ErrorCode
2025-06-17 11:19:50,884 [ERROR] LogOutputStream:75 - [STDERR_REDIRECT] WARNING: Could not lock System prefs. Unix error code 2.
2025-06-17 11:19:50,884 [ERROR] LogOutputStream:75 - [STDERR_REDIRECT] 
2025-06-17 11:19:50,884 [ERROR] LogOutputStream:75 - [STDERR_REDIRECT] Jun 17, 2025 11:19:50 AM java.util.prefs.FileSystemPreferences syncWorld
2025-06-17 11:19:50,884 [ERROR] LogOutputStream:75 - [STDERR_REDIRECT] WARNING: Couldn't flush system prefs: java.util.prefs.BackingStoreException: Couldn't get file lock.
2025-06-17 11:19:50,884 [ERROR] LogOutputStream:75 - [STDERR_REDIRECT] 
2025-06-17 11:20:20,883 [ERROR] LogOutputStream:75 - [STDERR_REDIRECT] Jun 17, 2025 11:20:20 AM java.util.prefs.FileSystemPreferences checkLockFile0ErrorCode
2025-06-17 11:20:20,884 [ERROR] LogOutputStream:75 - [STDERR_REDIRECT] WARNING: Could not lock System prefs. Unix error code 2.
2025-06-17 11:20:20,884 [ERROR] LogOutputStream:75 - [STDERR_REDIRECT] 
2025-06-17 11:20:20,884 [ERROR] LogOutputStream:75 - [STDERR_REDIRECT] Jun 17, 2025 11:20:20 AM java.util.prefs.FileSystemPreferences syncWorld
2025-06-17 11:20:20,884 [ERROR] LogOutputStream:75 - [STDERR_REDIRECT] WARNING: Couldn't flush system prefs: java.util.prefs.BackingStoreException: Couldn't get file lock.
2025-06-17 11:20:20,884 [ERROR] LogOutputStream:75 - [STDERR_REDIRECT] 
2025-06-17 11:20:50,885 [ERROR] LogOutputStream:75 - [STDERR_REDIRECT] Jun 17, 2025 11:20:50 AM java.util.prefs.FileSystemPreferences checkLockFile0ErrorCode
2025-06-17 11:20:50,885 [ERROR] LogOutputStream:75 - [STDERR_REDIRECT] WARNING: Could not lock System prefs. Unix error code 2.
2025-06-17 11:20:50,885 [ERROR] LogOutputStream:75 - [STDERR_REDIRECT] 
2025-06-17 11:20:50,885 [ERROR] LogOutputStream:75 - [STDERR_REDIRECT] Jun 17, 2025 11:20:50 AM java.util.prefs.FileSystemPreferences syncWorld
2025-06-17 11:20:50,885 [ERROR] LogOutputStream:75 - [STDERR_REDIRECT] WARNING: Couldn't flush system prefs: java.util.prefs.BackingStoreException: Couldn't get file lock.
2025-06-17 11:20:50,885 [ERROR] LogOutputStream:75 - [STDERR_REDIRECT] 
2025-06-17 11:21:20,885 [ERROR] LogOutputStream:75 - [STDERR_REDIRECT] Jun 17, 2025 11:21:20 AM java.util.prefs.FileSystemPreferences checkLockFile0ErrorCode
2025-06-17 11:21:20,885 [ERROR] LogOutputStream:75 - [STDERR_REDIRECT] WARNING: Could not lock System prefs. Unix error code 2.
2025-06-17 11:21:20,885 [ERROR] LogOutputStream:75 - [STDERR_REDIRECT] 
2025-06-17 11:21:20,885 [ERROR] LogOutputStream:75 - [STDERR_REDIRECT] Jun 17, 2025 11:21:20 AM java.util.prefs.FileSystemPreferences syncWorld
2025-06-17 11:21:20,885 [ERROR] LogOutputStream:75 - [STDERR_REDIRECT] WARNING: Couldn't flush system prefs: java.util.prefs.BackingStoreException: Couldn't get file lock.
2025-06-17 11:21:20,885 [ERROR] LogOutputStream:75 - [STDERR_REDIRECT] 
2025-06-17 11:21:50,885 [ERROR] LogOutputStream:75 - [STDERR_REDIRECT] Jun 17, 2025 11:21:50 AM java.util.prefs.FileSystemPreferences checkLockFile0ErrorCode
2025-06-17 11:21:50,885 [ERROR] LogOutputStream:75 - [STDERR_REDIRECT] WARNING: Could not lock System prefs. Unix error code 2.
2025-06-17 11:21:50,885 [ERROR] LogOutputStream:75 - [STDERR_REDIRECT] 
2025-06-17 11:21:50,885 [ERROR] LogOutputStream:75 - [STDERR_REDIRECT] Jun 17, 2025 11:21:50 AM java.util.prefs.FileSystemPreferences syncWorld
2025-06-17 11:21:50,885 [ERROR] LogOutputStream:75 - [STDERR_REDIRECT] WARNING: Couldn't flush system prefs: java.util.prefs.BackingStoreException: Couldn't get file lock.
2025-06-17 11:21:50,885 [ERROR] LogOutputStream:75 - [STDERR_REDIRECT] 
2025-06-17 11:22:20,886 [ERROR] LogOutputStream:75 - [STDERR_REDIRECT] Jun 17, 2025 11:22:20 AM java.util.prefs.FileSystemPreferences checkLockFile0ErrorCode
2025-06-17 11:22:20,886 [ERROR] LogOutputStream:75 - [STDERR_REDIRECT] WARNING: Could not lock System prefs. Unix error code 2.
2025-06-17 11:22:20,886 [ERROR] LogOutputStream:75 - [STDERR_REDIRECT] 
2025-06-17 11:22:20,886 [ERROR] LogOutputStream:75 - [STDERR_REDIRECT] Jun 17, 2025 11:22:20 AM java.util.prefs.FileSystemPreferences syncWorld
2025-06-17 11:22:20,886 [ERROR] LogOutputStream:75 - [STDERR_REDIRECT] WARNING: Couldn't flush system prefs: java.util.prefs.BackingStoreException: Couldn't get file lock.
2025-06-17 11:22:20,886 [ERROR] LogOutputStream:75 - [STDERR_REDIRECT] 
2025-06-17 11:22:50,885 [ERROR] LogOutputStream:75 - [STDERR_REDIRECT] Jun 17, 2025 11:22:50 AM java.util.prefs.FileSystemPreferences checkLockFile0ErrorCode
2025-06-17 11:22:50,885 [ERROR] LogOutputStream:75 - [STDERR_REDIRECT] WARNING: Could not lock System prefs. Unix error code 2.
2025-06-17 11:22:50,886 [ERROR] LogOutputStream:75 - [STDERR_REDIRECT] 
2025-06-17 11:22:50,886 [ERROR] LogOutputStream:75 - [STDERR_REDIRECT] Jun 17, 2025 11:22:50 AM java.util.prefs.FileSystemPreferences syncWorld
2025-06-17 11:22:50,886 [ERROR] LogOutputStream:75 - [STDERR_REDIRECT] WARNING: Couldn't flush system prefs: java.util.prefs.BackingStoreException: Couldn't get file lock.
2025-06-17 11:22:50,886 [ERROR] LogOutputStream:75 - [STDERR_REDIRECT] 
2025-06-17 11:23:20,885 [ERROR] LogOutputStream:75 - [STDERR_REDIRECT] Jun 17, 2025 11:23:20 AM java.util.prefs.FileSystemPreferences checkLockFile0ErrorCode
2025-06-17 11:23:20,885 [ERROR] LogOutputStream:75 - [STDERR_REDIRECT] WARNING: Could not lock System prefs. Unix error code 2.
2025-06-17 11:23:20,885 [ERROR] LogOutputStream:75 - [STDERR_REDIRECT] 
2025-06-17 11:23:20,885 [ERROR] LogOutputStream:75 - [STDERR_REDIRECT] Jun 17, 2025 11:23:20 AM java.util.prefs.FileSystemPreferences syncWorld
2025-06-17 11:23:20,885 [ERROR] LogOutputStream:75 - [STDERR_REDIRECT] WARNING: Couldn't flush system prefs: java.util.prefs.BackingStoreException: Couldn't get file lock.
2025-06-17 11:23:20,886 [ERROR] LogOutputStream:75 - [STDERR_REDIRECT] 
2025-06-17 11:23:50,885 [ERROR] LogOutputStream:75 - [STDERR_REDIRECT] Jun 17, 2025 11:23:50 AM java.util.prefs.FileSystemPreferences checkLockFile0ErrorCode
2025-06-17 11:23:50,885 [ERROR] LogOutputStream:75 - [STDERR_REDIRECT] WARNING: Could not lock System prefs. Unix error code 2.
2025-06-17 11:23:50,885 [ERROR] LogOutputStream:75 - [STDERR_REDIRECT] 
2025-06-17 11:23:50,885 [ERROR] LogOutputStream:75 - [STDERR_REDIRECT] Jun 17, 2025 11:23:50 AM java.util.prefs.FileSystemPreferences syncWorld
2025-06-17 11:23:50,885 [ERROR] LogOutputStream:75 - [STDERR_REDIRECT] WARNING: Couldn't flush system prefs: java.util.prefs.BackingStoreException: Couldn't get file lock.
2025-06-17 11:23:50,885 [ERROR] LogOutputStream:75 - [STDERR_REDIRECT] 
2025-06-17 11:24:20,885 [ERROR] LogOutputStream:75 - [STDERR_REDIRECT] Jun 17, 2025 11:24:20 AM java.util.prefs.FileSystemPreferences checkLockFile0ErrorCode
2025-06-17 11:24:20,885 [ERROR] LogOutputStream:75 - [STDERR_REDIRECT] WARNING: Could not lock System prefs. Unix error code 2.
2025-06-17 11:24:20,885 [ERROR] LogOutputStream:75 - [STDERR_REDIRECT] 
2025-06-17 11:24:20,885 [ERROR] LogOutputStream:75 - [STDERR_REDIRECT] Jun 17, 2025 11:24:20 AM java.util.prefs.FileSystemPreferences syncWorld
2025-06-17 11:24:20,885 [ERROR] LogOutputStream:75 - [STDERR_REDIRECT] WARNING: Couldn't flush system prefs: java.util.prefs.BackingStoreException: Couldn't get file lock.
2025-06-17 11:24:20,886 [ERROR] LogOutputStream:75 - [STDERR_REDIRECT] 
2025-06-17 11:24:50,885 [ERROR] LogOutputStream:75 - [STDERR_REDIRECT] Jun 17, 2025 11:24:50 AM java.util.prefs.FileSystemPreferences checkLockFile0ErrorCode
2025-06-17 11:24:50,885 [ERROR] LogOutputStream:75 - [STDERR_REDIRECT] WARNING: Could not lock System prefs. Unix error code 2.
2025-06-17 11:24:50,885 [ERROR] LogOutputStream:75 - [STDERR_REDIRECT] 
2025-06-17 11:24:50,886 [ERROR] LogOutputStream:75 - [STDERR_REDIRECT] Jun 17, 2025 11:24:50 AM java.util.prefs.FileSystemPreferences syncWorld
2025-06-17 11:24:50,886 [ERROR] LogOutputStream:75 - [STDERR_REDIRECT] WARNING: Couldn't flush system prefs: java.util.prefs.BackingStoreException: Couldn't get file lock.
2025-06-17 11:24:50,886 [ERROR] LogOutputStream:75 - [STDERR_REDIRECT] 
2025-06-17 11:25:20,884 [ERROR] LogOutputStream:75 - [STDERR_REDIRECT] Jun 17, 2025 11:25:20 AM java.util.prefs.FileSystemPreferences checkLockFile0ErrorCode
2025-06-17 11:25:20,884 [ERROR] LogOutputStream:75 - [STDERR_REDIRECT] WARNING: Could not lock System prefs. Unix error code 2.
2025-06-17 11:25:20,885 [ERROR] LogOutputStream:75 - [STDERR_REDIRECT] 
2025-06-17 11:25:20,885 [ERROR] LogOutputStream:75 - [STDERR_REDIRECT] Jun 17, 2025 11:25:20 AM java.util.prefs.FileSystemPreferences syncWorld
2025-06-17 11:25:20,885 [ERROR] LogOutputStream:75 - [STDERR_REDIRECT] WARNING: Couldn't flush system prefs: java.util.prefs.BackingStoreException: Couldn't get file lock.
2025-06-17 11:25:20,885 [ERROR] LogOutputStream:75 - [STDERR_REDIRECT] 
2025-06-17 11:25:50,885 [ERROR] LogOutputStream:75 - [STDERR_REDIRECT] Jun 17, 2025 11:25:50 AM java.util.prefs.FileSystemPreferences checkLockFile0ErrorCode
2025-06-17 11:25:50,885 [ERROR] LogOutputStream:75 - [STDERR_REDIRECT] WARNING: Could not lock System prefs. Unix error code 2.
2025-06-17 11:25:50,885 [ERROR] LogOutputStream:75 - [STDERR_REDIRECT] 
2025-06-17 11:25:50,885 [ERROR] LogOutputStream:75 - [STDERR_REDIRECT] Jun 17, 2025 11:25:50 AM java.util.prefs.FileSystemPreferences syncWorld
2025-06-17 11:25:50,886 [ERROR] LogOutputStream:75 - [STDERR_REDIRECT] WARNING: Couldn't flush system prefs: java.util.prefs.BackingStoreException: Couldn't get file lock.
2025-06-17 11:25:50,886 [ERROR] LogOutputStream:75 - [STDERR_REDIRECT] 
2025-06-17 11:26:20,885 [ERROR] LogOutputStream:75 - [STDERR_REDIRECT] Jun 17, 2025 11:26:20 AM java.util.prefs.FileSystemPreferences checkLockFile0ErrorCode
2025-06-17 11:26:20,885 [ERROR] LogOutputStream:75 - [STDERR_REDIRECT] WARNING: Could not lock System prefs. Unix error code 2.
2025-06-17 11:26:20,885 [ERROR] LogOutputStream:75 - [STDERR_REDIRECT] 
2025-06-17 11:26:20,885 [ERROR] LogOutputStream:75 - [STDERR_REDIRECT] Jun 17, 2025 11:26:20 AM java.util.prefs.FileSystemPreferences syncWorld
2025-06-17 11:26:20,885 [ERROR] LogOutputStream:75 - [STDERR_REDIRECT] WARNING: Couldn't flush system prefs: java.util.prefs.BackingStoreException: Couldn't get file lock.
2025-06-17 11:26:20,885 [ERROR] LogOutputStream:75 - [STDERR_REDIRECT] 
2025-06-17 11:26:50,885 [ERROR] LogOutputStream:75 - [STDERR_REDIRECT] Jun 17, 2025 11:26:50 AM java.util.prefs.FileSystemPreferences checkLockFile0ErrorCode
2025-06-17 11:26:50,886 [ERROR] LogOutputStream:75 - [STDERR_REDIRECT] WARNING: Could not lock System prefs. Unix error code 2.
2025-06-17 11:26:50,886 [ERROR] LogOutputStream:75 - [STDERR_REDIRECT] 
2025-06-17 11:26:50,886 [ERROR] LogOutputStream:75 - [STDERR_REDIRECT] Jun 17, 2025 11:26:50 AM java.util.prefs.FileSystemPreferences syncWorld
2025-06-17 11:26:50,886 [ERROR] LogOutputStream:75 - [STDERR_REDIRECT] WARNING: Couldn't flush system prefs: java.util.prefs.BackingStoreException: Couldn't get file lock.
2025-06-17 11:26:50,886 [ERROR] LogOutputStream:75 - [STDERR_REDIRECT] 
2025-06-17 11:27:20,885 [ERROR] LogOutputStream:75 - [STDERR_REDIRECT] Jun 17, 2025 11:27:20 AM java.util.prefs.FileSystemPreferences checkLockFile0ErrorCode
2025-06-17 11:27:20,885 [ERROR] LogOutputStream:75 - [STDERR_REDIRECT] WARNING: Could not lock System prefs. Unix error code 2.
2025-06-17 11:27:20,885 [ERROR] LogOutputStream:75 - [STDERR_REDIRECT] 
2025-06-17 11:27:20,885 [ERROR] LogOutputStream:75 - [STDERR_REDIRECT] Jun 17, 2025 11:27:20 AM java.util.prefs.FileSystemPreferences syncWorld
2025-06-17 11:27:20,885 [ERROR] LogOutputStream:75 - [STDERR_REDIRECT] WARNING: Couldn't flush system prefs: java.util.prefs.BackingStoreException: Couldn't get file lock.
2025-06-17 11:27:20,885 [ERROR] LogOutputStream:75 - [STDERR_REDIRECT] 
2025-06-17 11:27:50,885 [ERROR] LogOutputStream:75 - [STDERR_REDIRECT] Jun 17, 2025 11:27:50 AM java.util.prefs.FileSystemPreferences checkLockFile0ErrorCode
2025-06-17 11:27:50,886 [ERROR] LogOutputStream:75 - [STDERR_REDIRECT] WARNING: Could not lock System prefs. Unix error code 2.
2025-06-17 11:27:50,886 [ERROR] LogOutputStream:75 - [STDERR_REDIRECT] 
2025-06-17 11:27:50,886 [ERROR] LogOutputStream:75 - [STDERR_REDIRECT] Jun 17, 2025 11:27:50 AM java.util.prefs.FileSystemPreferences syncWorld
2025-06-17 11:27:50,886 [ERROR] LogOutputStream:75 - [STDERR_REDIRECT] WARNING: Couldn't flush system prefs: java.util.prefs.BackingStoreException: Couldn't get file lock.
2025-06-17 11:27:50,886 [ERROR] LogOutputStream:75 - [STDERR_REDIRECT] 
2025-06-17 11:28:20,887 [ERROR] LogOutputStream:75 - [STDERR_REDIRECT] Jun 17, 2025 11:28:20 AM java.util.prefs.FileSystemPreferences checkLockFile0ErrorCode
2025-06-17 11:28:20,887 [ERROR] LogOutputStream:75 - [STDERR_REDIRECT] WARNING: Could not lock System prefs. Unix error code 2.
2025-06-17 11:28:20,887 [ERROR] LogOutputStream:75 - [STDERR_REDIRECT] 
2025-06-17 11:28:20,888 [ERROR] LogOutputStream:75 - [STDERR_REDIRECT] Jun 17, 2025 11:28:20 AM java.util.prefs.FileSystemPreferences syncWorld
2025-06-17 11:28:20,888 [ERROR] LogOutputStream:75 - [STDERR_REDIRECT] WARNING: Couldn't flush system prefs: java.util.prefs.BackingStoreException: Couldn't get file lock.
2025-06-17 11:28:20,888 [ERROR] LogOutputStream:75 - [STDERR_REDIRECT] 
2025-06-17 11:28:50,887 [ERROR] LogOutputStream:75 - [STDERR_REDIRECT] Jun 17, 2025 11:28:50 AM java.util.prefs.FileSystemPreferences checkLockFile0ErrorCode
2025-06-17 11:28:50,887 [ERROR] LogOutputStream:75 - [STDERR_REDIRECT] WARNING: Could not lock System prefs. Unix error code 2.
2025-06-17 11:28:50,887 [ERROR] LogOutputStream:75 - [STDERR_REDIRECT] 
2025-06-17 11:28:50,887 [ERROR] LogOutputStream:75 - [STDERR_REDIRECT] Jun 17, 2025 11:28:50 AM java.util.prefs.FileSystemPreferences syncWorld
2025-06-17 11:28:50,887 [ERROR] LogOutputStream:75 - [STDERR_REDIRECT] WARNING: Couldn't flush system prefs: java.util.prefs.BackingStoreException: Couldn't get file lock.
2025-06-17 11:28:50,887 [ERROR] LogOutputStream:75 - [STDERR_REDIRECT] 
2025-06-17 11:29:20,888 [ERROR] LogOutputStream:75 - [STDERR_REDIRECT] Jun 17, 2025 11:29:20 AM java.util.prefs.FileSystemPreferences checkLockFile0ErrorCode
2025-06-17 11:29:20,888 [ERROR] LogOutputStream:75 - [STDERR_REDIRECT] WARNING: Could not lock System prefs. Unix error code 2.
2025-06-17 11:29:20,888 [ERROR] LogOutputStream:75 - [STDERR_REDIRECT] 
2025-06-17 11:29:20,888 [ERROR] LogOutputStream:75 - [STDERR_REDIRECT] Jun 17, 2025 11:29:20 AM java.util.prefs.FileSystemPreferences syncWorld
2025-06-17 11:29:20,888 [ERROR] LogOutputStream:75 - [STDERR_REDIRECT] WARNING: Couldn't flush system prefs: java.util.prefs.BackingStoreException: Couldn't get file lock.
2025-06-17 11:29:20,888 [ERROR] LogOutputStream:75 - [STDERR_REDIRECT] 
2025-06-17 11:29:50,888 [ERROR] LogOutputStream:75 - [STDERR_REDIRECT] Jun 17, 2025 11:29:50 AM java.util.prefs.FileSystemPreferences checkLockFile0ErrorCode
2025-06-17 11:29:50,888 [ERROR] LogOutputStream:75 - [STDERR_REDIRECT] WARNING: Could not lock System prefs. Unix error code 2.
2025-06-17 11:29:50,888 [ERROR] LogOutputStream:75 - [STDERR_REDIRECT] 
2025-06-17 11:29:50,888 [ERROR] LogOutputStream:75 - [STDERR_REDIRECT] Jun 17, 2025 11:29:50 AM java.util.prefs.FileSystemPreferences syncWorld
2025-06-17 11:29:50,888 [ERROR] LogOutputStream:75 - [STDERR_REDIRECT] WARNING: Couldn't flush system prefs: java.util.prefs.BackingStoreException: Couldn't get file lock.
2025-06-17 11:29:50,888 [ERROR] LogOutputStream:75 - [STDERR_REDIRECT] 
2025-06-17 11:30:20,887 [ERROR] LogOutputStream:75 - [STDERR_REDIRECT] Jun 17, 2025 11:30:20 AM java.util.prefs.FileSystemPreferences checkLockFile0ErrorCode
2025-06-17 11:30:20,887 [ERROR] LogOutputStream:75 - [STDERR_REDIRECT] WARNING: Could not lock System prefs. Unix error code 2.
2025-06-17 11:30:20,887 [ERROR] LogOutputStream:75 - [STDERR_REDIRECT] 
2025-06-17 11:30:20,887 [ERROR] LogOutputStream:75 - [STDERR_REDIRECT] Jun 17, 2025 11:30:20 AM java.util.prefs.FileSystemPreferences syncWorld
2025-06-17 11:30:20,887 [ERROR] LogOutputStream:75 - [STDERR_REDIRECT] WARNING: Couldn't flush system prefs: java.util.prefs.BackingStoreException: Couldn't get file lock.
2025-06-17 11:30:20,887 [ERROR] LogOutputStream:75 - [STDERR_REDIRECT] 
2025-06-17 11:30:50,889 [ERROR] LogOutputStream:75 - [STDERR_REDIRECT] Jun 17, 2025 11:30:50 AM java.util.prefs.FileSystemPreferences checkLockFile0ErrorCode
2025-06-17 11:30:50,889 [ERROR] LogOutputStream:75 - [STDERR_REDIRECT] WARNING: Could not lock System prefs. Unix error code 2.
2025-06-17 11:30:50,889 [ERROR] LogOutputStream:75 - [STDERR_REDIRECT] 
2025-06-17 11:30:50,890 [ERROR] LogOutputStream:75 - [STDERR_REDIRECT] Jun 17, 2025 11:30:50 AM java.util.prefs.FileSystemPreferences syncWorld
2025-06-17 11:30:50,890 [ERROR] LogOutputStream:75 - [STDERR_REDIRECT] WARNING: Couldn't flush system prefs: java.util.prefs.BackingStoreException: Couldn't get file lock.
2025-06-17 11:30:50,890 [ERROR] LogOutputStream:75 - [STDERR_REDIRECT] 
2025-06-17 11:31:20,890 [ERROR] LogOutputStream:75 - [STDERR_REDIRECT] Jun 17, 2025 11:31:20 AM java.util.prefs.FileSystemPreferences checkLockFile0ErrorCode
2025-06-17 11:31:20,891 [ERROR] LogOutputStream:75 - [STDERR_REDIRECT] WARNING: Could not lock System prefs. Unix error code 2.
2025-06-17 11:31:20,891 [ERROR] LogOutputStream:75 - [STDERR_REDIRECT] 
2025-06-17 11:31:20,891 [ERROR] LogOutputStream:75 - [STDERR_REDIRECT] Jun 17, 2025 11:31:20 AM java.util.prefs.FileSystemPreferences syncWorld
2025-06-17 11:31:20,891 [ERROR] LogOutputStream:75 - [STDERR_REDIRECT] WARNING: Couldn't flush system prefs: java.util.prefs.BackingStoreException: Couldn't get file lock.
2025-06-17 11:31:20,891 [ERROR] LogOutputStream:75 - [STDERR_REDIRECT] 
2025-06-17 11:31:50,891 [ERROR] LogOutputStream:75 - [STDERR_REDIRECT] Jun 17, 2025 11:31:50 AM java.util.prefs.FileSystemPreferences checkLockFile0ErrorCode
2025-06-17 11:31:50,891 [ERROR] LogOutputStream:75 - [STDERR_REDIRECT] WARNING: Could not lock System prefs. Unix error code 2.
2025-06-17 11:31:50,892 [ERROR] LogOutputStream:75 - [STDERR_REDIRECT] 
2025-06-17 11:31:50,892 [ERROR] LogOutputStream:75 - [STDERR_REDIRECT] Jun 17, 2025 11:31:50 AM java.util.prefs.FileSystemPreferences syncWorld
2025-06-17 11:31:50,892 [ERROR] LogOutputStream:75 - [STDERR_REDIRECT] WARNING: Couldn't flush system prefs: java.util.prefs.BackingStoreException: Couldn't get file lock.
2025-06-17 11:31:50,892 [ERROR] LogOutputStream:75 - [STDERR_REDIRECT] 
2025-06-17 11:32:20,889 [ERROR] LogOutputStream:75 - [STDERR_REDIRECT] Jun 17, 2025 11:32:20 AM java.util.prefs.FileSystemPreferences checkLockFile0ErrorCode
2025-06-17 11:32:20,889 [ERROR] LogOutputStream:75 - [STDERR_REDIRECT] WARNING: Could not lock System prefs. Unix error code 2.
2025-06-17 11:32:20,890 [ERROR] LogOutputStream:75 - [STDERR_REDIRECT] 
2025-06-17 11:32:20,890 [ERROR] LogOutputStream:75 - [STDERR_REDIRECT] Jun 17, 2025 11:32:20 AM java.util.prefs.FileSystemPreferences syncWorld
2025-06-17 11:32:20,890 [ERROR] LogOutputStream:75 - [STDERR_REDIRECT] WARNING: Couldn't flush system prefs: java.util.prefs.BackingStoreException: Couldn't get file lock.
2025-06-17 11:32:20,890 [ERROR] LogOutputStream:75 - [STDERR_REDIRECT] 
2025-06-17 11:32:50,888 [ERROR] LogOutputStream:75 - [STDERR_REDIRECT] Jun 17, 2025 11:32:50 AM java.util.prefs.FileSystemPreferences checkLockFile0ErrorCode
2025-06-17 11:32:50,888 [ERROR] LogOutputStream:75 - [STDERR_REDIRECT] WARNING: Could not lock System prefs. Unix error code 2.
2025-06-17 11:32:50,888 [ERROR] LogOutputStream:75 - [STDERR_REDIRECT] 
2025-06-17 11:32:50,888 [ERROR] LogOutputStream:75 - [STDERR_REDIRECT] Jun 17, 2025 11:32:50 AM java.util.prefs.FileSystemPreferences syncWorld
2025-06-17 11:32:50,888 [ERROR] LogOutputStream:75 - [STDERR_REDIRECT] WARNING: Couldn't flush system prefs: java.util.prefs.BackingStoreException: Couldn't get file lock.
2025-06-17 11:32:50,888 [ERROR] LogOutputStream:75 - [STDERR_REDIRECT] 
2025-06-17 11:33:20,889 [ERROR] LogOutputStream:75 - [STDERR_REDIRECT] Jun 17, 2025 11:33:20 AM java.util.prefs.FileSystemPreferences checkLockFile0ErrorCode
2025-06-17 11:33:20,889 [ERROR] LogOutputStream:75 - [STDERR_REDIRECT] WARNING: Could not lock System prefs. Unix error code 2.
2025-06-17 11:33:20,889 [ERROR] LogOutputStream:75 - [STDERR_REDIRECT] 
2025-06-17 11:33:20,889 [ERROR] LogOutputStream:75 - [STDERR_REDIRECT] Jun 17, 2025 11:33:20 AM java.util.prefs.FileSystemPreferences syncWorld
2025-06-17 11:33:20,889 [ERROR] LogOutputStream:75 - [STDERR_REDIRECT] WARNING: Couldn't flush system prefs: java.util.prefs.BackingStoreException: Couldn't get file lock.
2025-06-17 11:33:20,889 [ERROR] LogOutputStream:75 - [STDERR_REDIRECT] 
2025-06-17 11:33:50,890 [ERROR] LogOutputStream:75 - [STDERR_REDIRECT] Jun 17, 2025 11:33:50 AM java.util.prefs.FileSystemPreferences checkLockFile0ErrorCode
2025-06-17 11:33:50,890 [ERROR] LogOutputStream:75 - [STDERR_REDIRECT] WARNING: Could not lock System prefs. Unix error code 2.
2025-06-17 11:33:50,890 [ERROR] LogOutputStream:75 - [STDERR_REDIRECT] 
2025-06-17 11:33:50,890 [ERROR] LogOutputStream:75 - [STDERR_REDIRECT] Jun 17, 2025 11:33:50 AM java.util.prefs.FileSystemPreferences syncWorld
2025-06-17 11:33:50,890 [ERROR] LogOutputStream:75 - [STDERR_REDIRECT] WARNING: Couldn't flush system prefs: java.util.prefs.BackingStoreException: Couldn't get file lock.
2025-06-17 11:33:50,890 [ERROR] LogOutputStream:75 - [STDERR_REDIRECT] 
2025-06-17 11:34:20,891 [ERROR] LogOutputStream:75 - [STDERR_REDIRECT] Jun 17, 2025 11:34:20 AM java.util.prefs.FileSystemPreferences checkLockFile0ErrorCode
2025-06-17 11:34:20,891 [ERROR] LogOutputStream:75 - [STDERR_REDIRECT] WARNING: Could not lock System prefs. Unix error code 2.
2025-06-17 11:34:20,891 [ERROR] LogOutputStream:75 - [STDERR_REDIRECT] 
2025-06-17 11:34:20,891 [ERROR] LogOutputStream:75 - [STDERR_REDIRECT] Jun 17, 2025 11:34:20 AM java.util.prefs.FileSystemPreferences syncWorld
2025-06-17 11:34:20,891 [ERROR] LogOutputStream:75 - [STDERR_REDIRECT] WARNING: Couldn't flush system prefs: java.util.prefs.BackingStoreException: Couldn't get file lock.
2025-06-17 11:34:20,891 [ERROR] LogOutputStream:75 - [STDERR_REDIRECT] 
2025-06-17 11:34:50,892 [ERROR] LogOutputStream:75 - [STDERR_REDIRECT] Jun 17, 2025 11:34:50 AM java.util.prefs.FileSystemPreferences checkLockFile0ErrorCode
2025-06-17 11:34:50,892 [ERROR] LogOutputStream:75 - [STDERR_REDIRECT] WARNING: Could not lock System prefs. Unix error code 2.
2025-06-17 11:34:50,893 [ERROR] LogOutputStream:75 - [STDERR_REDIRECT] 
2025-06-17 11:34:50,893 [ERROR] LogOutputStream:75 - [STDERR_REDIRECT] Jun 17, 2025 11:34:50 AM java.util.prefs.FileSystemPreferences syncWorld
2025-06-17 11:34:50,893 [ERROR] LogOutputStream:75 - [STDERR_REDIRECT] WARNING: Couldn't flush system prefs: java.util.prefs.BackingStoreException: Couldn't get file lock.
2025-06-17 11:34:50,893 [ERROR] LogOutputStream:75 - [STDERR_REDIRECT] 
2025-06-17 11:35:20,892 [ERROR] LogOutputStream:75 - [STDERR_REDIRECT] Jun 17, 2025 11:35:20 AM java.util.prefs.FileSystemPreferences checkLockFile0ErrorCode
2025-06-17 11:35:20,892 [ERROR] LogOutputStream:75 - [STDERR_REDIRECT] WARNING: Could not lock System prefs. Unix error code 2.
2025-06-17 11:35:20,892 [ERROR] LogOutputStream:75 - [STDERR_REDIRECT] 
2025-06-17 11:35:20,893 [ERROR] LogOutputStream:75 - [STDERR_REDIRECT] Jun 17, 2025 11:35:20 AM java.util.prefs.FileSystemPreferences syncWorld
2025-06-17 11:35:20,893 [ERROR] LogOutputStream:75 - [STDERR_REDIRECT] WARNING: Couldn't flush system prefs: java.util.prefs.BackingStoreException: Couldn't get file lock.
2025-06-17 11:35:20,893 [ERROR] LogOutputStream:75 - [STDERR_REDIRECT] 
2025-06-17 11:35:50,892 [ERROR] LogOutputStream:75 - [STDERR_REDIRECT] Jun 17, 2025 11:35:50 AM java.util.prefs.FileSystemPreferences checkLockFile0ErrorCode
2025-06-17 11:35:50,892 [ERROR] LogOutputStream:75 - [STDERR_REDIRECT] WARNING: Could not lock System prefs. Unix error code 2.
2025-06-17 11:35:50,892 [ERROR] LogOutputStream:75 - [STDERR_REDIRECT] 
2025-06-17 11:35:50,892 [ERROR] LogOutputStream:75 - [STDERR_REDIRECT] Jun 17, 2025 11:35:50 AM java.util.prefs.FileSystemPreferences syncWorld
2025-06-17 11:35:50,893 [ERROR] LogOutputStream:75 - [STDERR_REDIRECT] WARNING: Couldn't flush system prefs: java.util.prefs.BackingStoreException: Couldn't get file lock.
2025-06-17 11:35:50,893 [ERROR] LogOutputStream:75 - [STDERR_REDIRECT] 
2025-06-17 11:36:20,892 [ERROR] LogOutputStream:75 - [STDERR_REDIRECT] Jun 17, 2025 11:36:20 AM java.util.prefs.FileSystemPreferences checkLockFile0ErrorCode
2025-06-17 11:36:20,892 [ERROR] LogOutputStream:75 - [STDERR_REDIRECT] WARNING: Could not lock System prefs. Unix error code 2.
2025-06-17 11:36:20,892 [ERROR] LogOutputStream:75 - [STDERR_REDIRECT] 
2025-06-17 11:36:20,892 [ERROR] LogOutputStream:75 - [STDERR_REDIRECT] Jun 17, 2025 11:36:20 AM java.util.prefs.FileSystemPreferences syncWorld
2025-06-17 11:36:20,892 [ERROR] LogOutputStream:75 - [STDERR_REDIRECT] WARNING: Couldn't flush system prefs: java.util.prefs.BackingStoreException: Couldn't get file lock.
2025-06-17 11:36:20,892 [ERROR] LogOutputStream:75 - [STDERR_REDIRECT] 
2025-06-17 11:36:50,892 [ERROR] LogOutputStream:75 - [STDERR_REDIRECT] Jun 17, 2025 11:36:50 AM java.util.prefs.FileSystemPreferences checkLockFile0ErrorCode
2025-06-17 11:36:50,893 [ERROR] LogOutputStream:75 - [STDERR_REDIRECT] WARNING: Could not lock System prefs. Unix error code 2.
2025-06-17 11:36:50,893 [ERROR] LogOutputStream:75 - [STDERR_REDIRECT] 
2025-06-17 11:36:50,893 [ERROR] LogOutputStream:75 - [STDERR_REDIRECT] Jun 17, 2025 11:36:50 AM java.util.prefs.FileSystemPreferences syncWorld
2025-06-17 11:36:50,893 [ERROR] LogOutputStream:75 - [STDERR_REDIRECT] WARNING: Couldn't flush system prefs: java.util.prefs.BackingStoreException: Couldn't get file lock.
2025-06-17 11:36:50,893 [ERROR] LogOutputStream:75 - [STDERR_REDIRECT] 
2025-06-17 11:37:20,892 [ERROR] LogOutputStream:75 - [STDERR_REDIRECT] Jun 17, 2025 11:37:20 AM java.util.prefs.FileSystemPreferences checkLockFile0ErrorCode
2025-06-17 11:37:20,893 [ERROR] LogOutputStream:75 - [STDERR_REDIRECT] WARNING: Could not lock System prefs. Unix error code 2.
2025-06-17 11:37:20,893 [ERROR] LogOutputStream:75 - [STDERR_REDIRECT] 
2025-06-17 11:37:20,893 [ERROR] LogOutputStream:75 - [STDERR_REDIRECT] Jun 17, 2025 11:37:20 AM java.util.prefs.FileSystemPreferences syncWorld
2025-06-17 11:37:20,893 [ERROR] LogOutputStream:75 - [STDERR_REDIRECT] WARNING: Couldn't flush system prefs: java.util.prefs.BackingStoreException: Couldn't get file lock.
2025-06-17 11:37:20,894 [ERROR] LogOutputStream:75 - [STDERR_REDIRECT] 
2025-06-17 11:37:50,892 [ERROR] LogOutputStream:75 - [STDERR_REDIRECT] Jun 17, 2025 11:37:50 AM java.util.prefs.FileSystemPreferences checkLockFile0ErrorCode
2025-06-17 11:37:50,892 [ERROR] LogOutputStream:75 - [STDERR_REDIRECT] WARNING: Could not lock System prefs. Unix error code 2.
2025-06-17 11:37:50,892 [ERROR] LogOutputStream:75 - [STDERR_REDIRECT] 
2025-06-17 11:37:50,892 [ERROR] LogOutputStream:75 - [STDERR_REDIRECT] Jun 17, 2025 11:37:50 AM java.util.prefs.FileSystemPreferences syncWorld
2025-06-17 11:37:50,892 [ERROR] LogOutputStream:75 - [STDERR_REDIRECT] WARNING: Couldn't flush system prefs: java.util.prefs.BackingStoreException: Couldn't get file lock.
2025-06-17 11:37:50,892 [ERROR] LogOutputStream:75 - [STDERR_REDIRECT] 
2025-06-17 11:38:20,893 [ERROR] LogOutputStream:75 - [STDERR_REDIRECT] Jun 17, 2025 11:38:20 AM java.util.prefs.FileSystemPreferences checkLockFile0ErrorCode
2025-06-17 11:38:20,893 [ERROR] LogOutputStream:75 - [STDERR_REDIRECT] WARNING: Could not lock System prefs. Unix error code 2.
2025-06-17 11:38:20,893 [ERROR] LogOutputStream:75 - [STDERR_REDIRECT] 
2025-06-17 11:38:20,893 [ERROR] LogOutputStream:75 - [STDERR_REDIRECT] Jun 17, 2025 11:38:20 AM java.util.prefs.FileSystemPreferences syncWorld
2025-06-17 11:38:20,894 [ERROR] LogOutputStream:75 - [STDERR_REDIRECT] WARNING: Couldn't flush system prefs: java.util.prefs.BackingStoreException: Couldn't get file lock.
2025-06-17 11:38:20,894 [ERROR] LogOutputStream:75 - [STDERR_REDIRECT] 
2025-06-17 11:38:50,891 [ERROR] LogOutputStream:75 - [STDERR_REDIRECT] Jun 17, 2025 11:38:50 AM java.util.prefs.FileSystemPreferences checkLockFile0ErrorCode
2025-06-17 11:38:50,891 [ERROR] LogOutputStream:75 - [STDERR_REDIRECT] WARNING: Could not lock System prefs. Unix error code 2.
2025-06-17 11:38:50,891 [ERROR] LogOutputStream:75 - [STDERR_REDIRECT] 
2025-06-17 11:38:50,891 [ERROR] LogOutputStream:75 - [STDERR_REDIRECT] Jun 17, 2025 11:38:50 AM java.util.prefs.FileSystemPreferences syncWorld
2025-06-17 11:38:50,892 [ERROR] LogOutputStream:75 - [STDERR_REDIRECT] WARNING: Couldn't flush system prefs: java.util.prefs.BackingStoreException: Couldn't get file lock.
2025-06-17 11:38:50,892 [ERROR] LogOutputStream:75 - [STDERR_REDIRECT] 
2025-06-17 11:39:20,891 [ERROR] LogOutputStream:75 - [STDERR_REDIRECT] Jun 17, 2025 11:39:20 AM java.util.prefs.FileSystemPreferences checkLockFile0ErrorCode
2025-06-17 11:39:20,891 [ERROR] LogOutputStream:75 - [STDERR_REDIRECT] WARNING: Could not lock System prefs. Unix error code 2.
2025-06-17 11:39:20,892 [ERROR] LogOutputStream:75 - [STDERR_REDIRECT] 
2025-06-17 11:39:20,892 [ERROR] LogOutputStream:75 - [STDERR_REDIRECT] Jun 17, 2025 11:39:20 AM java.util.prefs.FileSystemPreferences syncWorld
2025-06-17 11:39:20,892 [ERROR] LogOutputStream:75 - [STDERR_REDIRECT] WARNING: Couldn't flush system prefs: java.util.prefs.BackingStoreException: Couldn't get file lock.
2025-06-17 11:39:20,892 [ERROR] LogOutputStream:75 - [STDERR_REDIRECT] 
2025-06-17 11:39:50,892 [ERROR] LogOutputStream:75 - [STDERR_REDIRECT] Jun 17, 2025 11:39:50 AM java.util.prefs.FileSystemPreferences checkLockFile0ErrorCode
2025-06-17 11:39:50,892 [ERROR] LogOutputStream:75 - [STDERR_REDIRECT] WARNING: Could not lock System prefs. Unix error code 2.
2025-06-17 11:39:50,892 [ERROR] LogOutputStream:75 - [STDERR_REDIRECT] 
2025-06-17 11:39:50,892 [ERROR] LogOutputStream:75 - [STDERR_REDIRECT] Jun 17, 2025 11:39:50 AM java.util.prefs.FileSystemPreferences syncWorld
2025-06-17 11:39:50,892 [ERROR] LogOutputStream:75 - [STDERR_REDIRECT] WARNING: Couldn't flush system prefs: java.util.prefs.BackingStoreException: Couldn't get file lock.
2025-06-17 11:39:50,892 [ERROR] LogOutputStream:75 - [STDERR_REDIRECT] 
2025-06-17 11:40:20,892 [ERROR] LogOutputStream:75 - [STDERR_REDIRECT] Jun 17, 2025 11:40:20 AM java.util.prefs.FileSystemPreferences checkLockFile0ErrorCode
2025-06-17 11:40:20,892 [ERROR] LogOutputStream:75 - [STDERR_REDIRECT] WARNING: Could not lock System prefs. Unix error code 2.
2025-06-17 11:40:20,892 [ERROR] LogOutputStream:75 - [STDERR_REDIRECT] 
2025-06-17 11:40:20,892 [ERROR] LogOutputStream:75 - [STDERR_REDIRECT] Jun 17, 2025 11:40:20 AM java.util.prefs.FileSystemPreferences syncWorld
2025-06-17 11:40:20,892 [ERROR] LogOutputStream:75 - [STDERR_REDIRECT] WARNING: Couldn't flush system prefs: java.util.prefs.BackingStoreException: Couldn't get file lock.
2025-06-17 11:40:20,892 [ERROR] LogOutputStream:75 - [STDERR_REDIRECT] 
2025-06-17 11:40:50,892 [ERROR] LogOutputStream:75 - [STDERR_REDIRECT] Jun 17, 2025 11:40:50 AM java.util.prefs.FileSystemPreferences checkLockFile0ErrorCode
2025-06-17 11:40:50,892 [ERROR] LogOutputStream:75 - [STDERR_REDIRECT] WARNING: Could not lock System prefs. Unix error code 2.
2025-06-17 11:40:50,892 [ERROR] LogOutputStream:75 - [STDERR_REDIRECT] 
2025-06-17 11:40:50,892 [ERROR] LogOutputStream:75 - [STDERR_REDIRECT] Jun 17, 2025 11:40:50 AM java.util.prefs.FileSystemPreferences syncWorld
2025-06-17 11:40:50,892 [ERROR] LogOutputStream:75 - [STDERR_REDIRECT] WARNING: Couldn't flush system prefs: java.util.prefs.BackingStoreException: Couldn't get file lock.
2025-06-17 11:40:50,892 [ERROR] LogOutputStream:75 - [STDERR_REDIRECT] 
2025-06-17 11:41:20,893 [ERROR] LogOutputStream:75 - [STDERR_REDIRECT] Jun 17, 2025 11:41:20 AM java.util.prefs.FileSystemPreferences checkLockFile0ErrorCode
2025-06-17 11:41:20,893 [ERROR] LogOutputStream:75 - [STDERR_REDIRECT] WARNING: Could not lock System prefs. Unix error code 2.
2025-06-17 11:41:20,893 [ERROR] LogOutputStream:75 - [STDERR_REDIRECT] 
2025-06-17 11:41:20,893 [ERROR] LogOutputStream:75 - [STDERR_REDIRECT] Jun 17, 2025 11:41:20 AM java.util.prefs.FileSystemPreferences syncWorld
2025-06-17 11:41:20,894 [ERROR] LogOutputStream:75 - [STDERR_REDIRECT] WARNING: Couldn't flush system prefs: java.util.prefs.BackingStoreException: Couldn't get file lock.
2025-06-17 11:41:20,894 [ERROR] LogOutputStream:75 - [STDERR_REDIRECT] 
2025-06-17 11:41:50,893 [ERROR] LogOutputStream:75 - [STDERR_REDIRECT] Jun 17, 2025 11:41:50 AM java.util.prefs.FileSystemPreferences checkLockFile0ErrorCode
2025-06-17 11:41:50,893 [ERROR] LogOutputStream:75 - [STDERR_REDIRECT] WARNING: Could not lock System prefs. Unix error code 2.
2025-06-17 11:41:50,893 [ERROR] LogOutputStream:75 - [STDERR_REDIRECT] 
2025-06-17 11:41:50,893 [ERROR] LogOutputStream:75 - [STDERR_REDIRECT] Jun 17, 2025 11:41:50 AM java.util.prefs.FileSystemPreferences syncWorld
2025-06-17 11:41:50,893 [ERROR] LogOutputStream:75 - [STDERR_REDIRECT] WARNING: Couldn't flush system prefs: java.util.prefs.BackingStoreException: Couldn't get file lock.
2025-06-17 11:41:50,894 [ERROR] LogOutputStream:75 - [STDERR_REDIRECT] 
2025-06-17 11:42:20,893 [ERROR] LogOutputStream:75 - [STDERR_REDIRECT] Jun 17, 2025 11:42:20 AM java.util.prefs.FileSystemPreferences checkLockFile0ErrorCode
2025-06-17 11:42:20,893 [ERROR] LogOutputStream:75 - [STDERR_REDIRECT] WARNING: Could not lock System prefs. Unix error code 2.
2025-06-17 11:42:20,893 [ERROR] LogOutputStream:75 - [STDERR_REDIRECT] 
2025-06-17 11:42:20,893 [ERROR] LogOutputStream:75 - [STDERR_REDIRECT] Jun 17, 2025 11:42:20 AM java.util.prefs.FileSystemPreferences syncWorld
2025-06-17 11:42:20,894 [ERROR] LogOutputStream:75 - [STDERR_REDIRECT] WARNING: Couldn't flush system prefs: java.util.prefs.BackingStoreException: Couldn't get file lock.
2025-06-17 11:42:20,894 [ERROR] LogOutputStream:75 - [STDERR_REDIRECT] 
2025-06-17 11:42:50,892 [ERROR] LogOutputStream:75 - [STDERR_REDIRECT] Jun 17, 2025 11:42:50 AM java.util.prefs.FileSystemPreferences checkLockFile0ErrorCode
2025-06-17 11:42:50,892 [ERROR] LogOutputStream:75 - [STDERR_REDIRECT] WARNING: Could not lock System prefs. Unix error code 2.
2025-06-17 11:42:50,892 [ERROR] LogOutputStream:75 - [STDERR_REDIRECT] 
2025-06-17 11:42:50,892 [ERROR] LogOutputStream:75 - [STDERR_REDIRECT] Jun 17, 2025 11:42:50 AM java.util.prefs.FileSystemPreferences syncWorld
2025-06-17 11:42:50,892 [ERROR] LogOutputStream:75 - [STDERR_REDIRECT] WARNING: Couldn't flush system prefs: java.util.prefs.BackingStoreException: Couldn't get file lock.
2025-06-17 11:42:50,892 [ERROR] LogOutputStream:75 - [STDERR_REDIRECT] 
2025-06-17 11:43:20,892 [ERROR] LogOutputStream:75 - [STDERR_REDIRECT] Jun 17, 2025 11:43:20 AM java.util.prefs.FileSystemPreferences checkLockFile0ErrorCode
2025-06-17 11:43:20,892 [ERROR] LogOutputStream:75 - [STDERR_REDIRECT] WARNING: Could not lock System prefs. Unix error code 2.
2025-06-17 11:43:20,892 [ERROR] LogOutputStream:75 - [STDERR_REDIRECT] 
2025-06-17 11:43:20,892 [ERROR] LogOutputStream:75 - [STDERR_REDIRECT] Jun 17, 2025 11:43:20 AM java.util.prefs.FileSystemPreferences syncWorld
2025-06-17 11:43:20,892 [ERROR] LogOutputStream:75 - [STDERR_REDIRECT] WARNING: Couldn't flush system prefs: java.util.prefs.BackingStoreException: Couldn't get file lock.
2025-06-17 11:43:20,892 [ERROR] LogOutputStream:75 - [STDERR_REDIRECT] 
2025-06-17 11:43:50,892 [ERROR] LogOutputStream:75 - [STDERR_REDIRECT] Jun 17, 2025 11:43:50 AM java.util.prefs.FileSystemPreferences checkLockFile0ErrorCode
2025-06-17 11:43:50,893 [ERROR] LogOutputStream:75 - [STDERR_REDIRECT] WARNING: Could not lock System prefs. Unix error code 2.
2025-06-17 11:43:50,893 [ERROR] LogOutputStream:75 - [STDERR_REDIRECT] 
2025-06-17 11:43:50,893 [ERROR] LogOutputStream:75 - [STDERR_REDIRECT] Jun 17, 2025 11:43:50 AM java.util.prefs.FileSystemPreferences syncWorld
2025-06-17 11:43:50,893 [ERROR] LogOutputStream:75 - [STDERR_REDIRECT] WARNING: Couldn't flush system prefs: java.util.prefs.BackingStoreException: Couldn't get file lock.
2025-06-17 11:43:50,893 [ERROR] LogOutputStream:75 - [STDERR_REDIRECT] 
2025-06-17 11:44:20,893 [ERROR] LogOutputStream:75 - [STDERR_REDIRECT] Jun 17, 2025 11:44:20 AM java.util.prefs.FileSystemPreferences checkLockFile0ErrorCode
2025-06-17 11:44:20,893 [ERROR] LogOutputStream:75 - [STDERR_REDIRECT] WARNING: Could not lock System prefs. Unix error code 2.
2025-06-17 11:44:20,893 [ERROR] LogOutputStream:75 - [STDERR_REDIRECT] 
2025-06-17 11:44:20,893 [ERROR] LogOutputStream:75 - [STDERR_REDIRECT] Jun 17, 2025 11:44:20 AM java.util.prefs.FileSystemPreferences syncWorld
2025-06-17 11:44:20,893 [ERROR] LogOutputStream:75 - [STDERR_REDIRECT] WARNING: Couldn't flush system prefs: java.util.prefs.BackingStoreException: Couldn't get file lock.
2025-06-17 11:44:20,894 [ERROR] LogOutputStream:75 - [STDERR_REDIRECT] 
2025-06-17 11:44:50,892 [ERROR] LogOutputStream:75 - [STDERR_REDIRECT] Jun 17, 2025 11:44:50 AM java.util.prefs.FileSystemPreferences checkLockFile0ErrorCode
2025-06-17 11:44:50,892 [ERROR] LogOutputStream:75 - [STDERR_REDIRECT] WARNING: Could not lock System prefs. Unix error code 2.
2025-06-17 11:44:50,893 [ERROR] LogOutputStream:75 - [STDERR_REDIRECT] 
2025-06-17 11:44:50,893 [ERROR] LogOutputStream:75 - [STDERR_REDIRECT] Jun 17, 2025 11:44:50 AM java.util.prefs.FileSystemPreferences syncWorld
2025-06-17 11:44:50,893 [ERROR] LogOutputStream:75 - [STDERR_REDIRECT] WARNING: Couldn't flush system prefs: java.util.prefs.BackingStoreException: Couldn't get file lock.
2025-06-17 11:44:50,893 [ERROR] LogOutputStream:75 - [STDERR_REDIRECT] 
2025-06-17 11:45:20,893 [ERROR] LogOutputStream:75 - [STDERR_REDIRECT] Jun 17, 2025 11:45:20 AM java.util.prefs.FileSystemPreferences checkLockFile0ErrorCode
2025-06-17 11:45:20,893 [ERROR] LogOutputStream:75 - [STDERR_REDIRECT] WARNING: Could not lock System prefs. Unix error code 2.
2025-06-17 11:45:20,894 [ERROR] LogOutputStream:75 - [STDERR_REDIRECT] 
2025-06-17 11:45:20,894 [ERROR] LogOutputStream:75 - [STDERR_REDIRECT] Jun 17, 2025 11:45:20 AM java.util.prefs.FileSystemPreferences syncWorld
2025-06-17 11:45:20,894 [ERROR] LogOutputStream:75 - [STDERR_REDIRECT] WARNING: Couldn't flush system prefs: java.util.prefs.BackingStoreException: Couldn't get file lock.
2025-06-17 11:45:20,894 [ERROR] LogOutputStream:75 - [STDERR_REDIRECT] 
2025-06-17 11:45:50,893 [ERROR] LogOutputStream:75 - [STDERR_REDIRECT] Jun 17, 2025 11:45:50 AM java.util.prefs.FileSystemPreferences checkLockFile0ErrorCode
2025-06-17 11:45:50,893 [ERROR] LogOutputStream:75 - [STDERR_REDIRECT] WARNING: Could not lock System prefs. Unix error code 2.
2025-06-17 11:45:50,893 [ERROR] LogOutputStream:75 - [STDERR_REDIRECT] 
2025-06-17 11:45:50,894 [ERROR] LogOutputStream:75 - [STDERR_REDIRECT] Jun 17, 2025 11:45:50 AM java.util.prefs.FileSystemPreferences syncWorld
2025-06-17 11:45:50,894 [ERROR] LogOutputStream:75 - [STDERR_REDIRECT] WARNING: Couldn't flush system prefs: java.util.prefs.BackingStoreException: Couldn't get file lock.
2025-06-17 11:45:50,894 [ERROR] LogOutputStream:75 - [STDERR_REDIRECT] 
2025-06-17 11:46:20,894 [ERROR] LogOutputStream:75 - [STDERR_REDIRECT] Jun 17, 2025 11:46:20 AM java.util.prefs.FileSystemPreferences checkLockFile0ErrorCode
2025-06-17 11:46:20,894 [ERROR] LogOutputStream:75 - [STDERR_REDIRECT] WARNING: Could not lock System prefs. Unix error code 2.
2025-06-17 11:46:20,894 [ERROR] LogOutputStream:75 - [STDERR_REDIRECT] 
2025-06-17 11:46:20,894 [ERROR] LogOutputStream:75 - [STDERR_REDIRECT] Jun 17, 2025 11:46:20 AM java.util.prefs.FileSystemPreferences syncWorld
2025-06-17 11:46:20,894 [ERROR] LogOutputStream:75 - [STDERR_REDIRECT] WARNING: Couldn't flush system prefs: java.util.prefs.BackingStoreException: Couldn't get file lock.
2025-06-17 11:46:20,894 [ERROR] LogOutputStream:75 - [STDERR_REDIRECT] 
2025-06-17 11:46:50,894 [ERROR] LogOutputStream:75 - [STDERR_REDIRECT] Jun 17, 2025 11:46:50 AM java.util.prefs.FileSystemPreferences checkLockFile0ErrorCode
2025-06-17 11:46:50,895 [ERROR] LogOutputStream:75 - [STDERR_REDIRECT] WARNING: Could not lock System prefs. Unix error code 2.
2025-06-17 11:46:50,895 [ERROR] LogOutputStream:75 - [STDERR_REDIRECT] 
2025-06-17 11:46:50,895 [ERROR] LogOutputStream:75 - [STDERR_REDIRECT] Jun 17, 2025 11:46:50 AM java.util.prefs.FileSystemPreferences syncWorld
2025-06-17 11:46:50,895 [ERROR] LogOutputStream:75 - [STDERR_REDIRECT] WARNING: Couldn't flush system prefs: java.util.prefs.BackingStoreException: Couldn't get file lock.
2025-06-17 11:46:50,895 [ERROR] LogOutputStream:75 - [STDERR_REDIRECT] 
2025-06-17 11:47:20,894 [ERROR] LogOutputStream:75 - [STDERR_REDIRECT] Jun 17, 2025 11:47:20 AM java.util.prefs.FileSystemPreferences checkLockFile0ErrorCode
2025-06-17 11:47:20,894 [ERROR] LogOutputStream:75 - [STDERR_REDIRECT] WARNING: Could not lock System prefs. Unix error code 2.
2025-06-17 11:47:20,894 [ERROR] LogOutputStream:75 - [STDERR_REDIRECT] 
2025-06-17 11:47:20,895 [ERROR] LogOutputStream:75 - [STDERR_REDIRECT] Jun 17, 2025 11:47:20 AM java.util.prefs.FileSystemPreferences syncWorld
2025-06-17 11:47:20,895 [ERROR] LogOutputStream:75 - [STDERR_REDIRECT] WARNING: Couldn't flush system prefs: java.util.prefs.BackingStoreException: Couldn't get file lock.
2025-06-17 11:47:20,895 [ERROR] LogOutputStream:75 - [STDERR_REDIRECT] 
2025-06-17 11:47:50,893 [ERROR] LogOutputStream:75 - [STDERR_REDIRECT] Jun 17, 2025 11:47:50 AM java.util.prefs.FileSystemPreferences checkLockFile0ErrorCode
2025-06-17 11:47:50,894 [ERROR] LogOutputStream:75 - [STDERR_REDIRECT] WARNING: Could not lock System prefs. Unix error code 2.
2025-06-17 11:47:50,894 [ERROR] LogOutputStream:75 - [STDERR_REDIRECT] 
2025-06-17 11:47:50,894 [ERROR] LogOutputStream:75 - [STDERR_REDIRECT] Jun 17, 2025 11:47:50 AM java.util.prefs.FileSystemPreferences syncWorld
2025-06-17 11:47:50,894 [ERROR] LogOutputStream:75 - [STDERR_REDIRECT] WARNING: Couldn't flush system prefs: java.util.prefs.BackingStoreException: Couldn't get file lock.
2025-06-17 11:47:50,894 [ERROR] LogOutputStream:75 - [STDERR_REDIRECT] 
2025-06-17 11:48:20,895 [ERROR] LogOutputStream:75 - [STDERR_REDIRECT] Jun 17, 2025 11:48:20 AM java.util.prefs.FileSystemPreferences checkLockFile0ErrorCode
2025-06-17 11:48:20,895 [ERROR] LogOutputStream:75 - [STDERR_REDIRECT] WARNING: Could not lock System prefs. Unix error code 2.
2025-06-17 11:48:20,895 [ERROR] LogOutputStream:75 - [STDERR_REDIRECT] 
2025-06-17 11:48:20,895 [ERROR] LogOutputStream:75 - [STDERR_REDIRECT] Jun 17, 2025 11:48:20 AM java.util.prefs.FileSystemPreferences syncWorld
2025-06-17 11:48:20,895 [ERROR] LogOutputStream:75 - [STDERR_REDIRECT] WARNING: Couldn't flush system prefs: java.util.prefs.BackingStoreException: Couldn't get file lock.
2025-06-17 11:48:20,895 [ERROR] LogOutputStream:75 - [STDERR_REDIRECT] 
2025-06-17 11:48:50,895 [ERROR] LogOutputStream:75 - [STDERR_REDIRECT] Jun 17, 2025 11:48:50 AM java.util.prefs.FileSystemPreferences checkLockFile0ErrorCode
2025-06-17 11:48:50,896 [ERROR] LogOutputStream:75 - [STDERR_REDIRECT] WARNING: Could not lock System prefs. Unix error code 2.
2025-06-17 11:48:50,896 [ERROR] LogOutputStream:75 - [STDERR_REDIRECT] 
2025-06-17 11:48:50,896 [ERROR] LogOutputStream:75 - [STDERR_REDIRECT] Jun 17, 2025 11:48:50 AM java.util.prefs.FileSystemPreferences syncWorld
2025-06-17 11:48:50,896 [ERROR] LogOutputStream:75 - [STDERR_REDIRECT] WARNING: Couldn't flush system prefs: java.util.prefs.BackingStoreException: Couldn't get file lock.
2025-06-17 11:48:50,896 [ERROR] LogOutputStream:75 - [STDERR_REDIRECT] 
2025-06-17 11:49:20,895 [ERROR] LogOutputStream:75 - [STDERR_REDIRECT] Jun 17, 2025 11:49:20 AM java.util.prefs.FileSystemPreferences checkLockFile0ErrorCode
2025-06-17 11:49:20,896 [ERROR] LogOutputStream:75 - [STDERR_REDIRECT] WARNING: Could not lock System prefs. Unix error code 2.
2025-06-17 11:49:20,896 [ERROR] LogOutputStream:75 - [STDERR_REDIRECT] 
2025-06-17 11:49:20,896 [ERROR] LogOutputStream:75 - [STDERR_REDIRECT] Jun 17, 2025 11:49:20 AM java.util.prefs.FileSystemPreferences syncWorld
2025-06-17 11:49:20,896 [ERROR] LogOutputStream:75 - [STDERR_REDIRECT] WARNING: Couldn't flush system prefs: java.util.prefs.BackingStoreException: Couldn't get file lock.
2025-06-17 11:49:20,896 [ERROR] LogOutputStream:75 - [STDERR_REDIRECT] 
2025-06-17 11:49:50,896 [ERROR] LogOutputStream:75 - [STDERR_REDIRECT] Jun 17, 2025 11:49:50 AM java.util.prefs.FileSystemPreferences checkLockFile0ErrorCode
2025-06-17 11:49:50,896 [ERROR] LogOutputStream:75 - [STDERR_REDIRECT] WARNING: Could not lock System prefs. Unix error code 2.
2025-06-17 11:49:50,896 [ERROR] LogOutputStream:75 - [STDERR_REDIRECT] 
2025-06-17 11:49:50,896 [ERROR] LogOutputStream:75 - [STDERR_REDIRECT] Jun 17, 2025 11:49:50 AM java.util.prefs.FileSystemPreferences syncWorld
2025-06-17 11:49:50,896 [ERROR] LogOutputStream:75 - [STDERR_REDIRECT] WARNING: Couldn't flush system prefs: java.util.prefs.BackingStoreException: Couldn't get file lock.
2025-06-17 11:49:50,896 [ERROR] LogOutputStream:75 - [STDERR_REDIRECT] 
2025-06-17 11:50:20,896 [ERROR] LogOutputStream:75 - [STDERR_REDIRECT] Jun 17, 2025 11:50:20 AM java.util.prefs.FileSystemPreferences checkLockFile0ErrorCode
2025-06-17 11:50:20,896 [ERROR] LogOutputStream:75 - [STDERR_REDIRECT] WARNING: Could not lock System prefs. Unix error code 2.
2025-06-17 11:50:20,896 [ERROR] LogOutputStream:75 - [STDERR_REDIRECT] 
2025-06-17 11:50:20,896 [ERROR] LogOutputStream:75 - [STDERR_REDIRECT] Jun 17, 2025 11:50:20 AM java.util.prefs.FileSystemPreferences syncWorld
2025-06-17 11:50:20,896 [ERROR] LogOutputStream:75 - [STDERR_REDIRECT] WARNING: Couldn't flush system prefs: java.util.prefs.BackingStoreException: Couldn't get file lock.
2025-06-17 11:50:20,896 [ERROR] LogOutputStream:75 - [STDERR_REDIRECT] 
2025-06-17 11:50:50,896 [ERROR] LogOutputStream:75 - [STDERR_REDIRECT] Jun 17, 2025 11:50:50 AM java.util.prefs.FileSystemPreferences checkLockFile0ErrorCode
2025-06-17 11:50:50,897 [ERROR] LogOutputStream:75 - [STDERR_REDIRECT] WARNING: Could not lock System prefs. Unix error code 2.
2025-06-17 11:50:50,897 [ERROR] LogOutputStream:75 - [STDERR_REDIRECT] 
2025-06-17 11:50:50,897 [ERROR] LogOutputStream:75 - [STDERR_REDIRECT] Jun 17, 2025 11:50:50 AM java.util.prefs.FileSystemPreferences syncWorld
2025-06-17 11:50:50,898 [ERROR] LogOutputStream:75 - [STDERR_REDIRECT] WARNING: Couldn't flush system prefs: java.util.prefs.BackingStoreException: Couldn't get file lock.
2025-06-17 11:50:50,898 [ERROR] LogOutputStream:75 - [STDERR_REDIRECT] 
2025-06-17 11:51:20,895 [ERROR] LogOutputStream:75 - [STDERR_REDIRECT] Jun 17, 2025 11:51:20 AM java.util.prefs.FileSystemPreferences checkLockFile0ErrorCode
2025-06-17 11:51:20,895 [ERROR] LogOutputStream:75 - [STDERR_REDIRECT] WARNING: Could not lock System prefs. Unix error code 2.
2025-06-17 11:51:20,895 [ERROR] LogOutputStream:75 - [STDERR_REDIRECT] 
2025-06-17 11:51:20,895 [ERROR] LogOutputStream:75 - [STDERR_REDIRECT] Jun 17, 2025 11:51:20 AM java.util.prefs.FileSystemPreferences syncWorld
2025-06-17 11:51:20,895 [ERROR] LogOutputStream:75 - [STDERR_REDIRECT] WARNING: Couldn't flush system prefs: java.util.prefs.BackingStoreException: Couldn't get file lock.
2025-06-17 11:51:20,895 [ERROR] LogOutputStream:75 - [STDERR_REDIRECT] 
2025-06-17 11:51:50,895 [ERROR] LogOutputStream:75 - [STDERR_REDIRECT] Jun 17, 2025 11:51:50 AM java.util.prefs.FileSystemPreferences checkLockFile0ErrorCode
2025-06-17 11:51:50,895 [ERROR] LogOutputStream:75 - [STDERR_REDIRECT] WARNING: Could not lock System prefs. Unix error code 2.
2025-06-17 11:51:50,895 [ERROR] LogOutputStream:75 - [STDERR_REDIRECT] 
2025-06-17 11:51:50,895 [ERROR] LogOutputStream:75 - [STDERR_REDIRECT] Jun 17, 2025 11:51:50 AM java.util.prefs.FileSystemPreferences syncWorld
2025-06-17 11:51:50,895 [ERROR] LogOutputStream:75 - [STDERR_REDIRECT] WARNING: Couldn't flush system prefs: java.util.prefs.BackingStoreException: Couldn't get file lock.
2025-06-17 11:51:50,895 [ERROR] LogOutputStream:75 - [STDERR_REDIRECT] 
2025-06-17 11:52:20,895 [ERROR] LogOutputStream:75 - [STDERR_REDIRECT] Jun 17, 2025 11:52:20 AM java.util.prefs.FileSystemPreferences checkLockFile0ErrorCode
2025-06-17 11:52:20,895 [ERROR] LogOutputStream:75 - [STDERR_REDIRECT] WARNING: Could not lock System prefs. Unix error code 2.
2025-06-17 11:52:20,895 [ERROR] LogOutputStream:75 - [STDERR_REDIRECT] 
2025-06-17 11:52:20,895 [ERROR] LogOutputStream:75 - [STDERR_REDIRECT] Jun 17, 2025 11:52:20 AM java.util.prefs.FileSystemPreferences syncWorld
2025-06-17 11:52:20,895 [ERROR] LogOutputStream:75 - [STDERR_REDIRECT] WARNING: Couldn't flush system prefs: java.util.prefs.BackingStoreException: Couldn't get file lock.
2025-06-17 11:52:20,895 [ERROR] LogOutputStream:75 - [STDERR_REDIRECT] 
2025-06-17 11:52:50,895 [ERROR] LogOutputStream:75 - [STDERR_REDIRECT] Jun 17, 2025 11:52:50 AM java.util.prefs.FileSystemPreferences checkLockFile0ErrorCode
2025-06-17 11:52:50,895 [ERROR] LogOutputStream:75 - [STDERR_REDIRECT] WARNING: Could not lock System prefs. Unix error code 2.
2025-06-17 11:52:50,895 [ERROR] LogOutputStream:75 - [STDERR_REDIRECT] 
2025-06-17 11:52:50,895 [ERROR] LogOutputStream:75 - [STDERR_REDIRECT] Jun 17, 2025 11:52:50 AM java.util.prefs.FileSystemPreferences syncWorld
2025-06-17 11:52:50,895 [ERROR] LogOutputStream:75 - [STDERR_REDIRECT] WARNING: Couldn't flush system prefs: java.util.prefs.BackingStoreException: Couldn't get file lock.
2025-06-17 11:52:50,895 [ERROR] LogOutputStream:75 - [STDERR_REDIRECT] 
2025-06-17 11:53:20,895 [ERROR] LogOutputStream:75 - [STDERR_REDIRECT] Jun 17, 2025 11:53:20 AM java.util.prefs.FileSystemPreferences checkLockFile0ErrorCode
2025-06-17 11:53:20,895 [ERROR] LogOutputStream:75 - [STDERR_REDIRECT] WARNING: Could not lock System prefs. Unix error code 2.
2025-06-17 11:53:20,895 [ERROR] LogOutputStream:75 - [STDERR_REDIRECT] 
2025-06-17 11:53:20,896 [ERROR] LogOutputStream:75 - [STDERR_REDIRECT] Jun 17, 2025 11:53:20 AM java.util.prefs.FileSystemPreferences syncWorld
2025-06-17 11:53:20,896 [ERROR] LogOutputStream:75 - [STDERR_REDIRECT] WARNING: Couldn't flush system prefs: java.util.prefs.BackingStoreException: Couldn't get file lock.
2025-06-17 11:53:20,896 [ERROR] LogOutputStream:75 - [STDERR_REDIRECT] 
2025-06-17 11:53:50,895 [ERROR] LogOutputStream:75 - [STDERR_REDIRECT] Jun 17, 2025 11:53:50 AM java.util.prefs.FileSystemPreferences checkLockFile0ErrorCode
2025-06-17 11:53:50,895 [ERROR] LogOutputStream:75 - [STDERR_REDIRECT] WARNING: Could not lock System prefs. Unix error code 2.
2025-06-17 11:53:50,895 [ERROR] LogOutputStream:75 - [STDERR_REDIRECT] 
2025-06-17 11:53:50,895 [ERROR] LogOutputStream:75 - [STDERR_REDIRECT] Jun 17, 2025 11:53:50 AM java.util.prefs.FileSystemPreferences syncWorld
2025-06-17 11:53:50,895 [ERROR] LogOutputStream:75 - [STDERR_REDIRECT] WARNING: Couldn't flush system prefs: java.util.prefs.BackingStoreException: Couldn't get file lock.
2025-06-17 11:53:50,895 [ERROR] LogOutputStream:75 - [STDERR_REDIRECT] 
2025-06-17 11:54:20,895 [ERROR] LogOutputStream:75 - [STDERR_REDIRECT] Jun 17, 2025 11:54:20 AM java.util.prefs.FileSystemPreferences checkLockFile0ErrorCode
2025-06-17 11:54:20,895 [ERROR] LogOutputStream:75 - [STDERR_REDIRECT] WARNING: Could not lock System prefs. Unix error code 2.
2025-06-17 11:54:20,895 [ERROR] LogOutputStream:75 - [STDERR_REDIRECT] 
2025-06-17 11:54:20,896 [ERROR] LogOutputStream:75 - [STDERR_REDIRECT] Jun 17, 2025 11:54:20 AM java.util.prefs.FileSystemPreferences syncWorld
2025-06-17 11:54:20,896 [ERROR] LogOutputStream:75 - [STDERR_REDIRECT] WARNING: Couldn't flush system prefs: java.util.prefs.BackingStoreException: Couldn't get file lock.
2025-06-17 11:54:20,896 [ERROR] LogOutputStream:75 - [STDERR_REDIRECT] 
2025-06-17 11:54:50,895 [ERROR] LogOutputStream:75 - [STDERR_REDIRECT] Jun 17, 2025 11:54:50 AM java.util.prefs.FileSystemPreferences checkLockFile0ErrorCode
2025-06-17 11:54:50,895 [ERROR] LogOutputStream:75 - [STDERR_REDIRECT] WARNING: Could not lock System prefs. Unix error code 2.
2025-06-17 11:54:50,895 [ERROR] LogOutputStream:75 - [STDERR_REDIRECT] 
2025-06-17 11:54:50,895 [ERROR] LogOutputStream:75 - [STDERR_REDIRECT] Jun 17, 2025 11:54:50 AM java.util.prefs.FileSystemPreferences syncWorld
2025-06-17 11:54:50,895 [ERROR] LogOutputStream:75 - [STDERR_REDIRECT] WARNING: Couldn't flush system prefs: java.util.prefs.BackingStoreException: Couldn't get file lock.
2025-06-17 11:54:50,895 [ERROR] LogOutputStream:75 - [STDERR_REDIRECT] 
2025-06-17 11:55:20,895 [ERROR] LogOutputStream:75 - [STDERR_REDIRECT] Jun 17, 2025 11:55:20 AM java.util.prefs.FileSystemPreferences checkLockFile0ErrorCode
2025-06-17 11:55:20,895 [ERROR] LogOutputStream:75 - [STDERR_REDIRECT] WARNING: Could not lock System prefs. Unix error code 2.
2025-06-17 11:55:20,895 [ERROR] LogOutputStream:75 - [STDERR_REDIRECT] 
2025-06-17 11:55:20,895 [ERROR] LogOutputStream:75 - [STDERR_REDIRECT] Jun 17, 2025 11:55:20 AM java.util.prefs.FileSystemPreferences syncWorld
2025-06-17 11:55:20,895 [ERROR] LogOutputStream:75 - [STDERR_REDIRECT] WARNING: Couldn't flush system prefs: java.util.prefs.BackingStoreException: Couldn't get file lock.
2025-06-17 11:55:20,895 [ERROR] LogOutputStream:75 - [STDERR_REDIRECT] 
2025-06-17 11:55:50,896 [ERROR] LogOutputStream:75 - [STDERR_REDIRECT] Jun 17, 2025 11:55:50 AM java.util.prefs.FileSystemPreferences checkLockFile0ErrorCode
2025-06-17 11:55:50,896 [ERROR] LogOutputStream:75 - [STDERR_REDIRECT] WARNING: Could not lock System prefs. Unix error code 2.
2025-06-17 11:55:50,896 [ERROR] LogOutputStream:75 - [STDERR_REDIRECT] 
2025-06-17 11:55:50,896 [ERROR] LogOutputStream:75 - [STDERR_REDIRECT] Jun 17, 2025 11:55:50 AM java.util.prefs.FileSystemPreferences syncWorld
2025-06-17 11:55:50,896 [ERROR] LogOutputStream:75 - [STDERR_REDIRECT] WARNING: Couldn't flush system prefs: java.util.prefs.BackingStoreException: Couldn't get file lock.
2025-06-17 11:55:50,897 [ERROR] LogOutputStream:75 - [STDERR_REDIRECT] 
2025-06-17 11:56:20,895 [ERROR] LogOutputStream:75 - [STDERR_REDIRECT] Jun 17, 2025 11:56:20 AM java.util.prefs.FileSystemPreferences checkLockFile0ErrorCode
2025-06-17 11:56:20,895 [ERROR] LogOutputStream:75 - [STDERR_REDIRECT] WARNING: Could not lock System prefs. Unix error code 2.
2025-06-17 11:56:20,895 [ERROR] LogOutputStream:75 - [STDERR_REDIRECT] 
2025-06-17 11:56:20,895 [ERROR] LogOutputStream:75 - [STDERR_REDIRECT] Jun 17, 2025 11:56:20 AM java.util.prefs.FileSystemPreferences syncWorld
2025-06-17 11:56:20,895 [ERROR] LogOutputStream:75 - [STDERR_REDIRECT] WARNING: Couldn't flush system prefs: java.util.prefs.BackingStoreException: Couldn't get file lock.
2025-06-17 11:56:20,895 [ERROR] LogOutputStream:75 - [STDERR_REDIRECT] 
2025-06-17 11:56:50,895 [ERROR] LogOutputStream:75 - [STDERR_REDIRECT] Jun 17, 2025 11:56:50 AM java.util.prefs.FileSystemPreferences checkLockFile0ErrorCode
2025-06-17 11:56:50,895 [ERROR] LogOutputStream:75 - [STDERR_REDIRECT] WARNING: Could not lock System prefs. Unix error code 2.
2025-06-17 11:56:50,895 [ERROR] LogOutputStream:75 - [STDERR_REDIRECT] 
2025-06-17 11:56:50,895 [ERROR] LogOutputStream:75 - [STDERR_REDIRECT] Jun 17, 2025 11:56:50 AM java.util.prefs.FileSystemPreferences syncWorld
2025-06-17 11:56:50,895 [ERROR] LogOutputStream:75 - [STDERR_REDIRECT] WARNING: Couldn't flush system prefs: java.util.prefs.BackingStoreException: Couldn't get file lock.
2025-06-17 11:56:50,895 [ERROR] LogOutputStream:75 - [STDERR_REDIRECT] 
2025-06-17 11:57:20,895 [ERROR] LogOutputStream:75 - [STDERR_REDIRECT] Jun 17, 2025 11:57:20 AM java.util.prefs.FileSystemPreferences checkLockFile0ErrorCode
2025-06-17 11:57:20,895 [ERROR] LogOutputStream:75 - [STDERR_REDIRECT] WARNING: Could not lock System prefs. Unix error code 2.
2025-06-17 11:57:20,895 [ERROR] LogOutputStream:75 - [STDERR_REDIRECT] 
2025-06-17 11:57:20,896 [ERROR] LogOutputStream:75 - [STDERR_REDIRECT] Jun 17, 2025 11:57:20 AM java.util.prefs.FileSystemPreferences syncWorld
2025-06-17 11:57:20,896 [ERROR] LogOutputStream:75 - [STDERR_REDIRECT] WARNING: Couldn't flush system prefs: java.util.prefs.BackingStoreException: Couldn't get file lock.
2025-06-17 11:57:20,896 [ERROR] LogOutputStream:75 - [STDERR_REDIRECT] 
2025-06-17 11:57:50,895 [ERROR] LogOutputStream:75 - [STDERR_REDIRECT] Jun 17, 2025 11:57:50 AM java.util.prefs.FileSystemPreferences checkLockFile0ErrorCode
2025-06-17 11:57:50,895 [ERROR] LogOutputStream:75 - [STDERR_REDIRECT] WARNING: Could not lock System prefs. Unix error code 2.
2025-06-17 11:57:50,895 [ERROR] LogOutputStream:75 - [STDERR_REDIRECT] 
2025-06-17 11:57:50,895 [ERROR] LogOutputStream:75 - [STDERR_REDIRECT] Jun 17, 2025 11:57:50 AM java.util.prefs.FileSystemPreferences syncWorld
2025-06-17 11:57:50,895 [ERROR] LogOutputStream:75 - [STDERR_REDIRECT] WARNING: Couldn't flush system prefs: java.util.prefs.BackingStoreException: Couldn't get file lock.
2025-06-17 11:57:50,895 [ERROR] LogOutputStream:75 - [STDERR_REDIRECT] 
2025-06-17 11:58:20,895 [ERROR] LogOutputStream:75 - [STDERR_REDIRECT] Jun 17, 2025 11:58:20 AM java.util.prefs.FileSystemPreferences checkLockFile0ErrorCode
2025-06-17 11:58:20,896 [ERROR] LogOutputStream:75 - [STDERR_REDIRECT] WARNING: Could not lock System prefs. Unix error code 2.
2025-06-17 11:58:20,896 [ERROR] LogOutputStream:75 - [STDERR_REDIRECT] 
2025-06-17 11:58:20,896 [ERROR] LogOutputStream:75 - [STDERR_REDIRECT] Jun 17, 2025 11:58:20 AM java.util.prefs.FileSystemPreferences syncWorld
2025-06-17 11:58:20,896 [ERROR] LogOutputStream:75 - [STDERR_REDIRECT] WARNING: Couldn't flush system prefs: java.util.prefs.BackingStoreException: Couldn't get file lock.
2025-06-17 11:58:20,896 [ERROR] LogOutputStream:75 - [STDERR_REDIRECT] 
2025-06-17 11:58:50,895 [ERROR] LogOutputStream:75 - [STDERR_REDIRECT] Jun 17, 2025 11:58:50 AM java.util.prefs.FileSystemPreferences checkLockFile0ErrorCode
2025-06-17 11:58:50,895 [ERROR] LogOutputStream:75 - [STDERR_REDIRECT] WARNING: Could not lock System prefs. Unix error code 2.
2025-06-17 11:58:50,895 [ERROR] LogOutputStream:75 - [STDERR_REDIRECT] 
2025-06-17 11:58:50,895 [ERROR] LogOutputStream:75 - [STDERR_REDIRECT] Jun 17, 2025 11:58:50 AM java.util.prefs.FileSystemPreferences syncWorld
2025-06-17 11:58:50,895 [ERROR] LogOutputStream:75 - [STDERR_REDIRECT] WARNING: Couldn't flush system prefs: java.util.prefs.BackingStoreException: Couldn't get file lock.
2025-06-17 11:58:50,895 [ERROR] LogOutputStream:75 - [STDERR_REDIRECT] 
2025-06-17 11:59:20,895 [ERROR] LogOutputStream:75 - [STDERR_REDIRECT] Jun 17, 2025 11:59:20 AM java.util.prefs.FileSystemPreferences checkLockFile0ErrorCode
2025-06-17 11:59:20,895 [ERROR] LogOutputStream:75 - [STDERR_REDIRECT] WARNING: Could not lock System prefs. Unix error code 2.
2025-06-17 11:59:20,895 [ERROR] LogOutputStream:75 - [STDERR_REDIRECT] 
2025-06-17 11:59:20,895 [ERROR] LogOutputStream:75 - [STDERR_REDIRECT] Jun 17, 2025 11:59:20 AM java.util.prefs.FileSystemPreferences syncWorld
2025-06-17 11:59:20,895 [ERROR] LogOutputStream:75 - [STDERR_REDIRECT] WARNING: Couldn't flush system prefs: java.util.prefs.BackingStoreException: Couldn't get file lock.
2025-06-17 11:59:20,895 [ERROR] LogOutputStream:75 - [STDERR_REDIRECT] 
2025-06-17 11:59:50,897 [ERROR] LogOutputStream:75 - [STDERR_REDIRECT] Jun 17, 2025 11:59:50 AM java.util.prefs.FileSystemPreferences checkLockFile0ErrorCode
2025-06-17 11:59:50,897 [ERROR] LogOutputStream:75 - [STDERR_REDIRECT] WARNING: Could not lock System prefs. Unix error code 2.
2025-06-17 11:59:50,897 [ERROR] LogOutputStream:75 - [STDERR_REDIRECT] 
2025-06-17 11:59:50,897 [ERROR] LogOutputStream:75 - [STDERR_REDIRECT] Jun 17, 2025 11:59:50 AM java.util.prefs.FileSystemPreferences syncWorld
2025-06-17 11:59:50,897 [ERROR] LogOutputStream:75 - [STDERR_REDIRECT] WARNING: Couldn't flush system prefs: java.util.prefs.BackingStoreException: Couldn't get file lock.
2025-06-17 11:59:50,897 [ERROR] LogOutputStream:75 - [STDERR_REDIRECT] 
2025-06-17 12:00:20,896 [ERROR] LogOutputStream:75 - [STDERR_REDIRECT] Jun 17, 2025 12:00:20 PM java.util.prefs.FileSystemPreferences checkLockFile0ErrorCode
2025-06-17 12:00:20,896 [ERROR] LogOutputStream:75 - [STDERR_REDIRECT] WARNING: Could not lock System prefs. Unix error code 2.
2025-06-17 12:00:20,896 [ERROR] LogOutputStream:75 - [STDERR_REDIRECT] 
2025-06-17 12:00:20,897 [ERROR] LogOutputStream:75 - [STDERR_REDIRECT] Jun 17, 2025 12:00:20 PM java.util.prefs.FileSystemPreferences syncWorld
2025-06-17 12:00:20,897 [ERROR] LogOutputStream:75 - [STDERR_REDIRECT] WARNING: Couldn't flush system prefs: java.util.prefs.BackingStoreException: Couldn't get file lock.
2025-06-17 12:00:20,897 [ERROR] LogOutputStream:75 - [STDERR_REDIRECT] 
2025-06-17 12:00:50,896 [ERROR] LogOutputStream:75 - [STDERR_REDIRECT] Jun 17, 2025 12:00:50 PM java.util.prefs.FileSystemPreferences checkLockFile0ErrorCode
2025-06-17 12:00:50,896 [ERROR] LogOutputStream:75 - [STDERR_REDIRECT] WARNING: Could not lock System prefs. Unix error code 2.
2025-06-17 12:00:50,896 [ERROR] LogOutputStream:75 - [STDERR_REDIRECT] 
2025-06-17 12:00:50,897 [ERROR] LogOutputStream:75 - [STDERR_REDIRECT] Jun 17, 2025 12:00:50 PM java.util.prefs.FileSystemPreferences syncWorld
2025-06-17 12:00:50,897 [ERROR] LogOutputStream:75 - [STDERR_REDIRECT] WARNING: Couldn't flush system prefs: java.util.prefs.BackingStoreException: Couldn't get file lock.
2025-06-17 12:00:50,897 [ERROR] LogOutputStream:75 - [STDERR_REDIRECT] 
2025-06-17 12:01:20,896 [ERROR] LogOutputStream:75 - [STDERR_REDIRECT] Jun 17, 2025 12:01:20 PM java.util.prefs.FileSystemPreferences checkLockFile0ErrorCode
2025-06-17 12:01:20,896 [ERROR] LogOutputStream:75 - [STDERR_REDIRECT] WARNING: Could not lock System prefs. Unix error code 2.
2025-06-17 12:01:20,896 [ERROR] LogOutputStream:75 - [STDERR_REDIRECT] 
2025-06-17 12:01:20,896 [ERROR] LogOutputStream:75 - [STDERR_REDIRECT] Jun 17, 2025 12:01:20 PM java.util.prefs.FileSystemPreferences syncWorld
2025-06-17 12:01:20,896 [ERROR] LogOutputStream:75 - [STDERR_REDIRECT] WARNING: Couldn't flush system prefs: java.util.prefs.BackingStoreException: Couldn't get file lock.
2025-06-17 12:01:20,896 [ERROR] LogOutputStream:75 - [STDERR_REDIRECT] 
2025-06-17 12:01:50,896 [ERROR] LogOutputStream:75 - [STDERR_REDIRECT] Jun 17, 2025 12:01:50 PM java.util.prefs.FileSystemPreferences checkLockFile0ErrorCode
2025-06-17 12:01:50,896 [ERROR] LogOutputStream:75 - [STDERR_REDIRECT] WARNING: Could not lock System prefs. Unix error code 2.
2025-06-17 12:01:50,896 [ERROR] LogOutputStream:75 - [STDERR_REDIRECT] 
2025-06-17 12:01:50,896 [ERROR] LogOutputStream:75 - [STDERR_REDIRECT] Jun 17, 2025 12:01:50 PM java.util.prefs.FileSystemPreferences syncWorld
2025-06-17 12:01:50,896 [ERROR] LogOutputStream:75 - [STDERR_REDIRECT] WARNING: Couldn't flush system prefs: java.util.prefs.BackingStoreException: Couldn't get file lock.
2025-06-17 12:01:50,896 [ERROR] LogOutputStream:75 - [STDERR_REDIRECT] 
2025-06-17 12:02:20,897 [ERROR] LogOutputStream:75 - [STDERR_REDIRECT] Jun 17, 2025 12:02:20 PM java.util.prefs.FileSystemPreferences checkLockFile0ErrorCode
2025-06-17 12:02:20,897 [ERROR] LogOutputStream:75 - [STDERR_REDIRECT] WARNING: Could not lock System prefs. Unix error code 2.
2025-06-17 12:02:20,897 [ERROR] LogOutputStream:75 - [STDERR_REDIRECT] 
2025-06-17 12:02:20,897 [ERROR] LogOutputStream:75 - [STDERR_REDIRECT] Jun 17, 2025 12:02:20 PM java.util.prefs.FileSystemPreferences syncWorld
2025-06-17 12:02:20,897 [ERROR] LogOutputStream:75 - [STDERR_REDIRECT] WARNING: Couldn't flush system prefs: java.util.prefs.BackingStoreException: Couldn't get file lock.
2025-06-17 12:02:20,897 [ERROR] LogOutputStream:75 - [STDERR_REDIRECT] 
2025-06-17 12:02:50,896 [ERROR] LogOutputStream:75 - [STDERR_REDIRECT] Jun 17, 2025 12:02:50 PM java.util.prefs.FileSystemPreferences checkLockFile0ErrorCode
2025-06-17 12:02:50,897 [ERROR] LogOutputStream:75 - [STDERR_REDIRECT] WARNING: Could not lock System prefs. Unix error code 2.
2025-06-17 12:02:50,897 [ERROR] LogOutputStream:75 - [STDERR_REDIRECT] 
2025-06-17 12:02:50,897 [ERROR] LogOutputStream:75 - [STDERR_REDIRECT] Jun 17, 2025 12:02:50 PM java.util.prefs.FileSystemPreferences syncWorld
2025-06-17 12:02:50,897 [ERROR] LogOutputStream:75 - [STDERR_REDIRECT] WARNING: Couldn't flush system prefs: java.util.prefs.BackingStoreException: Couldn't get file lock.
2025-06-17 12:02:50,897 [ERROR] LogOutputStream:75 - [STDERR_REDIRECT] 
2025-06-17 12:03:20,896 [ERROR] LogOutputStream:75 - [STDERR_REDIRECT] Jun 17, 2025 12:03:20 PM java.util.prefs.FileSystemPreferences checkLockFile0ErrorCode
2025-06-17 12:03:20,896 [ERROR] LogOutputStream:75 - [STDERR_REDIRECT] WARNING: Could not lock System prefs. Unix error code 2.
2025-06-17 12:03:20,896 [ERROR] LogOutputStream:75 - [STDERR_REDIRECT] 
2025-06-17 12:03:20,896 [ERROR] LogOutputStream:75 - [STDERR_REDIRECT] Jun 17, 2025 12:03:20 PM java.util.prefs.FileSystemPreferences syncWorld
2025-06-17 12:03:20,896 [ERROR] LogOutputStream:75 - [STDERR_REDIRECT] WARNING: Couldn't flush system prefs: java.util.prefs.BackingStoreException: Couldn't get file lock.
2025-06-17 12:03:20,897 [ERROR] LogOutputStream:75 - [STDERR_REDIRECT] 
2025-06-17 12:03:50,897 [ERROR] LogOutputStream:75 - [STDERR_REDIRECT] Jun 17, 2025 12:03:50 PM java.util.prefs.FileSystemPreferences checkLockFile0ErrorCode
2025-06-17 12:03:50,897 [ERROR] LogOutputStream:75 - [STDERR_REDIRECT] WARNING: Could not lock System prefs. Unix error code 2.
2025-06-17 12:03:50,897 [ERROR] LogOutputStream:75 - [STDERR_REDIRECT] 
2025-06-17 12:03:50,897 [ERROR] LogOutputStream:75 - [STDERR_REDIRECT] Jun 17, 2025 12:03:50 PM java.util.prefs.FileSystemPreferences syncWorld
2025-06-17 12:03:50,898 [ERROR] LogOutputStream:75 - [STDERR_REDIRECT] WARNING: Couldn't flush system prefs: java.util.prefs.BackingStoreException: Couldn't get file lock.
2025-06-17 12:03:50,898 [ERROR] LogOutputStream:75 - [STDERR_REDIRECT] 
2025-06-17 12:04:20,897 [ERROR] LogOutputStream:75 - [STDERR_REDIRECT] Jun 17, 2025 12:04:20 PM java.util.prefs.FileSystemPreferences checkLockFile0ErrorCode
2025-06-17 12:04:20,897 [ERROR] LogOutputStream:75 - [STDERR_REDIRECT] WARNING: Could not lock System prefs. Unix error code 2.
2025-06-17 12:04:20,897 [ERROR] LogOutputStream:75 - [STDERR_REDIRECT] 
2025-06-17 12:04:20,898 [ERROR] LogOutputStream:75 - [STDERR_REDIRECT] Jun 17, 2025 12:04:20 PM java.util.prefs.FileSystemPreferences syncWorld
2025-06-17 12:04:20,898 [ERROR] LogOutputStream:75 - [STDERR_REDIRECT] WARNING: Couldn't flush system prefs: java.util.prefs.BackingStoreException: Couldn't get file lock.
2025-06-17 12:04:20,898 [ERROR] LogOutputStream:75 - [STDERR_REDIRECT] 
2025-06-17 12:04:50,896 [ERROR] LogOutputStream:75 - [STDERR_REDIRECT] Jun 17, 2025 12:04:50 PM java.util.prefs.FileSystemPreferences checkLockFile0ErrorCode
2025-06-17 12:04:50,897 [ERROR] LogOutputStream:75 - [STDERR_REDIRECT] WARNING: Could not lock System prefs. Unix error code 2.
2025-06-17 12:04:50,897 [ERROR] LogOutputStream:75 - [STDERR_REDIRECT] 
2025-06-17 12:04:50,897 [ERROR] LogOutputStream:75 - [STDERR_REDIRECT] Jun 17, 2025 12:04:50 PM java.util.prefs.FileSystemPreferences syncWorld
2025-06-17 12:04:50,897 [ERROR] LogOutputStream:75 - [STDERR_REDIRECT] WARNING: Couldn't flush system prefs: java.util.prefs.BackingStoreException: Couldn't get file lock.
2025-06-17 12:04:50,897 [ERROR] LogOutputStream:75 - [STDERR_REDIRECT] 
2025-06-17 12:05:20,897 [ERROR] LogOutputStream:75 - [STDERR_REDIRECT] Jun 17, 2025 12:05:20 PM java.util.prefs.FileSystemPreferences checkLockFile0ErrorCode
2025-06-17 12:05:20,897 [ERROR] LogOutputStream:75 - [STDERR_REDIRECT] WARNING: Could not lock System prefs. Unix error code 2.
2025-06-17 12:05:20,897 [ERROR] LogOutputStream:75 - [STDERR_REDIRECT] 
2025-06-17 12:05:20,897 [ERROR] LogOutputStream:75 - [STDERR_REDIRECT] Jun 17, 2025 12:05:20 PM java.util.prefs.FileSystemPreferences syncWorld
2025-06-17 12:05:20,897 [ERROR] LogOutputStream:75 - [STDERR_REDIRECT] WARNING: Couldn't flush system prefs: java.util.prefs.BackingStoreException: Couldn't get file lock.
2025-06-17 12:05:20,897 [ERROR] LogOutputStream:75 - [STDERR_REDIRECT] 
2025-06-17 12:05:50,898 [ERROR] LogOutputStream:75 - [STDERR_REDIRECT] Jun 17, 2025 12:05:50 PM java.util.prefs.FileSystemPreferences checkLockFile0ErrorCode
2025-06-17 12:05:50,898 [ERROR] LogOutputStream:75 - [STDERR_REDIRECT] WARNING: Could not lock System prefs. Unix error code 2.
2025-06-17 12:05:50,898 [ERROR] LogOutputStream:75 - [STDERR_REDIRECT] 
2025-06-17 12:05:50,898 [ERROR] LogOutputStream:75 - [STDERR_REDIRECT] Jun 17, 2025 12:05:50 PM java.util.prefs.FileSystemPreferences syncWorld
2025-06-17 12:05:50,898 [ERROR] LogOutputStream:75 - [STDERR_REDIRECT] WARNING: Couldn't flush system prefs: java.util.prefs.BackingStoreException: Couldn't get file lock.
2025-06-17 12:05:50,898 [ERROR] LogOutputStream:75 - [STDERR_REDIRECT] 
2025-06-17 12:06:20,898 [ERROR] LogOutputStream:75 - [STDERR_REDIRECT] Jun 17, 2025 12:06:20 PM java.util.prefs.FileSystemPreferences checkLockFile0ErrorCode
2025-06-17 12:06:20,899 [ERROR] LogOutputStream:75 - [STDERR_REDIRECT] WARNING: Could not lock System prefs. Unix error code 2.
2025-06-17 12:06:20,899 [ERROR] LogOutputStream:75 - [STDERR_REDIRECT] 
2025-06-17 12:06:20,899 [ERROR] LogOutputStream:75 - [STDERR_REDIRECT] Jun 17, 2025 12:06:20 PM java.util.prefs.FileSystemPreferences syncWorld
2025-06-17 12:06:20,899 [ERROR] LogOutputStream:75 - [STDERR_REDIRECT] WARNING: Couldn't flush system prefs: java.util.prefs.BackingStoreException: Couldn't get file lock.
2025-06-17 12:06:20,900 [ERROR] LogOutputStream:75 - [STDERR_REDIRECT] 
2025-06-17 12:06:50,898 [ERROR] LogOutputStream:75 - [STDERR_REDIRECT] Jun 17, 2025 12:06:50 PM java.util.prefs.FileSystemPreferences checkLockFile0ErrorCode
2025-06-17 12:06:50,898 [ERROR] LogOutputStream:75 - [STDERR_REDIRECT] WARNING: Could not lock System prefs. Unix error code 2.
2025-06-17 12:06:50,898 [ERROR] LogOutputStream:75 - [STDERR_REDIRECT] 
2025-06-17 12:06:50,898 [ERROR] LogOutputStream:75 - [STDERR_REDIRECT] Jun 17, 2025 12:06:50 PM java.util.prefs.FileSystemPreferences syncWorld
2025-06-17 12:06:50,898 [ERROR] LogOutputStream:75 - [STDERR_REDIRECT] WARNING: Couldn't flush system prefs: java.util.prefs.BackingStoreException: Couldn't get file lock.
2025-06-17 12:06:50,898 [ERROR] LogOutputStream:75 - [STDERR_REDIRECT] 
2025-06-17 12:07:20,899 [ERROR] LogOutputStream:75 - [STDERR_REDIRECT] Jun 17, 2025 12:07:20 PM java.util.prefs.FileSystemPreferences checkLockFile0ErrorCode
2025-06-17 12:07:20,900 [ERROR] LogOutputStream:75 - [STDERR_REDIRECT] WARNING: Could not lock System prefs. Unix error code 2.
2025-06-17 12:07:20,900 [ERROR] LogOutputStream:75 - [STDERR_REDIRECT] 
2025-06-17 12:07:20,900 [ERROR] LogOutputStream:75 - [STDERR_REDIRECT] Jun 17, 2025 12:07:20 PM java.util.prefs.FileSystemPreferences syncWorld
2025-06-17 12:07:20,900 [ERROR] LogOutputStream:75 - [STDERR_REDIRECT] WARNING: Couldn't flush system prefs: java.util.prefs.BackingStoreException: Couldn't get file lock.
2025-06-17 12:07:20,900 [ERROR] LogOutputStream:75 - [STDERR_REDIRECT] 
2025-06-17 12:07:50,900 [ERROR] LogOutputStream:75 - [STDERR_REDIRECT] Jun 17, 2025 12:07:50 PM java.util.prefs.FileSystemPreferences checkLockFile0ErrorCode
2025-06-17 12:07:50,900 [ERROR] LogOutputStream:75 - [STDERR_REDIRECT] WARNING: Could not lock System prefs. Unix error code 2.
2025-06-17 12:07:50,900 [ERROR] LogOutputStream:75 - [STDERR_REDIRECT] 
2025-06-17 12:07:50,900 [ERROR] LogOutputStream:75 - [STDERR_REDIRECT] Jun 17, 2025 12:07:50 PM java.util.prefs.FileSystemPreferences syncWorld
2025-06-17 12:07:50,900 [ERROR] LogOutputStream:75 - [STDERR_REDIRECT] WARNING: Couldn't flush system prefs: java.util.prefs.BackingStoreException: Couldn't get file lock.
2025-06-17 12:07:50,900 [ERROR] LogOutputStream:75 - [STDERR_REDIRECT] 
2025-06-17 12:08:20,901 [ERROR] LogOutputStream:75 - [STDERR_REDIRECT] Jun 17, 2025 12:08:20 PM java.util.prefs.FileSystemPreferences checkLockFile0ErrorCode
2025-06-17 12:08:20,901 [ERROR] LogOutputStream:75 - [STDERR_REDIRECT] WARNING: Could not lock System prefs. Unix error code 2.
2025-06-17 12:08:20,901 [ERROR] LogOutputStream:75 - [STDERR_REDIRECT] 
2025-06-17 12:08:20,901 [ERROR] LogOutputStream:75 - [STDERR_REDIRECT] Jun 17, 2025 12:08:20 PM java.util.prefs.FileSystemPreferences syncWorld
2025-06-17 12:08:20,901 [ERROR] LogOutputStream:75 - [STDERR_REDIRECT] WARNING: Couldn't flush system prefs: java.util.prefs.BackingStoreException: Couldn't get file lock.
2025-06-17 12:08:20,901 [ERROR] LogOutputStream:75 - [STDERR_REDIRECT] 
2025-06-17 12:08:50,900 [ERROR] LogOutputStream:75 - [STDERR_REDIRECT] Jun 17, 2025 12:08:50 PM java.util.prefs.FileSystemPreferences checkLockFile0ErrorCode
2025-06-17 12:08:50,900 [ERROR] LogOutputStream:75 - [STDERR_REDIRECT] WARNING: Could not lock System prefs. Unix error code 2.
2025-06-17 12:08:50,900 [ERROR] LogOutputStream:75 - [STDERR_REDIRECT] 
2025-06-17 12:08:50,901 [ERROR] LogOutputStream:75 - [STDERR_REDIRECT] Jun 17, 2025 12:08:50 PM java.util.prefs.FileSystemPreferences syncWorld
2025-06-17 12:08:50,901 [ERROR] LogOutputStream:75 - [STDERR_REDIRECT] WARNING: Couldn't flush system prefs: java.util.prefs.BackingStoreException: Couldn't get file lock.
2025-06-17 12:08:50,901 [ERROR] LogOutputStream:75 - [STDERR_REDIRECT] 
2025-06-17 12:09:20,900 [ERROR] LogOutputStream:75 - [STDERR_REDIRECT] Jun 17, 2025 12:09:20 PM java.util.prefs.FileSystemPreferences checkLockFile0ErrorCode
2025-06-17 12:09:20,900 [ERROR] LogOutputStream:75 - [STDERR_REDIRECT] WARNING: Could not lock System prefs. Unix error code 2.
2025-06-17 12:09:20,900 [ERROR] LogOutputStream:75 - [STDERR_REDIRECT] 
2025-06-17 12:09:20,901 [ERROR] LogOutputStream:75 - [STDERR_REDIRECT] Jun 17, 2025 12:09:20 PM java.util.prefs.FileSystemPreferences syncWorld
2025-06-17 12:09:20,901 [ERROR] LogOutputStream:75 - [STDERR_REDIRECT] WARNING: Couldn't flush system prefs: java.util.prefs.BackingStoreException: Couldn't get file lock.
2025-06-17 12:09:20,901 [ERROR] LogOutputStream:75 - [STDERR_REDIRECT] 
2025-06-17 12:09:50,901 [ERROR] LogOutputStream:75 - [STDERR_REDIRECT] Jun 17, 2025 12:09:50 PM java.util.prefs.FileSystemPreferences checkLockFile0ErrorCode
2025-06-17 12:09:50,901 [ERROR] LogOutputStream:75 - [STDERR_REDIRECT] WARNING: Could not lock System prefs. Unix error code 2.
2025-06-17 12:09:50,901 [ERROR] LogOutputStream:75 - [STDERR_REDIRECT] 
2025-06-17 12:09:50,901 [ERROR] LogOutputStream:75 - [STDERR_REDIRECT] Jun 17, 2025 12:09:50 PM java.util.prefs.FileSystemPreferences syncWorld
2025-06-17 12:09:50,901 [ERROR] LogOutputStream:75 - [STDERR_REDIRECT] WARNING: Couldn't flush system prefs: java.util.prefs.BackingStoreException: Couldn't get file lock.
2025-06-17 12:09:50,902 [ERROR] LogOutputStream:75 - [STDERR_REDIRECT] 
2025-06-17 12:10:20,901 [ERROR] LogOutputStream:75 - [STDERR_REDIRECT] Jun 17, 2025 12:10:20 PM java.util.prefs.FileSystemPreferences checkLockFile0ErrorCode
2025-06-17 12:10:20,901 [ERROR] LogOutputStream:75 - [STDERR_REDIRECT] WARNING: Could not lock System prefs. Unix error code 2.
2025-06-17 12:10:20,901 [ERROR] LogOutputStream:75 - [STDERR_REDIRECT] 
2025-06-17 12:10:20,902 [ERROR] LogOutputStream:75 - [STDERR_REDIRECT] Jun 17, 2025 12:10:20 PM java.util.prefs.FileSystemPreferences syncWorld
2025-06-17 12:10:20,902 [ERROR] LogOutputStream:75 - [STDERR_REDIRECT] WARNING: Couldn't flush system prefs: java.util.prefs.BackingStoreException: Couldn't get file lock.
2025-06-17 12:10:20,902 [ERROR] LogOutputStream:75 - [STDERR_REDIRECT] 
2025-06-17 12:10:50,900 [ERROR] LogOutputStream:75 - [STDERR_REDIRECT] Jun 17, 2025 12:10:50 PM java.util.prefs.FileSystemPreferences checkLockFile0ErrorCode
2025-06-17 12:10:50,900 [ERROR] LogOutputStream:75 - [STDERR_REDIRECT] WARNING: Could not lock System prefs. Unix error code 2.
2025-06-17 12:10:50,900 [ERROR] LogOutputStream:75 - [STDERR_REDIRECT] 
2025-06-17 12:10:50,901 [ERROR] LogOutputStream:75 - [STDERR_REDIRECT] Jun 17, 2025 12:10:50 PM java.util.prefs.FileSystemPreferences syncWorld
2025-06-17 12:10:50,901 [ERROR] LogOutputStream:75 - [STDERR_REDIRECT] WARNING: Couldn't flush system prefs: java.util.prefs.BackingStoreException: Couldn't get file lock.
2025-06-17 12:10:50,901 [ERROR] LogOutputStream:75 - [STDERR_REDIRECT] 
2025-06-17 12:11:20,900 [ERROR] LogOutputStream:75 - [STDERR_REDIRECT] Jun 17, 2025 12:11:20 PM java.util.prefs.FileSystemPreferences checkLockFile0ErrorCode
2025-06-17 12:11:20,900 [ERROR] LogOutputStream:75 - [STDERR_REDIRECT] WARNING: Could not lock System prefs. Unix error code 2.
2025-06-17 12:11:20,901 [ERROR] LogOutputStream:75 - [STDERR_REDIRECT] 
2025-06-17 12:11:20,901 [ERROR] LogOutputStream:75 - [STDERR_REDIRECT] Jun 17, 2025 12:11:20 PM java.util.prefs.FileSystemPreferences syncWorld
2025-06-17 12:11:20,901 [ERROR] LogOutputStream:75 - [STDERR_REDIRECT] WARNING: Couldn't flush system prefs: java.util.prefs.BackingStoreException: Couldn't get file lock.
2025-06-17 12:11:20,901 [ERROR] LogOutputStream:75 - [STDERR_REDIRECT] 
2025-06-17 12:11:50,900 [ERROR] LogOutputStream:75 - [STDERR_REDIRECT] Jun 17, 2025 12:11:50 PM java.util.prefs.FileSystemPreferences checkLockFile0ErrorCode
2025-06-17 12:11:50,901 [ERROR] LogOutputStream:75 - [STDERR_REDIRECT] WARNING: Could not lock System prefs. Unix error code 2.
2025-06-17 12:11:50,901 [ERROR] LogOutputStream:75 - [STDERR_REDIRECT] 
2025-06-17 12:11:50,901 [ERROR] LogOutputStream:75 - [STDERR_REDIRECT] Jun 17, 2025 12:11:50 PM java.util.prefs.FileSystemPreferences syncWorld
2025-06-17 12:11:50,901 [ERROR] LogOutputStream:75 - [STDERR_REDIRECT] WARNING: Couldn't flush system prefs: java.util.prefs.BackingStoreException: Couldn't get file lock.
2025-06-17 12:11:50,901 [ERROR] LogOutputStream:75 - [STDERR_REDIRECT] 
2025-06-17 12:12:20,902 [ERROR] LogOutputStream:75 - [STDERR_REDIRECT] Jun 17, 2025 12:12:20 PM java.util.prefs.FileSystemPreferences checkLockFile0ErrorCode
2025-06-17 12:12:20,902 [ERROR] LogOutputStream:75 - [STDERR_REDIRECT] WARNING: Could not lock System prefs. Unix error code 2.
2025-06-17 12:12:20,902 [ERROR] LogOutputStream:75 - [STDERR_REDIRECT] 
2025-06-17 12:12:20,902 [ERROR] LogOutputStream:75 - [STDERR_REDIRECT] Jun 17, 2025 12:12:20 PM java.util.prefs.FileSystemPreferences syncWorld
2025-06-17 12:12:20,902 [ERROR] LogOutputStream:75 - [STDERR_REDIRECT] WARNING: Couldn't flush system prefs: java.util.prefs.BackingStoreException: Couldn't get file lock.
2025-06-17 12:12:20,902 [ERROR] LogOutputStream:75 - [STDERR_REDIRECT] 
2025-06-17 12:12:50,901 [ERROR] LogOutputStream:75 - [STDERR_REDIRECT] Jun 17, 2025 12:12:50 PM java.util.prefs.FileSystemPreferences checkLockFile0ErrorCode
2025-06-17 12:12:50,901 [ERROR] LogOutputStream:75 - [STDERR_REDIRECT] WARNING: Could not lock System prefs. Unix error code 2.
2025-06-17 12:12:50,901 [ERROR] LogOutputStream:75 - [STDERR_REDIRECT] 
2025-06-17 12:12:50,901 [ERROR] LogOutputStream:75 - [STDERR_REDIRECT] Jun 17, 2025 12:12:50 PM java.util.prefs.FileSystemPreferences syncWorld
2025-06-17 12:12:50,901 [ERROR] LogOutputStream:75 - [STDERR_REDIRECT] WARNING: Couldn't flush system prefs: java.util.prefs.BackingStoreException: Couldn't get file lock.
2025-06-17 12:12:50,901 [ERROR] LogOutputStream:75 - [STDERR_REDIRECT] 
2025-06-17 12:13:20,902 [ERROR] LogOutputStream:75 - [STDERR_REDIRECT] Jun 17, 2025 12:13:20 PM java.util.prefs.FileSystemPreferences checkLockFile0ErrorCode
2025-06-17 12:13:20,902 [ERROR] LogOutputStream:75 - [STDERR_REDIRECT] WARNING: Could not lock System prefs. Unix error code 2.
2025-06-17 12:13:20,902 [ERROR] LogOutputStream:75 - [STDERR_REDIRECT] 
2025-06-17 12:13:20,902 [ERROR] LogOutputStream:75 - [STDERR_REDIRECT] Jun 17, 2025 12:13:20 PM java.util.prefs.FileSystemPreferences syncWorld
2025-06-17 12:13:20,902 [ERROR] LogOutputStream:75 - [STDERR_REDIRECT] WARNING: Couldn't flush system prefs: java.util.prefs.BackingStoreException: Couldn't get file lock.
2025-06-17 12:13:20,902 [ERROR] LogOutputStream:75 - [STDERR_REDIRECT] 
2025-06-17 12:13:50,902 [ERROR] LogOutputStream:75 - [STDERR_REDIRECT] Jun 17, 2025 12:13:50 PM java.util.prefs.FileSystemPreferences checkLockFile0ErrorCode
2025-06-17 12:13:50,902 [ERROR] LogOutputStream:75 - [STDERR_REDIRECT] WARNING: Could not lock System prefs. Unix error code 2.
2025-06-17 12:13:50,902 [ERROR] LogOutputStream:75 - [STDERR_REDIRECT] 
2025-06-17 12:13:50,902 [ERROR] LogOutputStream:75 - [STDERR_REDIRECT] Jun 17, 2025 12:13:50 PM java.util.prefs.FileSystemPreferences syncWorld
2025-06-17 12:13:50,902 [ERROR] LogOutputStream:75 - [STDERR_REDIRECT] WARNING: Couldn't flush system prefs: java.util.prefs.BackingStoreException: Couldn't get file lock.
2025-06-17 12:13:50,902 [ERROR] LogOutputStream:75 - [STDERR_REDIRECT] 
2025-06-17 12:14:20,903 [ERROR] LogOutputStream:75 - [STDERR_REDIRECT] Jun 17, 2025 12:14:20 PM java.util.prefs.FileSystemPreferences checkLockFile0ErrorCode
2025-06-17 12:14:20,903 [ERROR] LogOutputStream:75 - [STDERR_REDIRECT] WARNING: Could not lock System prefs. Unix error code 2.
2025-06-17 12:14:20,903 [ERROR] LogOutputStream:75 - [STDERR_REDIRECT] 
2025-06-17 12:14:20,903 [ERROR] LogOutputStream:75 - [STDERR_REDIRECT] Jun 17, 2025 12:14:20 PM java.util.prefs.FileSystemPreferences syncWorld
2025-06-17 12:14:20,903 [ERROR] LogOutputStream:75 - [STDERR_REDIRECT] WARNING: Couldn't flush system prefs: java.util.prefs.BackingStoreException: Couldn't get file lock.
2025-06-17 12:14:20,903 [ERROR] LogOutputStream:75 - [STDERR_REDIRECT] 
2025-06-17 12:14:50,903 [ERROR] LogOutputStream:75 - [STDERR_REDIRECT] Jun 17, 2025 12:14:50 PM java.util.prefs.FileSystemPreferences checkLockFile0ErrorCode
2025-06-17 12:14:50,904 [ERROR] LogOutputStream:75 - [STDERR_REDIRECT] WARNING: Could not lock System prefs. Unix error code 2.
2025-06-17 12:14:50,904 [ERROR] LogOutputStream:75 - [STDERR_REDIRECT] 
2025-06-17 12:14:50,904 [ERROR] LogOutputStream:75 - [STDERR_REDIRECT] Jun 17, 2025 12:14:50 PM java.util.prefs.FileSystemPreferences syncWorld
2025-06-17 12:14:50,904 [ERROR] LogOutputStream:75 - [STDERR_REDIRECT] WARNING: Couldn't flush system prefs: java.util.prefs.BackingStoreException: Couldn't get file lock.
2025-06-17 12:14:50,904 [ERROR] LogOutputStream:75 - [STDERR_REDIRECT] 
2025-06-17 12:15:20,903 [ERROR] LogOutputStream:75 - [STDERR_REDIRECT] Jun 17, 2025 12:15:20 PM java.util.prefs.FileSystemPreferences checkLockFile0ErrorCode
2025-06-17 12:15:20,903 [ERROR] LogOutputStream:75 - [STDERR_REDIRECT] WARNING: Could not lock System prefs. Unix error code 2.
2025-06-17 12:15:20,903 [ERROR] LogOutputStream:75 - [STDERR_REDIRECT] 
2025-06-17 12:15:20,903 [ERROR] LogOutputStream:75 - [STDERR_REDIRECT] Jun 17, 2025 12:15:20 PM java.util.prefs.FileSystemPreferences syncWorld
2025-06-17 12:15:20,903 [ERROR] LogOutputStream:75 - [STDERR_REDIRECT] WARNING: Couldn't flush system prefs: java.util.prefs.BackingStoreException: Couldn't get file lock.
2025-06-17 12:15:20,903 [ERROR] LogOutputStream:75 - [STDERR_REDIRECT] 
2025-06-17 12:15:50,904 [ERROR] LogOutputStream:75 - [STDERR_REDIRECT] Jun 17, 2025 12:15:50 PM java.util.prefs.FileSystemPreferences checkLockFile0ErrorCode
2025-06-17 12:15:50,904 [ERROR] LogOutputStream:75 - [STDERR_REDIRECT] WARNING: Could not lock System prefs. Unix error code 2.
2025-06-17 12:15:50,904 [ERROR] LogOutputStream:75 - [STDERR_REDIRECT] 
2025-06-17 12:15:50,904 [ERROR] LogOutputStream:75 - [STDERR_REDIRECT] Jun 17, 2025 12:15:50 PM java.util.prefs.FileSystemPreferences syncWorld
2025-06-17 12:15:50,904 [ERROR] LogOutputStream:75 - [STDERR_REDIRECT] WARNING: Couldn't flush system prefs: java.util.prefs.BackingStoreException: Couldn't get file lock.
2025-06-17 12:15:50,904 [ERROR] LogOutputStream:75 - [STDERR_REDIRECT] 
2025-06-17 12:16:20,904 [ERROR] LogOutputStream:75 - [STDERR_REDIRECT] Jun 17, 2025 12:16:20 PM java.util.prefs.FileSystemPreferences checkLockFile0ErrorCode
2025-06-17 12:16:20,904 [ERROR] LogOutputStream:75 - [STDERR_REDIRECT] WARNING: Could not lock System prefs. Unix error code 2.
2025-06-17 12:16:20,904 [ERROR] LogOutputStream:75 - [STDERR_REDIRECT] 
2025-06-17 12:16:20,904 [ERROR] LogOutputStream:75 - [STDERR_REDIRECT] Jun 17, 2025 12:16:20 PM java.util.prefs.FileSystemPreferences syncWorld
2025-06-17 12:16:20,904 [ERROR] LogOutputStream:75 - [STDERR_REDIRECT] WARNING: Couldn't flush system prefs: java.util.prefs.BackingStoreException: Couldn't get file lock.
2025-06-17 12:16:20,904 [ERROR] LogOutputStream:75 - [STDERR_REDIRECT] 
2025-06-17 12:16:50,904 [ERROR] LogOutputStream:75 - [STDERR_REDIRECT] Jun 17, 2025 12:16:50 PM java.util.prefs.FileSystemPreferences checkLockFile0ErrorCode
2025-06-17 12:16:50,905 [ERROR] LogOutputStream:75 - [STDERR_REDIRECT] WARNING: Could not lock System prefs. Unix error code 2.
2025-06-17 12:16:50,905 [ERROR] LogOutputStream:75 - [STDERR_REDIRECT] 
2025-06-17 12:16:50,905 [ERROR] LogOutputStream:75 - [STDERR_REDIRECT] Jun 17, 2025 12:16:50 PM java.util.prefs.FileSystemPreferences syncWorld
2025-06-17 12:16:50,905 [ERROR] LogOutputStream:75 - [STDERR_REDIRECT] WARNING: Couldn't flush system prefs: java.util.prefs.BackingStoreException: Couldn't get file lock.
2025-06-17 12:16:50,905 [ERROR] LogOutputStream:75 - [STDERR_REDIRECT] 
2025-06-17 12:17:20,904 [ERROR] LogOutputStream:75 - [STDERR_REDIRECT] Jun 17, 2025 12:17:20 PM java.util.prefs.FileSystemPreferences checkLockFile0ErrorCode
2025-06-17 12:17:20,905 [ERROR] LogOutputStream:75 - [STDERR_REDIRECT] WARNING: Could not lock System prefs. Unix error code 2.
2025-06-17 12:17:20,905 [ERROR] LogOutputStream:75 - [STDERR_REDIRECT] 
2025-06-17 12:17:20,905 [ERROR] LogOutputStream:75 - [STDERR_REDIRECT] Jun 17, 2025 12:17:20 PM java.util.prefs.FileSystemPreferences syncWorld
2025-06-17 12:17:20,905 [ERROR] LogOutputStream:75 - [STDERR_REDIRECT] WARNING: Couldn't flush system prefs: java.util.prefs.BackingStoreException: Couldn't get file lock.
2025-06-17 12:17:20,905 [ERROR] LogOutputStream:75 - [STDERR_REDIRECT] 
2025-06-17 12:17:50,905 [ERROR] LogOutputStream:75 - [STDERR_REDIRECT] Jun 17, 2025 12:17:50 PM java.util.prefs.FileSystemPreferences checkLockFile0ErrorCode
2025-06-17 12:17:50,905 [ERROR] LogOutputStream:75 - [STDERR_REDIRECT] WARNING: Could not lock System prefs. Unix error code 2.
2025-06-17 12:17:50,905 [ERROR] LogOutputStream:75 - [STDERR_REDIRECT] 
2025-06-17 12:17:50,906 [ERROR] LogOutputStream:75 - [STDERR_REDIRECT] Jun 17, 2025 12:17:50 PM java.util.prefs.FileSystemPreferences syncWorld
2025-06-17 12:17:50,906 [ERROR] LogOutputStream:75 - [STDERR_REDIRECT] WARNING: Couldn't flush system prefs: java.util.prefs.BackingStoreException: Couldn't get file lock.
2025-06-17 12:17:50,906 [ERROR] LogOutputStream:75 - [STDERR_REDIRECT] 
2025-06-17 12:18:20,905 [ERROR] LogOutputStream:75 - [STDERR_REDIRECT] Jun 17, 2025 12:18:20 PM java.util.prefs.FileSystemPreferences checkLockFile0ErrorCode
2025-06-17 12:18:20,905 [ERROR] LogOutputStream:75 - [STDERR_REDIRECT] WARNING: Could not lock System prefs. Unix error code 2.
2025-06-17 12:18:20,905 [ERROR] LogOutputStream:75 - [STDERR_REDIRECT] 
2025-06-17 12:18:20,905 [ERROR] LogOutputStream:75 - [STDERR_REDIRECT] Jun 17, 2025 12:18:20 PM java.util.prefs.FileSystemPreferences syncWorld
2025-06-17 12:18:20,905 [ERROR] LogOutputStream:75 - [STDERR_REDIRECT] WARNING: Couldn't flush system prefs: java.util.prefs.BackingStoreException: Couldn't get file lock.
2025-06-17 12:18:20,905 [ERROR] LogOutputStream:75 - [STDERR_REDIRECT] 
2025-06-17 12:18:50,905 [ERROR] LogOutputStream:75 - [STDERR_REDIRECT] Jun 17, 2025 12:18:50 PM java.util.prefs.FileSystemPreferences checkLockFile0ErrorCode
2025-06-17 12:18:50,905 [ERROR] LogOutputStream:75 - [STDERR_REDIRECT] WARNING: Could not lock System prefs. Unix error code 2.
2025-06-17 12:18:50,905 [ERROR] LogOutputStream:75 - [STDERR_REDIRECT] 
2025-06-17 12:18:50,906 [ERROR] LogOutputStream:75 - [STDERR_REDIRECT] Jun 17, 2025 12:18:50 PM java.util.prefs.FileSystemPreferences syncWorld
2025-06-17 12:18:50,906 [ERROR] LogOutputStream:75 - [STDERR_REDIRECT] WARNING: Couldn't flush system prefs: java.util.prefs.BackingStoreException: Couldn't get file lock.
2025-06-17 12:18:50,906 [ERROR] LogOutputStream:75 - [STDERR_REDIRECT] 
2025-06-17 12:19:20,904 [ERROR] LogOutputStream:75 - [STDERR_REDIRECT] Jun 17, 2025 12:19:20 PM java.util.prefs.FileSystemPreferences checkLockFile0ErrorCode
2025-06-17 12:19:20,904 [ERROR] LogOutputStream:75 - [STDERR_REDIRECT] WARNING: Could not lock System prefs. Unix error code 2.
2025-06-17 12:19:20,904 [ERROR] LogOutputStream:75 - [STDERR_REDIRECT] 
2025-06-17 12:19:20,905 [ERROR] LogOutputStream:75 - [STDERR_REDIRECT] Jun 17, 2025 12:19:20 PM java.util.prefs.FileSystemPreferences syncWorld
2025-06-17 12:19:20,905 [ERROR] LogOutputStream:75 - [STDERR_REDIRECT] WARNING: Couldn't flush system prefs: java.util.prefs.BackingStoreException: Couldn't get file lock.
2025-06-17 12:19:20,905 [ERROR] LogOutputStream:75 - [STDERR_REDIRECT] 
2025-06-17 12:19:50,905 [ERROR] LogOutputStream:75 - [STDERR_REDIRECT] Jun 17, 2025 12:19:50 PM java.util.prefs.FileSystemPreferences checkLockFile0ErrorCode
2025-06-17 12:19:50,905 [ERROR] LogOutputStream:75 - [STDERR_REDIRECT] WARNING: Could not lock System prefs. Unix error code 2.
2025-06-17 12:19:50,905 [ERROR] LogOutputStream:75 - [STDERR_REDIRECT] 
2025-06-17 12:19:50,905 [ERROR] LogOutputStream:75 - [STDERR_REDIRECT] Jun 17, 2025 12:19:50 PM java.util.prefs.FileSystemPreferences syncWorld
2025-06-17 12:19:50,905 [ERROR] LogOutputStream:75 - [STDERR_REDIRECT] WARNING: Couldn't flush system prefs: java.util.prefs.BackingStoreException: Couldn't get file lock.
2025-06-17 12:19:50,906 [ERROR] LogOutputStream:75 - [STDERR_REDIRECT] 
2025-06-17 12:20:20,904 [ERROR] LogOutputStream:75 - [STDERR_REDIRECT] Jun 17, 2025 12:20:20 PM java.util.prefs.FileSystemPreferences checkLockFile0ErrorCode
2025-06-17 12:20:20,904 [ERROR] LogOutputStream:75 - [STDERR_REDIRECT] WARNING: Could not lock System prefs. Unix error code 2.
2025-06-17 12:20:20,904 [ERROR] LogOutputStream:75 - [STDERR_REDIRECT] 
2025-06-17 12:20:20,905 [ERROR] LogOutputStream:75 - [STDERR_REDIRECT] Jun 17, 2025 12:20:20 PM java.util.prefs.FileSystemPreferences syncWorld
2025-06-17 12:20:20,905 [ERROR] LogOutputStream:75 - [STDERR_REDIRECT] WARNING: Couldn't flush system prefs: java.util.prefs.BackingStoreException: Couldn't get file lock.
2025-06-17 12:20:20,905 [ERROR] LogOutputStream:75 - [STDERR_REDIRECT] 
2025-06-17 12:20:50,904 [ERROR] LogOutputStream:75 - [STDERR_REDIRECT] Jun 17, 2025 12:20:50 PM java.util.prefs.FileSystemPreferences checkLockFile0ErrorCode
2025-06-17 12:20:50,904 [ERROR] LogOutputStream:75 - [STDERR_REDIRECT] WARNING: Could not lock System prefs. Unix error code 2.
2025-06-17 12:20:50,905 [ERROR] LogOutputStream:75 - [STDERR_REDIRECT] 
2025-06-17 12:20:50,905 [ERROR] LogOutputStream:75 - [STDERR_REDIRECT] Jun 17, 2025 12:20:50 PM java.util.prefs.FileSystemPreferences syncWorld
2025-06-17 12:20:50,905 [ERROR] LogOutputStream:75 - [STDERR_REDIRECT] WARNING: Couldn't flush system prefs: java.util.prefs.BackingStoreException: Couldn't get file lock.
2025-06-17 12:20:50,905 [ERROR] LogOutputStream:75 - [STDERR_REDIRECT] 
2025-06-17 12:21:20,904 [ERROR] LogOutputStream:75 - [STDERR_REDIRECT] Jun 17, 2025 12:21:20 PM java.util.prefs.FileSystemPreferences checkLockFile0ErrorCode
2025-06-17 12:21:20,905 [ERROR] LogOutputStream:75 - [STDERR_REDIRECT] WARNING: Could not lock System prefs. Unix error code 2.
2025-06-17 12:21:20,905 [ERROR] LogOutputStream:75 - [STDERR_REDIRECT] 
2025-06-17 12:21:20,905 [ERROR] LogOutputStream:75 - [STDERR_REDIRECT] Jun 17, 2025 12:21:20 PM java.util.prefs.FileSystemPreferences syncWorld
2025-06-17 12:21:20,905 [ERROR] LogOutputStream:75 - [STDERR_REDIRECT] WARNING: Couldn't flush system prefs: java.util.prefs.BackingStoreException: Couldn't get file lock.
2025-06-17 12:21:20,905 [ERROR] LogOutputStream:75 - [STDERR_REDIRECT] 
2025-06-17 12:21:50,905 [ERROR] LogOutputStream:75 - [STDERR_REDIRECT] Jun 17, 2025 12:21:50 PM java.util.prefs.FileSystemPreferences checkLockFile0ErrorCode
2025-06-17 12:21:50,905 [ERROR] LogOutputStream:75 - [STDERR_REDIRECT] WARNING: Could not lock System prefs. Unix error code 2.
2025-06-17 12:21:50,905 [ERROR] LogOutputStream:75 - [STDERR_REDIRECT] 
2025-06-17 12:21:50,905 [ERROR] LogOutputStream:75 - [STDERR_REDIRECT] Jun 17, 2025 12:21:50 PM java.util.prefs.FileSystemPreferences syncWorld
2025-06-17 12:21:50,905 [ERROR] LogOutputStream:75 - [STDERR_REDIRECT] WARNING: Couldn't flush system prefs: java.util.prefs.BackingStoreException: Couldn't get file lock.
2025-06-17 12:21:50,905 [ERROR] LogOutputStream:75 - [STDERR_REDIRECT] 
2025-06-17 12:22:20,906 [ERROR] LogOutputStream:75 - [STDERR_REDIRECT] Jun 17, 2025 12:22:20 PM java.util.prefs.FileSystemPreferences checkLockFile0ErrorCode
2025-06-17 12:22:20,906 [ERROR] LogOutputStream:75 - [STDERR_REDIRECT] WARNING: Could not lock System prefs. Unix error code 2.
2025-06-17 12:22:20,906 [ERROR] LogOutputStream:75 - [STDERR_REDIRECT] 
2025-06-17 12:22:20,907 [ERROR] LogOutputStream:75 - [STDERR_REDIRECT] Jun 17, 2025 12:22:20 PM java.util.prefs.FileSystemPreferences syncWorld
2025-06-17 12:22:20,907 [ERROR] LogOutputStream:75 - [STDERR_REDIRECT] WARNING: Couldn't flush system prefs: java.util.prefs.BackingStoreException: Couldn't get file lock.
2025-06-17 12:22:20,907 [ERROR] LogOutputStream:75 - [STDERR_REDIRECT] 
2025-06-17 12:22:50,906 [ERROR] LogOutputStream:75 - [STDERR_REDIRECT] Jun 17, 2025 12:22:50 PM java.util.prefs.FileSystemPreferences checkLockFile0ErrorCode
2025-06-17 12:22:50,906 [ERROR] LogOutputStream:75 - [STDERR_REDIRECT] WARNING: Could not lock System prefs. Unix error code 2.
2025-06-17 12:22:50,906 [ERROR] LogOutputStream:75 - [STDERR_REDIRECT] 
2025-06-17 12:22:50,906 [ERROR] LogOutputStream:75 - [STDERR_REDIRECT] Jun 17, 2025 12:22:50 PM java.util.prefs.FileSystemPreferences syncWorld
2025-06-17 12:22:50,906 [ERROR] LogOutputStream:75 - [STDERR_REDIRECT] WARNING: Couldn't flush system prefs: java.util.prefs.BackingStoreException: Couldn't get file lock.
2025-06-17 12:22:50,907 [ERROR] LogOutputStream:75 - [STDERR_REDIRECT] 
2025-06-17 12:23:20,905 [ERROR] LogOutputStream:75 - [STDERR_REDIRECT] Jun 17, 2025 12:23:20 PM java.util.prefs.FileSystemPreferences checkLockFile0ErrorCode
2025-06-17 12:23:20,905 [ERROR] LogOutputStream:75 - [STDERR_REDIRECT] WARNING: Could not lock System prefs. Unix error code 2.
2025-06-17 12:23:20,905 [ERROR] LogOutputStream:75 - [STDERR_REDIRECT] 
2025-06-17 12:23:20,905 [ERROR] LogOutputStream:75 - [STDERR_REDIRECT] Jun 17, 2025 12:23:20 PM java.util.prefs.FileSystemPreferences syncWorld
2025-06-17 12:23:20,905 [ERROR] LogOutputStream:75 - [STDERR_REDIRECT] WARNING: Couldn't flush system prefs: java.util.prefs.BackingStoreException: Couldn't get file lock.
2025-06-17 12:23:20,905 [ERROR] LogOutputStream:75 - [STDERR_REDIRECT] 
2025-06-17 12:23:50,906 [ERROR] LogOutputStream:75 - [STDERR_REDIRECT] Jun 17, 2025 12:23:50 PM java.util.prefs.FileSystemPreferences checkLockFile0ErrorCode
2025-06-17 12:23:50,906 [ERROR] LogOutputStream:75 - [STDERR_REDIRECT] WARNING: Could not lock System prefs. Unix error code 2.
2025-06-17 12:23:50,906 [ERROR] LogOutputStream:75 - [STDERR_REDIRECT] 
2025-06-17 12:23:50,907 [ERROR] LogOutputStream:75 - [STDERR_REDIRECT] Jun 17, 2025 12:23:50 PM java.util.prefs.FileSystemPreferences syncWorld
2025-06-17 12:23:50,907 [ERROR] LogOutputStream:75 - [STDERR_REDIRECT] WARNING: Couldn't flush system prefs: java.util.prefs.BackingStoreException: Couldn't get file lock.
2025-06-17 12:23:50,907 [ERROR] LogOutputStream:75 - [STDERR_REDIRECT] 
2025-06-17 12:24:20,906 [ERROR] LogOutputStream:75 - [STDERR_REDIRECT] Jun 17, 2025 12:24:20 PM java.util.prefs.FileSystemPreferences checkLockFile0ErrorCode
2025-06-17 12:24:20,906 [ERROR] LogOutputStream:75 - [STDERR_REDIRECT] WARNING: Could not lock System prefs. Unix error code 2.
2025-06-17 12:24:20,906 [ERROR] LogOutputStream:75 - [STDERR_REDIRECT] 
2025-06-17 12:24:20,906 [ERROR] LogOutputStream:75 - [STDERR_REDIRECT] Jun 17, 2025 12:24:20 PM java.util.prefs.FileSystemPreferences syncWorld
2025-06-17 12:24:20,906 [ERROR] LogOutputStream:75 - [STDERR_REDIRECT] WARNING: Couldn't flush system prefs: java.util.prefs.BackingStoreException: Couldn't get file lock.
2025-06-17 12:24:20,906 [ERROR] LogOutputStream:75 - [STDERR_REDIRECT] 
2025-06-17 12:24:50,906 [ERROR] LogOutputStream:75 - [STDERR_REDIRECT] Jun 17, 2025 12:24:50 PM java.util.prefs.FileSystemPreferences checkLockFile0ErrorCode
2025-06-17 12:24:50,906 [ERROR] LogOutputStream:75 - [STDERR_REDIRECT] WARNING: Could not lock System prefs. Unix error code 2.
2025-06-17 12:24:50,906 [ERROR] LogOutputStream:75 - [STDERR_REDIRECT] 
2025-06-17 12:24:50,906 [ERROR] LogOutputStream:75 - [STDERR_REDIRECT] Jun 17, 2025 12:24:50 PM java.util.prefs.FileSystemPreferences syncWorld
2025-06-17 12:24:50,906 [ERROR] LogOutputStream:75 - [STDERR_REDIRECT] WARNING: Couldn't flush system prefs: java.util.prefs.BackingStoreException: Couldn't get file lock.
2025-06-17 12:24:50,907 [ERROR] LogOutputStream:75 - [STDERR_REDIRECT] 
2025-06-17 12:25:20,907 [ERROR] LogOutputStream:75 - [STDERR_REDIRECT] Jun 17, 2025 12:25:20 PM java.util.prefs.FileSystemPreferences checkLockFile0ErrorCode
2025-06-17 12:25:20,907 [ERROR] LogOutputStream:75 - [STDERR_REDIRECT] WARNING: Could not lock System prefs. Unix error code 2.
2025-06-17 12:25:20,907 [ERROR] LogOutputStream:75 - [STDERR_REDIRECT] 
2025-06-17 12:25:20,907 [ERROR] LogOutputStream:75 - [STDERR_REDIRECT] Jun 17, 2025 12:25:20 PM java.util.prefs.FileSystemPreferences syncWorld
2025-06-17 12:25:20,908 [ERROR] LogOutputStream:75 - [STDERR_REDIRECT] WARNING: Couldn't flush system prefs: java.util.prefs.BackingStoreException: Couldn't get file lock.
2025-06-17 12:25:20,908 [ERROR] LogOutputStream:75 - [STDERR_REDIRECT] 
2025-06-17 12:25:50,908 [ERROR] LogOutputStream:75 - [STDERR_REDIRECT] Jun 17, 2025 12:25:50 PM java.util.prefs.FileSystemPreferences checkLockFile0ErrorCode
2025-06-17 12:25:50,908 [ERROR] LogOutputStream:75 - [STDERR_REDIRECT] WARNING: Could not lock System prefs. Unix error code 2.
2025-06-17 12:25:50,908 [ERROR] LogOutputStream:75 - [STDERR_REDIRECT] 
2025-06-17 12:25:50,909 [ERROR] LogOutputStream:75 - [STDERR_REDIRECT] Jun 17, 2025 12:25:50 PM java.util.prefs.FileSystemPreferences syncWorld
2025-06-17 12:25:50,909 [ERROR] LogOutputStream:75 - [STDERR_REDIRECT] WARNING: Couldn't flush system prefs: java.util.prefs.BackingStoreException: Couldn't get file lock.
2025-06-17 12:25:50,909 [ERROR] LogOutputStream:75 - [STDERR_REDIRECT] 
2025-06-17 12:26:20,907 [ERROR] LogOutputStream:75 - [STDERR_REDIRECT] Jun 17, 2025 12:26:20 PM java.util.prefs.FileSystemPreferences checkLockFile0ErrorCode
2025-06-17 12:26:20,907 [ERROR] LogOutputStream:75 - [STDERR_REDIRECT] WARNING: Could not lock System prefs. Unix error code 2.
2025-06-17 12:26:20,907 [ERROR] LogOutputStream:75 - [STDERR_REDIRECT] 
2025-06-17 12:26:20,907 [ERROR] LogOutputStream:75 - [STDERR_REDIRECT] Jun 17, 2025 12:26:20 PM java.util.prefs.FileSystemPreferences syncWorld
2025-06-17 12:26:20,907 [ERROR] LogOutputStream:75 - [STDERR_REDIRECT] WARNING: Couldn't flush system prefs: java.util.prefs.BackingStoreException: Couldn't get file lock.
2025-06-17 12:26:20,907 [ERROR] LogOutputStream:75 - [STDERR_REDIRECT] 
2025-06-17 12:26:50,907 [ERROR] LogOutputStream:75 - [STDERR_REDIRECT] Jun 17, 2025 12:26:50 PM java.util.prefs.FileSystemPreferences checkLockFile0ErrorCode
2025-06-17 12:26:50,907 [ERROR] LogOutputStream:75 - [STDERR_REDIRECT] WARNING: Could not lock System prefs. Unix error code 2.
2025-06-17 12:26:50,907 [ERROR] LogOutputStream:75 - [STDERR_REDIRECT] 
2025-06-17 12:26:50,907 [ERROR] LogOutputStream:75 - [STDERR_REDIRECT] Jun 17, 2025 12:26:50 PM java.util.prefs.FileSystemPreferences syncWorld
2025-06-17 12:26:50,907 [ERROR] LogOutputStream:75 - [STDERR_REDIRECT] WARNING: Couldn't flush system prefs: java.util.prefs.BackingStoreException: Couldn't get file lock.
2025-06-17 12:26:50,907 [ERROR] LogOutputStream:75 - [STDERR_REDIRECT] 
2025-06-17 12:27:20,907 [ERROR] LogOutputStream:75 - [STDERR_REDIRECT] Jun 17, 2025 12:27:20 PM java.util.prefs.FileSystemPreferences checkLockFile0ErrorCode
2025-06-17 12:27:20,907 [ERROR] LogOutputStream:75 - [STDERR_REDIRECT] WARNING: Could not lock System prefs. Unix error code 2.
2025-06-17 12:27:20,907 [ERROR] LogOutputStream:75 - [STDERR_REDIRECT] 
2025-06-17 12:27:20,907 [ERROR] LogOutputStream:75 - [STDERR_REDIRECT] Jun 17, 2025 12:27:20 PM java.util.prefs.FileSystemPreferences syncWorld
2025-06-17 12:27:20,907 [ERROR] LogOutputStream:75 - [STDERR_REDIRECT] WARNING: Couldn't flush system prefs: java.util.prefs.BackingStoreException: Couldn't get file lock.
2025-06-17 12:27:20,907 [ERROR] LogOutputStream:75 - [STDERR_REDIRECT] 
2025-06-17 12:27:50,908 [ERROR] LogOutputStream:75 - [STDERR_REDIRECT] Jun 17, 2025 12:27:50 PM java.util.prefs.FileSystemPreferences checkLockFile0ErrorCode
2025-06-17 12:27:50,908 [ERROR] LogOutputStream:75 - [STDERR_REDIRECT] WARNING: Could not lock System prefs. Unix error code 2.
2025-06-17 12:27:50,908 [ERROR] LogOutputStream:75 - [STDERR_REDIRECT] 
2025-06-17 12:27:50,908 [ERROR] LogOutputStream:75 - [STDERR_REDIRECT] Jun 17, 2025 12:27:50 PM java.util.prefs.FileSystemPreferences syncWorld
2025-06-17 12:27:50,908 [ERROR] LogOutputStream:75 - [STDERR_REDIRECT] WARNING: Couldn't flush system prefs: java.util.prefs.BackingStoreException: Couldn't get file lock.
2025-06-17 12:27:50,908 [ERROR] LogOutputStream:75 - [STDERR_REDIRECT] 
2025-06-17 12:28:20,908 [ERROR] LogOutputStream:75 - [STDERR_REDIRECT] Jun 17, 2025 12:28:20 PM java.util.prefs.FileSystemPreferences checkLockFile0ErrorCode
2025-06-17 12:28:20,908 [ERROR] LogOutputStream:75 - [STDERR_REDIRECT] WARNING: Could not lock System prefs. Unix error code 2.
2025-06-17 12:28:20,908 [ERROR] LogOutputStream:75 - [STDERR_REDIRECT] 
2025-06-17 12:28:20,908 [ERROR] LogOutputStream:75 - [STDERR_REDIRECT] Jun 17, 2025 12:28:20 PM java.util.prefs.FileSystemPreferences syncWorld
2025-06-17 12:28:20,908 [ERROR] LogOutputStream:75 - [STDERR_REDIRECT] WARNING: Couldn't flush system prefs: java.util.prefs.BackingStoreException: Couldn't get file lock.
2025-06-17 12:28:20,908 [ERROR] LogOutputStream:75 - [STDERR_REDIRECT] 
2025-06-17 12:28:50,909 [ERROR] LogOutputStream:75 - [STDERR_REDIRECT] Jun 17, 2025 12:28:50 PM java.util.prefs.FileSystemPreferences checkLockFile0ErrorCode
2025-06-17 12:28:50,909 [ERROR] LogOutputStream:75 - [STDERR_REDIRECT] WARNING: Could not lock System prefs. Unix error code 2.
2025-06-17 12:28:50,909 [ERROR] LogOutputStream:75 - [STDERR_REDIRECT] 
2025-06-17 12:28:50,909 [ERROR] LogOutputStream:75 - [STDERR_REDIRECT] Jun 17, 2025 12:28:50 PM java.util.prefs.FileSystemPreferences syncWorld
2025-06-17 12:28:50,909 [ERROR] LogOutputStream:75 - [STDERR_REDIRECT] WARNING: Couldn't flush system prefs: java.util.prefs.BackingStoreException: Couldn't get file lock.
2025-06-17 12:28:50,909 [ERROR] LogOutputStream:75 - [STDERR_REDIRECT] 
2025-06-17 12:29:20,908 [ERROR] LogOutputStream:75 - [STDERR_REDIRECT] Jun 17, 2025 12:29:20 PM java.util.prefs.FileSystemPreferences checkLockFile0ErrorCode
2025-06-17 12:29:20,908 [ERROR] LogOutputStream:75 - [STDERR_REDIRECT] WARNING: Could not lock System prefs. Unix error code 2.
2025-06-17 12:29:20,908 [ERROR] LogOutputStream:75 - [STDERR_REDIRECT] 
2025-06-17 12:29:20,908 [ERROR] LogOutputStream:75 - [STDERR_REDIRECT] Jun 17, 2025 12:29:20 PM java.util.prefs.FileSystemPreferences syncWorld
2025-06-17 12:29:20,909 [ERROR] LogOutputStream:75 - [STDERR_REDIRECT] WARNING: Couldn't flush system prefs: java.util.prefs.BackingStoreException: Couldn't get file lock.
2025-06-17 12:29:20,909 [ERROR] LogOutputStream:75 - [STDERR_REDIRECT] 
2025-06-17 12:29:50,909 [ERROR] LogOutputStream:75 - [STDERR_REDIRECT] Jun 17, 2025 12:29:50 PM java.util.prefs.FileSystemPreferences checkLockFile0ErrorCode
2025-06-17 12:29:50,909 [ERROR] LogOutputStream:75 - [STDERR_REDIRECT] WARNING: Could not lock System prefs. Unix error code 2.
2025-06-17 12:29:50,909 [ERROR] LogOutputStream:75 - [STDERR_REDIRECT] 
2025-06-17 12:29:50,910 [ERROR] LogOutputStream:75 - [STDERR_REDIRECT] Jun 17, 2025 12:29:50 PM java.util.prefs.FileSystemPreferences syncWorld
2025-06-17 12:29:50,910 [ERROR] LogOutputStream:75 - [STDERR_REDIRECT] WARNING: Couldn't flush system prefs: java.util.prefs.BackingStoreException: Couldn't get file lock.
2025-06-17 12:29:50,910 [ERROR] LogOutputStream:75 - [STDERR_REDIRECT] 
2025-06-17 12:30:20,908 [ERROR] LogOutputStream:75 - [STDERR_REDIRECT] Jun 17, 2025 12:30:20 PM java.util.prefs.FileSystemPreferences checkLockFile0ErrorCode
2025-06-17 12:30:20,908 [ERROR] LogOutputStream:75 - [STDERR_REDIRECT] WARNING: Could not lock System prefs. Unix error code 2.
2025-06-17 12:30:20,908 [ERROR] LogOutputStream:75 - [STDERR_REDIRECT] 
2025-06-17 12:30:20,909 [ERROR] LogOutputStream:75 - [STDERR_REDIRECT] Jun 17, 2025 12:30:20 PM java.util.prefs.FileSystemPreferences syncWorld
2025-06-17 12:30:20,909 [ERROR] LogOutputStream:75 - [STDERR_REDIRECT] WARNING: Couldn't flush system prefs: java.util.prefs.BackingStoreException: Couldn't get file lock.
2025-06-17 12:30:20,909 [ERROR] LogOutputStream:75 - [STDERR_REDIRECT] 
2025-06-17 12:30:50,908 [ERROR] LogOutputStream:75 - [STDERR_REDIRECT] Jun 17, 2025 12:30:50 PM java.util.prefs.FileSystemPreferences checkLockFile0ErrorCode
2025-06-17 12:30:50,908 [ERROR] LogOutputStream:75 - [STDERR_REDIRECT] WARNING: Could not lock System prefs. Unix error code 2.
2025-06-17 12:30:50,908 [ERROR] LogOutputStream:75 - [STDERR_REDIRECT] 
2025-06-17 12:30:50,908 [ERROR] LogOutputStream:75 - [STDERR_REDIRECT] Jun 17, 2025 12:30:50 PM java.util.prefs.FileSystemPreferences syncWorld
2025-06-17 12:30:50,909 [ERROR] LogOutputStream:75 - [STDERR_REDIRECT] WARNING: Couldn't flush system prefs: java.util.prefs.BackingStoreException: Couldn't get file lock.
2025-06-17 12:30:50,909 [ERROR] LogOutputStream:75 - [STDERR_REDIRECT] 
2025-06-17 12:31:20,908 [ERROR] LogOutputStream:75 - [STDERR_REDIRECT] Jun 17, 2025 12:31:20 PM java.util.prefs.FileSystemPreferences checkLockFile0ErrorCode
2025-06-17 12:31:20,908 [ERROR] LogOutputStream:75 - [STDERR_REDIRECT] WARNING: Could not lock System prefs. Unix error code 2.
2025-06-17 12:31:20,908 [ERROR] LogOutputStream:75 - [STDERR_REDIRECT] 
2025-06-17 12:31:20,908 [ERROR] LogOutputStream:75 - [STDERR_REDIRECT] Jun 17, 2025 12:31:20 PM java.util.prefs.FileSystemPreferences syncWorld
2025-06-17 12:31:20,908 [ERROR] LogOutputStream:75 - [STDERR_REDIRECT] WARNING: Couldn't flush system prefs: java.util.prefs.BackingStoreException: Couldn't get file lock.
2025-06-17 12:31:20,908 [ERROR] LogOutputStream:75 - [STDERR_REDIRECT] 
2025-06-17 12:31:50,910 [ERROR] LogOutputStream:75 - [STDERR_REDIRECT] Jun 17, 2025 12:31:50 PM java.util.prefs.FileSystemPreferences checkLockFile0ErrorCode
2025-06-17 12:31:50,910 [ERROR] LogOutputStream:75 - [STDERR_REDIRECT] WARNING: Could not lock System prefs. Unix error code 2.
2025-06-17 12:31:50,910 [ERROR] LogOutputStream:75 - [STDERR_REDIRECT] 
2025-06-17 12:31:50,910 [ERROR] LogOutputStream:75 - [STDERR_REDIRECT] Jun 17, 2025 12:31:50 PM java.util.prefs.FileSystemPreferences syncWorld
2025-06-17 12:31:50,910 [ERROR] LogOutputStream:75 - [STDERR_REDIRECT] WARNING: Couldn't flush system prefs: java.util.prefs.BackingStoreException: Couldn't get file lock.
2025-06-17 12:31:50,910 [ERROR] LogOutputStream:75 - [STDERR_REDIRECT] 
2025-06-17 12:32:20,910 [ERROR] LogOutputStream:75 - [STDERR_REDIRECT] Jun 17, 2025 12:32:20 PM java.util.prefs.FileSystemPreferences checkLockFile0ErrorCode
2025-06-17 12:32:20,910 [ERROR] LogOutputStream:75 - [STDERR_REDIRECT] WARNING: Could not lock System prefs. Unix error code 2.
2025-06-17 12:32:20,910 [ERROR] LogOutputStream:75 - [STDERR_REDIRECT] 
2025-06-17 12:32:20,910 [ERROR] LogOutputStream:75 - [STDERR_REDIRECT] Jun 17, 2025 12:32:20 PM java.util.prefs.FileSystemPreferences syncWorld
2025-06-17 12:32:20,910 [ERROR] LogOutputStream:75 - [STDERR_REDIRECT] WARNING: Couldn't flush system prefs: java.util.prefs.BackingStoreException: Couldn't get file lock.
2025-06-17 12:32:20,910 [ERROR] LogOutputStream:75 - [STDERR_REDIRECT] 
2025-06-17 12:32:50,909 [ERROR] LogOutputStream:75 - [STDERR_REDIRECT] Jun 17, 2025 12:32:50 PM java.util.prefs.FileSystemPreferences checkLockFile0ErrorCode
2025-06-17 12:32:50,910 [ERROR] LogOutputStream:75 - [STDERR_REDIRECT] WARNING: Could not lock System prefs. Unix error code 2.
2025-06-17 12:32:50,910 [ERROR] LogOutputStream:75 - [STDERR_REDIRECT] 
2025-06-17 12:32:50,910 [ERROR] LogOutputStream:75 - [STDERR_REDIRECT] Jun 17, 2025 12:32:50 PM java.util.prefs.FileSystemPreferences syncWorld
2025-06-17 12:32:50,910 [ERROR] LogOutputStream:75 - [STDERR_REDIRECT] WARNING: Couldn't flush system prefs: java.util.prefs.BackingStoreException: Couldn't get file lock.
2025-06-17 12:32:50,910 [ERROR] LogOutputStream:75 - [STDERR_REDIRECT] 
2025-06-17 12:33:20,910 [ERROR] LogOutputStream:75 - [STDERR_REDIRECT] Jun 17, 2025 12:33:20 PM java.util.prefs.FileSystemPreferences checkLockFile0ErrorCode
2025-06-17 12:33:20,910 [ERROR] LogOutputStream:75 - [STDERR_REDIRECT] WARNING: Could not lock System prefs. Unix error code 2.
2025-06-17 12:33:20,910 [ERROR] LogOutputStream:75 - [STDERR_REDIRECT] 
2025-06-17 12:33:20,910 [ERROR] LogOutputStream:75 - [STDERR_REDIRECT] Jun 17, 2025 12:33:20 PM java.util.prefs.FileSystemPreferences syncWorld
2025-06-17 12:33:20,910 [ERROR] LogOutputStream:75 - [STDERR_REDIRECT] WARNING: Couldn't flush system prefs: java.util.prefs.BackingStoreException: Couldn't get file lock.
2025-06-17 12:33:20,910 [ERROR] LogOutputStream:75 - [STDERR_REDIRECT] 
2025-06-17 12:33:50,911 [ERROR] LogOutputStream:75 - [STDERR_REDIRECT] Jun 17, 2025 12:33:50 PM java.util.prefs.FileSystemPreferences checkLockFile0ErrorCode
2025-06-17 12:33:50,911 [ERROR] LogOutputStream:75 - [STDERR_REDIRECT] WARNING: Could not lock System prefs. Unix error code 2.
2025-06-17 12:33:50,911 [ERROR] LogOutputStream:75 - [STDERR_REDIRECT] 
2025-06-17 12:33:50,911 [ERROR] LogOutputStream:75 - [STDERR_REDIRECT] Jun 17, 2025 12:33:50 PM java.util.prefs.FileSystemPreferences syncWorld
2025-06-17 12:33:50,911 [ERROR] LogOutputStream:75 - [STDERR_REDIRECT] WARNING: Couldn't flush system prefs: java.util.prefs.BackingStoreException: Couldn't get file lock.
2025-06-17 12:33:50,911 [ERROR] LogOutputStream:75 - [STDERR_REDIRECT] 
2025-06-17 12:34:20,911 [ERROR] LogOutputStream:75 - [STDERR_REDIRECT] Jun 17, 2025 12:34:20 PM java.util.prefs.FileSystemPreferences checkLockFile0ErrorCode
2025-06-17 12:34:20,912 [ERROR] LogOutputStream:75 - [STDERR_REDIRECT] WARNING: Could not lock System prefs. Unix error code 2.
2025-06-17 12:34:20,912 [ERROR] LogOutputStream:75 - [STDERR_REDIRECT] 
2025-06-17 12:34:20,912 [ERROR] LogOutputStream:75 - [STDERR_REDIRECT] Jun 17, 2025 12:34:20 PM java.util.prefs.FileSystemPreferences syncWorld
2025-06-17 12:34:20,912 [ERROR] LogOutputStream:75 - [STDERR_REDIRECT] WARNING: Couldn't flush system prefs: java.util.prefs.BackingStoreException: Couldn't get file lock.
2025-06-17 12:34:20,912 [ERROR] LogOutputStream:75 - [STDERR_REDIRECT] 
2025-06-17 12:34:50,912 [ERROR] LogOutputStream:75 - [STDERR_REDIRECT] Jun 17, 2025 12:34:50 PM java.util.prefs.FileSystemPreferences checkLockFile0ErrorCode
2025-06-17 12:34:50,912 [ERROR] LogOutputStream:75 - [STDERR_REDIRECT] WARNING: Could not lock System prefs. Unix error code 2.
2025-06-17 12:34:50,912 [ERROR] LogOutputStream:75 - [STDERR_REDIRECT] 
2025-06-17 12:34:50,912 [ERROR] LogOutputStream:75 - [STDERR_REDIRECT] Jun 17, 2025 12:34:50 PM java.util.prefs.FileSystemPreferences syncWorld
2025-06-17 12:34:50,913 [ERROR] LogOutputStream:75 - [STDERR_REDIRECT] WARNING: Couldn't flush system prefs: java.util.prefs.BackingStoreException: Couldn't get file lock.
2025-06-17 12:34:50,913 [ERROR] LogOutputStream:75 - [STDERR_REDIRECT] 
2025-06-17 12:35:20,911 [ERROR] LogOutputStream:75 - [STDERR_REDIRECT] Jun 17, 2025 12:35:20 PM java.util.prefs.FileSystemPreferences checkLockFile0ErrorCode
2025-06-17 12:35:20,911 [ERROR] LogOutputStream:75 - [STDERR_REDIRECT] WARNING: Could not lock System prefs. Unix error code 2.
2025-06-17 12:35:20,911 [ERROR] LogOutputStream:75 - [STDERR_REDIRECT] 
2025-06-17 12:35:20,911 [ERROR] LogOutputStream:75 - [STDERR_REDIRECT] Jun 17, 2025 12:35:20 PM java.util.prefs.FileSystemPreferences syncWorld
2025-06-17 12:35:20,911 [ERROR] LogOutputStream:75 - [STDERR_REDIRECT] WARNING: Couldn't flush system prefs: java.util.prefs.BackingStoreException: Couldn't get file lock.
2025-06-17 12:35:20,911 [ERROR] LogOutputStream:75 - [STDERR_REDIRECT] 
2025-06-17 12:35:50,913 [ERROR] LogOutputStream:75 - [STDERR_REDIRECT] Jun 17, 2025 12:35:50 PM java.util.prefs.FileSystemPreferences checkLockFile0ErrorCode
2025-06-17 12:35:50,913 [ERROR] LogOutputStream:75 - [STDERR_REDIRECT] WARNING: Could not lock System prefs. Unix error code 2.
2025-06-17 12:35:50,913 [ERROR] LogOutputStream:75 - [STDERR_REDIRECT] 
2025-06-17 12:35:50,913 [ERROR] LogOutputStream:75 - [STDERR_REDIRECT] Jun 17, 2025 12:35:50 PM java.util.prefs.FileSystemPreferences syncWorld
2025-06-17 12:35:50,913 [ERROR] LogOutputStream:75 - [STDERR_REDIRECT] WARNING: Couldn't flush system prefs: java.util.prefs.BackingStoreException: Couldn't get file lock.
2025-06-17 12:35:50,914 [ERROR] LogOutputStream:75 - [STDERR_REDIRECT] 
2025-06-17 12:36:20,913 [ERROR] LogOutputStream:75 - [STDERR_REDIRECT] Jun 17, 2025 12:36:20 PM java.util.prefs.FileSystemPreferences checkLockFile0ErrorCode
2025-06-17 12:36:20,913 [ERROR] LogOutputStream:75 - [STDERR_REDIRECT] WARNING: Could not lock System prefs. Unix error code 2.
2025-06-17 12:36:20,913 [ERROR] LogOutputStream:75 - [STDERR_REDIRECT] 
2025-06-17 12:36:20,914 [ERROR] LogOutputStream:75 - [STDERR_REDIRECT] Jun 17, 2025 12:36:20 PM java.util.prefs.FileSystemPreferences syncWorld
2025-06-17 12:36:20,914 [ERROR] LogOutputStream:75 - [STDERR_REDIRECT] WARNING: Couldn't flush system prefs: java.util.prefs.BackingStoreException: Couldn't get file lock.
2025-06-17 12:36:20,914 [ERROR] LogOutputStream:75 - [STDERR_REDIRECT] 
2025-06-17 12:36:50,913 [ERROR] LogOutputStream:75 - [STDERR_REDIRECT] Jun 17, 2025 12:36:50 PM java.util.prefs.FileSystemPreferences checkLockFile0ErrorCode
2025-06-17 12:36:50,914 [ERROR] LogOutputStream:75 - [STDERR_REDIRECT] WARNING: Could not lock System prefs. Unix error code 2.
2025-06-17 12:36:50,914 [ERROR] LogOutputStream:75 - [STDERR_REDIRECT] 
2025-06-17 12:36:50,914 [ERROR] LogOutputStream:75 - [STDERR_REDIRECT] Jun 17, 2025 12:36:50 PM java.util.prefs.FileSystemPreferences syncWorld
2025-06-17 12:36:50,914 [ERROR] LogOutputStream:75 - [STDERR_REDIRECT] WARNING: Couldn't flush system prefs: java.util.prefs.BackingStoreException: Couldn't get file lock.
2025-06-17 12:36:50,914 [ERROR] LogOutputStream:75 - [STDERR_REDIRECT] 
2025-06-17 12:37:20,913 [ERROR] LogOutputStream:75 - [STDERR_REDIRECT] Jun 17, 2025 12:37:20 PM java.util.prefs.FileSystemPreferences checkLockFile0ErrorCode
2025-06-17 12:37:20,913 [ERROR] LogOutputStream:75 - [STDERR_REDIRECT] WARNING: Could not lock System prefs. Unix error code 2.
2025-06-17 12:37:20,913 [ERROR] LogOutputStream:75 - [STDERR_REDIRECT] 
2025-06-17 12:37:20,913 [ERROR] LogOutputStream:75 - [STDERR_REDIRECT] Jun 17, 2025 12:37:20 PM java.util.prefs.FileSystemPreferences syncWorld
2025-06-17 12:37:20,914 [ERROR] LogOutputStream:75 - [STDERR_REDIRECT] WARNING: Couldn't flush system prefs: java.util.prefs.BackingStoreException: Couldn't get file lock.
2025-06-17 12:37:20,914 [ERROR] LogOutputStream:75 - [STDERR_REDIRECT] 
2025-06-17 12:37:50,913 [ERROR] LogOutputStream:75 - [STDERR_REDIRECT] Jun 17, 2025 12:37:50 PM java.util.prefs.FileSystemPreferences checkLockFile0ErrorCode
2025-06-17 12:37:50,913 [ERROR] LogOutputStream:75 - [STDERR_REDIRECT] WARNING: Could not lock System prefs. Unix error code 2.
2025-06-17 12:37:50,913 [ERROR] LogOutputStream:75 - [STDERR_REDIRECT] 
2025-06-17 12:37:50,913 [ERROR] LogOutputStream:75 - [STDERR_REDIRECT] Jun 17, 2025 12:37:50 PM java.util.prefs.FileSystemPreferences syncWorld
2025-06-17 12:37:50,913 [ERROR] LogOutputStream:75 - [STDERR_REDIRECT] WARNING: Couldn't flush system prefs: java.util.prefs.BackingStoreException: Couldn't get file lock.
2025-06-17 12:37:50,913 [ERROR] LogOutputStream:75 - [STDERR_REDIRECT] 
2025-06-17 12:38:20,914 [ERROR] LogOutputStream:75 - [STDERR_REDIRECT] Jun 17, 2025 12:38:20 PM java.util.prefs.FileSystemPreferences checkLockFile0ErrorCode
2025-06-17 12:38:20,914 [ERROR] LogOutputStream:75 - [STDERR_REDIRECT] WARNING: Could not lock System prefs. Unix error code 2.
2025-06-17 12:38:20,914 [ERROR] LogOutputStream:75 - [STDERR_REDIRECT] 
2025-06-17 12:38:20,915 [ERROR] LogOutputStream:75 - [STDERR_REDIRECT] Jun 17, 2025 12:38:20 PM java.util.prefs.FileSystemPreferences syncWorld
2025-06-17 12:38:20,915 [ERROR] LogOutputStream:75 - [STDERR_REDIRECT] WARNING: Couldn't flush system prefs: java.util.prefs.BackingStoreException: Couldn't get file lock.
2025-06-17 12:38:20,915 [ERROR] LogOutputStream:75 - [STDERR_REDIRECT] 
2025-06-17 12:38:50,914 [ERROR] LogOutputStream:75 - [STDERR_REDIRECT] Jun 17, 2025 12:38:50 PM java.util.prefs.FileSystemPreferences checkLockFile0ErrorCode
2025-06-17 12:38:50,914 [ERROR] LogOutputStream:75 - [STDERR_REDIRECT] WARNING: Could not lock System prefs. Unix error code 2.
2025-06-17 12:38:50,914 [ERROR] LogOutputStream:75 - [STDERR_REDIRECT] 
2025-06-17 12:38:50,915 [ERROR] LogOutputStream:75 - [STDERR_REDIRECT] Jun 17, 2025 12:38:50 PM java.util.prefs.FileSystemPreferences syncWorld
2025-06-17 12:38:50,915 [ERROR] LogOutputStream:75 - [STDERR_REDIRECT] WARNING: Couldn't flush system prefs: java.util.prefs.BackingStoreException: Couldn't get file lock.
2025-06-17 12:38:50,915 [ERROR] LogOutputStream:75 - [STDERR_REDIRECT] 
2025-06-17 12:39:20,913 [ERROR] LogOutputStream:75 - [STDERR_REDIRECT] Jun 17, 2025 12:39:20 PM java.util.prefs.FileSystemPreferences checkLockFile0ErrorCode
2025-06-17 12:39:20,913 [ERROR] LogOutputStream:75 - [STDERR_REDIRECT] WARNING: Could not lock System prefs. Unix error code 2.
2025-06-17 12:39:20,913 [ERROR] LogOutputStream:75 - [STDERR_REDIRECT] 
2025-06-17 12:39:20,913 [ERROR] LogOutputStream:75 - [STDERR_REDIRECT] Jun 17, 2025 12:39:20 PM java.util.prefs.FileSystemPreferences syncWorld
2025-06-17 12:39:20,913 [ERROR] LogOutputStream:75 - [STDERR_REDIRECT] WARNING: Couldn't flush system prefs: java.util.prefs.BackingStoreException: Couldn't get file lock.
2025-06-17 12:39:20,913 [ERROR] LogOutputStream:75 - [STDERR_REDIRECT] 
2025-06-17 12:39:50,914 [ERROR] LogOutputStream:75 - [STDERR_REDIRECT] Jun 17, 2025 12:39:50 PM java.util.prefs.FileSystemPreferences checkLockFile0ErrorCode
2025-06-17 12:39:50,914 [ERROR] LogOutputStream:75 - [STDERR_REDIRECT] WARNING: Could not lock System prefs. Unix error code 2.
2025-06-17 12:39:50,914 [ERROR] LogOutputStream:75 - [STDERR_REDIRECT] 
2025-06-17 12:39:50,914 [ERROR] LogOutputStream:75 - [STDERR_REDIRECT] Jun 17, 2025 12:39:50 PM java.util.prefs.FileSystemPreferences syncWorld
2025-06-17 12:39:50,915 [ERROR] LogOutputStream:75 - [STDERR_REDIRECT] WARNING: Couldn't flush system prefs: java.util.prefs.BackingStoreException: Couldn't get file lock.
2025-06-17 12:39:50,915 [ERROR] LogOutputStream:75 - [STDERR_REDIRECT] 
2025-06-17 12:40:20,913 [ERROR] LogOutputStream:75 - [STDERR_REDIRECT] Jun 17, 2025 12:40:20 PM java.util.prefs.FileSystemPreferences checkLockFile0ErrorCode
2025-06-17 12:40:20,913 [ERROR] LogOutputStream:75 - [STDERR_REDIRECT] WARNING: Could not lock System prefs. Unix error code 2.
2025-06-17 12:40:20,913 [ERROR] LogOutputStream:75 - [STDERR_REDIRECT] 
2025-06-17 12:40:20,913 [ERROR] LogOutputStream:75 - [STDERR_REDIRECT] Jun 17, 2025 12:40:20 PM java.util.prefs.FileSystemPreferences syncWorld
2025-06-17 12:40:20,913 [ERROR] LogOutputStream:75 - [STDERR_REDIRECT] WARNING: Couldn't flush system prefs: java.util.prefs.BackingStoreException: Couldn't get file lock.
2025-06-17 12:40:20,913 [ERROR] LogOutputStream:75 - [STDERR_REDIRECT] 
2025-06-17 12:40:50,913 [ERROR] LogOutputStream:75 - [STDERR_REDIRECT] Jun 17, 2025 12:40:50 PM java.util.prefs.FileSystemPreferences checkLockFile0ErrorCode
2025-06-17 12:40:50,913 [ERROR] LogOutputStream:75 - [STDERR_REDIRECT] WARNING: Could not lock System prefs. Unix error code 2.
2025-06-17 12:40:50,913 [ERROR] LogOutputStream:75 - [STDERR_REDIRECT] 
2025-06-17 12:40:50,913 [ERROR] LogOutputStream:75 - [STDERR_REDIRECT] Jun 17, 2025 12:40:50 PM java.util.prefs.FileSystemPreferences syncWorld
2025-06-17 12:40:50,913 [ERROR] LogOutputStream:75 - [STDERR_REDIRECT] WARNING: Couldn't flush system prefs: java.util.prefs.BackingStoreException: Couldn't get file lock.
2025-06-17 12:40:50,913 [ERROR] LogOutputStream:75 - [STDERR_REDIRECT] 
2025-06-17 12:41:20,913 [ERROR] LogOutputStream:75 - [STDERR_REDIRECT] Jun 17, 2025 12:41:20 PM java.util.prefs.FileSystemPreferences checkLockFile0ErrorCode
2025-06-17 12:41:20,913 [ERROR] LogOutputStream:75 - [STDERR_REDIRECT] WARNING: Could not lock System prefs. Unix error code 2.
2025-06-17 12:41:20,913 [ERROR] LogOutputStream:75 - [STDERR_REDIRECT] 
2025-06-17 12:41:20,913 [ERROR] LogOutputStream:75 - [STDERR_REDIRECT] Jun 17, 2025 12:41:20 PM java.util.prefs.FileSystemPreferences syncWorld
2025-06-17 12:41:20,913 [ERROR] LogOutputStream:75 - [STDERR_REDIRECT] WARNING: Couldn't flush system prefs: java.util.prefs.BackingStoreException: Couldn't get file lock.
2025-06-17 12:41:20,913 [ERROR] LogOutputStream:75 - [STDERR_REDIRECT] 
2025-06-17 12:41:50,913 [ERROR] LogOutputStream:75 - [STDERR_REDIRECT] Jun 17, 2025 12:41:50 PM java.util.prefs.FileSystemPreferences checkLockFile0ErrorCode
2025-06-17 12:41:50,913 [ERROR] LogOutputStream:75 - [STDERR_REDIRECT] WARNING: Could not lock System prefs. Unix error code 2.
2025-06-17 12:41:50,913 [ERROR] LogOutputStream:75 - [STDERR_REDIRECT] 
2025-06-17 12:41:50,914 [ERROR] LogOutputStream:75 - [STDERR_REDIRECT] Jun 17, 2025 12:41:50 PM java.util.prefs.FileSystemPreferences syncWorld
2025-06-17 12:41:50,914 [ERROR] LogOutputStream:75 - [STDERR_REDIRECT] WARNING: Couldn't flush system prefs: java.util.prefs.BackingStoreException: Couldn't get file lock.
2025-06-17 12:41:50,914 [ERROR] LogOutputStream:75 - [STDERR_REDIRECT] 
2025-06-17 12:42:20,914 [ERROR] LogOutputStream:75 - [STDERR_REDIRECT] Jun 17, 2025 12:42:20 PM java.util.prefs.FileSystemPreferences checkLockFile0ErrorCode
2025-06-17 12:42:20,914 [ERROR] LogOutputStream:75 - [STDERR_REDIRECT] WARNING: Could not lock System prefs. Unix error code 2.
2025-06-17 12:42:20,914 [ERROR] LogOutputStream:75 - [STDERR_REDIRECT] 
2025-06-17 12:42:20,914 [ERROR] LogOutputStream:75 - [STDERR_REDIRECT] Jun 17, 2025 12:42:20 PM java.util.prefs.FileSystemPreferences syncWorld
2025-06-17 12:42:20,914 [ERROR] LogOutputStream:75 - [STDERR_REDIRECT] WARNING: Couldn't flush system prefs: java.util.prefs.BackingStoreException: Couldn't get file lock.
2025-06-17 12:42:20,914 [ERROR] LogOutputStream:75 - [STDERR_REDIRECT] 
2025-06-17 12:42:50,914 [ERROR] LogOutputStream:75 - [STDERR_REDIRECT] Jun 17, 2025 12:42:50 PM java.util.prefs.FileSystemPreferences checkLockFile0ErrorCode
2025-06-17 12:42:50,914 [ERROR] LogOutputStream:75 - [STDERR_REDIRECT] WARNING: Could not lock System prefs. Unix error code 2.
2025-06-17 12:42:50,914 [ERROR] LogOutputStream:75 - [STDERR_REDIRECT] 
2025-06-17 12:42:50,915 [ERROR] LogOutputStream:75 - [STDERR_REDIRECT] Jun 17, 2025 12:42:50 PM java.util.prefs.FileSystemPreferences syncWorld
2025-06-17 12:42:50,915 [ERROR] LogOutputStream:75 - [STDERR_REDIRECT] WARNING: Couldn't flush system prefs: java.util.prefs.BackingStoreException: Couldn't get file lock.
2025-06-17 12:42:50,915 [ERROR] LogOutputStream:75 - [STDERR_REDIRECT] 
2025-06-17 12:43:20,913 [ERROR] LogOutputStream:75 - [STDERR_REDIRECT] Jun 17, 2025 12:43:20 PM java.util.prefs.FileSystemPreferences checkLockFile0ErrorCode
2025-06-17 12:43:20,913 [ERROR] LogOutputStream:75 - [STDERR_REDIRECT] WARNING: Could not lock System prefs. Unix error code 2.
2025-06-17 12:43:20,913 [ERROR] LogOutputStream:75 - [STDERR_REDIRECT] 
2025-06-17 12:43:20,914 [ERROR] LogOutputStream:75 - [STDERR_REDIRECT] Jun 17, 2025 12:43:20 PM java.util.prefs.FileSystemPreferences syncWorld
2025-06-17 12:43:20,914 [ERROR] LogOutputStream:75 - [STDERR_REDIRECT] WARNING: Couldn't flush system prefs: java.util.prefs.BackingStoreException: Couldn't get file lock.
2025-06-17 12:43:20,914 [ERROR] LogOutputStream:75 - [STDERR_REDIRECT] 
2025-06-17 12:43:50,914 [ERROR] LogOutputStream:75 - [STDERR_REDIRECT] Jun 17, 2025 12:43:50 PM java.util.prefs.FileSystemPreferences checkLockFile0ErrorCode
2025-06-17 12:43:50,914 [ERROR] LogOutputStream:75 - [STDERR_REDIRECT] WARNING: Could not lock System prefs. Unix error code 2.
2025-06-17 12:43:50,914 [ERROR] LogOutputStream:75 - [STDERR_REDIRECT] 
2025-06-17 12:43:50,914 [ERROR] LogOutputStream:75 - [STDERR_REDIRECT] Jun 17, 2025 12:43:50 PM java.util.prefs.FileSystemPreferences syncWorld
2025-06-17 12:43:50,914 [ERROR] LogOutputStream:75 - [STDERR_REDIRECT] WARNING: Couldn't flush system prefs: java.util.prefs.BackingStoreException: Couldn't get file lock.
2025-06-17 12:43:50,914 [ERROR] LogOutputStream:75 - [STDERR_REDIRECT] 
2025-06-17 12:44:20,914 [ERROR] LogOutputStream:75 - [STDERR_REDIRECT] Jun 17, 2025 12:44:20 PM java.util.prefs.FileSystemPreferences checkLockFile0ErrorCode
2025-06-17 12:44:20,914 [ERROR] LogOutputStream:75 - [STDERR_REDIRECT] WARNING: Could not lock System prefs. Unix error code 2.
2025-06-17 12:44:20,914 [ERROR] LogOutputStream:75 - [STDERR_REDIRECT] 
2025-06-17 12:44:20,914 [ERROR] LogOutputStream:75 - [STDERR_REDIRECT] Jun 17, 2025 12:44:20 PM java.util.prefs.FileSystemPreferences syncWorld
2025-06-17 12:44:20,915 [ERROR] LogOutputStream:75 - [STDERR_REDIRECT] WARNING: Couldn't flush system prefs: java.util.prefs.BackingStoreException: Couldn't get file lock.
2025-06-17 12:44:20,915 [ERROR] LogOutputStream:75 - [STDERR_REDIRECT] 
2025-06-17 12:44:50,913 [ERROR] LogOutputStream:75 - [STDERR_REDIRECT] Jun 17, 2025 12:44:50 PM java.util.prefs.FileSystemPreferences checkLockFile0ErrorCode
2025-06-17 12:44:50,913 [ERROR] LogOutputStream:75 - [STDERR_REDIRECT] WARNING: Could not lock System prefs. Unix error code 2.
2025-06-17 12:44:50,913 [ERROR] LogOutputStream:75 - [STDERR_REDIRECT] 
2025-06-17 12:44:50,914 [ERROR] LogOutputStream:75 - [STDERR_REDIRECT] Jun 17, 2025 12:44:50 PM java.util.prefs.FileSystemPreferences syncWorld
2025-06-17 12:44:50,914 [ERROR] LogOutputStream:75 - [STDERR_REDIRECT] WARNING: Couldn't flush system prefs: java.util.prefs.BackingStoreException: Couldn't get file lock.
2025-06-17 12:44:50,914 [ERROR] LogOutputStream:75 - [STDERR_REDIRECT] 
2025-06-17 12:45:20,913 [ERROR] LogOutputStream:75 - [STDERR_REDIRECT] Jun 17, 2025 12:45:20 PM java.util.prefs.FileSystemPreferences checkLockFile0ErrorCode
2025-06-17 12:45:20,914 [ERROR] LogOutputStream:75 - [STDERR_REDIRECT] WARNING: Could not lock System prefs. Unix error code 2.
2025-06-17 12:45:20,914 [ERROR] LogOutputStream:75 - [STDERR_REDIRECT] 
2025-06-17 12:45:20,914 [ERROR] LogOutputStream:75 - [STDERR_REDIRECT] Jun 17, 2025 12:45:20 PM java.util.prefs.FileSystemPreferences syncWorld
2025-06-17 12:45:20,914 [ERROR] LogOutputStream:75 - [STDERR_REDIRECT] WARNING: Couldn't flush system prefs: java.util.prefs.BackingStoreException: Couldn't get file lock.
2025-06-17 12:45:20,914 [ERROR] LogOutputStream:75 - [STDERR_REDIRECT] 
2025-06-17 12:45:50,913 [ERROR] LogOutputStream:75 - [STDERR_REDIRECT] Jun 17, 2025 12:45:50 PM java.util.prefs.FileSystemPreferences checkLockFile0ErrorCode
2025-06-17 12:45:50,913 [ERROR] LogOutputStream:75 - [STDERR_REDIRECT] WARNING: Could not lock System prefs. Unix error code 2.
2025-06-17 12:45:50,914 [ERROR] LogOutputStream:75 - [STDERR_REDIRECT] 
2025-06-17 12:45:50,914 [ERROR] LogOutputStream:75 - [STDERR_REDIRECT] Jun 17, 2025 12:45:50 PM java.util.prefs.FileSystemPreferences syncWorld
2025-06-17 12:45:50,914 [ERROR] LogOutputStream:75 - [STDERR_REDIRECT] WARNING: Couldn't flush system prefs: java.util.prefs.BackingStoreException: Couldn't get file lock.
2025-06-17 12:45:50,914 [ERROR] LogOutputStream:75 - [STDERR_REDIRECT] 
2025-06-17 12:46:20,914 [ERROR] LogOutputStream:75 - [STDERR_REDIRECT] Jun 17, 2025 12:46:20 PM java.util.prefs.FileSystemPreferences checkLockFile0ErrorCode
2025-06-17 12:46:20,914 [ERROR] LogOutputStream:75 - [STDERR_REDIRECT] WARNING: Could not lock System prefs. Unix error code 2.
2025-06-17 12:46:20,914 [ERROR] LogOutputStream:75 - [STDERR_REDIRECT] 
2025-06-17 12:46:20,914 [ERROR] LogOutputStream:75 - [STDERR_REDIRECT] Jun 17, 2025 12:46:20 PM java.util.prefs.FileSystemPreferences syncWorld
2025-06-17 12:46:20,914 [ERROR] LogOutputStream:75 - [STDERR_REDIRECT] WARNING: Couldn't flush system prefs: java.util.prefs.BackingStoreException: Couldn't get file lock.
2025-06-17 12:46:20,914 [ERROR] LogOutputStream:75 - [STDERR_REDIRECT] 
2025-06-17 12:46:50,913 [ERROR] LogOutputStream:75 - [STDERR_REDIRECT] Jun 17, 2025 12:46:50 PM java.util.prefs.FileSystemPreferences checkLockFile0ErrorCode
2025-06-17 12:46:50,913 [ERROR] LogOutputStream:75 - [STDERR_REDIRECT] WARNING: Could not lock System prefs. Unix error code 2.
2025-06-17 12:46:50,913 [ERROR] LogOutputStream:75 - [STDERR_REDIRECT] 
2025-06-17 12:46:50,914 [ERROR] LogOutputStream:75 - [STDERR_REDIRECT] Jun 17, 2025 12:46:50 PM java.util.prefs.FileSystemPreferences syncWorld
2025-06-17 12:46:50,914 [ERROR] LogOutputStream:75 - [STDERR_REDIRECT] WARNING: Couldn't flush system prefs: java.util.prefs.BackingStoreException: Couldn't get file lock.
2025-06-17 12:46:50,914 [ERROR] LogOutputStream:75 - [STDERR_REDIRECT] 
2025-06-17 12:47:20,914 [ERROR] LogOutputStream:75 - [STDERR_REDIRECT] Jun 17, 2025 12:47:20 PM java.util.prefs.FileSystemPreferences checkLockFile0ErrorCode
2025-06-17 12:47:20,914 [ERROR] LogOutputStream:75 - [STDERR_REDIRECT] WARNING: Could not lock System prefs. Unix error code 2.
2025-06-17 12:47:20,914 [ERROR] LogOutputStream:75 - [STDERR_REDIRECT] 
2025-06-17 12:47:20,915 [ERROR] LogOutputStream:75 - [STDERR_REDIRECT] Jun 17, 2025 12:47:20 PM java.util.prefs.FileSystemPreferences syncWorld
2025-06-17 12:47:20,915 [ERROR] LogOutputStream:75 - [STDERR_REDIRECT] WARNING: Couldn't flush system prefs: java.util.prefs.BackingStoreException: Couldn't get file lock.
2025-06-17 12:47:20,915 [ERROR] LogOutputStream:75 - [STDERR_REDIRECT] 
2025-06-17 12:47:50,912 [ERROR] LogOutputStream:75 - [STDERR_REDIRECT] Jun 17, 2025 12:47:50 PM java.util.prefs.FileSystemPreferences checkLockFile0ErrorCode
2025-06-17 12:47:50,912 [ERROR] LogOutputStream:75 - [STDERR_REDIRECT] WARNING: Could not lock System prefs. Unix error code 2.
2025-06-17 12:47:50,912 [ERROR] LogOutputStream:75 - [STDERR_REDIRECT] 
2025-06-17 12:47:50,912 [ERROR] LogOutputStream:75 - [STDERR_REDIRECT] Jun 17, 2025 12:47:50 PM java.util.prefs.FileSystemPreferences syncWorld
2025-06-17 12:47:50,913 [ERROR] LogOutputStream:75 - [STDERR_REDIRECT] WARNING: Couldn't flush system prefs: java.util.prefs.BackingStoreException: Couldn't get file lock.
2025-06-17 12:47:50,913 [ERROR] LogOutputStream:75 - [STDERR_REDIRECT] 
2025-06-17 12:48:20,912 [ERROR] LogOutputStream:75 - [STDERR_REDIRECT] Jun 17, 2025 12:48:20 PM java.util.prefs.FileSystemPreferences checkLockFile0ErrorCode
2025-06-17 12:48:20,912 [ERROR] LogOutputStream:75 - [STDERR_REDIRECT] WARNING: Could not lock System prefs. Unix error code 2.
2025-06-17 12:48:20,912 [ERROR] LogOutputStream:75 - [STDERR_REDIRECT] 
2025-06-17 12:48:20,912 [ERROR] LogOutputStream:75 - [STDERR_REDIRECT] Jun 17, 2025 12:48:20 PM java.util.prefs.FileSystemPreferences syncWorld
2025-06-17 12:48:20,913 [ERROR] LogOutputStream:75 - [STDERR_REDIRECT] WARNING: Couldn't flush system prefs: java.util.prefs.BackingStoreException: Couldn't get file lock.
2025-06-17 12:48:20,913 [ERROR] LogOutputStream:75 - [STDERR_REDIRECT] 
2025-06-17 12:48:50,913 [ERROR] LogOutputStream:75 - [STDERR_REDIRECT] Jun 17, 2025 12:48:50 PM java.util.prefs.FileSystemPreferences checkLockFile0ErrorCode
2025-06-17 12:48:50,913 [ERROR] LogOutputStream:75 - [STDERR_REDIRECT] WARNING: Could not lock System prefs. Unix error code 2.
2025-06-17 12:48:50,913 [ERROR] LogOutputStream:75 - [STDERR_REDIRECT] 
2025-06-17 12:48:50,913 [ERROR] LogOutputStream:75 - [STDERR_REDIRECT] Jun 17, 2025 12:48:50 PM java.util.prefs.FileSystemPreferences syncWorld
2025-06-17 12:48:50,913 [ERROR] LogOutputStream:75 - [STDERR_REDIRECT] WARNING: Couldn't flush system prefs: java.util.prefs.BackingStoreException: Couldn't get file lock.
2025-06-17 12:48:50,913 [ERROR] LogOutputStream:75 - [STDERR_REDIRECT] 
2025-06-17 12:49:20,914 [ERROR] LogOutputStream:75 - [STDERR_REDIRECT] Jun 17, 2025 12:49:20 PM java.util.prefs.FileSystemPreferences checkLockFile0ErrorCode
2025-06-17 12:49:20,914 [ERROR] LogOutputStream:75 - [STDERR_REDIRECT] WARNING: Could not lock System prefs. Unix error code 2.
2025-06-17 12:49:20,914 [ERROR] LogOutputStream:75 - [STDERR_REDIRECT] 
2025-06-17 12:49:20,914 [ERROR] LogOutputStream:75 - [STDERR_REDIRECT] Jun 17, 2025 12:49:20 PM java.util.prefs.FileSystemPreferences syncWorld
2025-06-17 12:49:20,914 [ERROR] LogOutputStream:75 - [STDERR_REDIRECT] WARNING: Couldn't flush system prefs: java.util.prefs.BackingStoreException: Couldn't get file lock.
2025-06-17 12:49:20,915 [ERROR] LogOutputStream:75 - [STDERR_REDIRECT] 
2025-06-17 12:49:50,912 [ERROR] LogOutputStream:75 - [STDERR_REDIRECT] Jun 17, 2025 12:49:50 PM java.util.prefs.FileSystemPreferences checkLockFile0ErrorCode
2025-06-17 12:49:50,912 [ERROR] LogOutputStream:75 - [STDERR_REDIRECT] WARNING: Could not lock System prefs. Unix error code 2.
2025-06-17 12:49:50,912 [ERROR] LogOutputStream:75 - [STDERR_REDIRECT] 
2025-06-17 12:49:50,913 [ERROR] LogOutputStream:75 - [STDERR_REDIRECT] Jun 17, 2025 12:49:50 PM java.util.prefs.FileSystemPreferences syncWorld
2025-06-17 12:49:50,913 [ERROR] LogOutputStream:75 - [STDERR_REDIRECT] WARNING: Couldn't flush system prefs: java.util.prefs.BackingStoreException: Couldn't get file lock.
2025-06-17 12:49:50,913 [ERROR] LogOutputStream:75 - [STDERR_REDIRECT] 
2025-06-17 12:50:20,912 [ERROR] LogOutputStream:75 - [STDERR_REDIRECT] Jun 17, 2025 12:50:20 PM java.util.prefs.FileSystemPreferences checkLockFile0ErrorCode
2025-06-17 12:50:20,912 [ERROR] LogOutputStream:75 - [STDERR_REDIRECT] WARNING: Could not lock System prefs. Unix error code 2.
2025-06-17 12:50:20,912 [ERROR] LogOutputStream:75 - [STDERR_REDIRECT] 
2025-06-17 12:50:20,912 [ERROR] LogOutputStream:75 - [STDERR_REDIRECT] Jun 17, 2025 12:50:20 PM java.util.prefs.FileSystemPreferences syncWorld
2025-06-17 12:50:20,912 [ERROR] LogOutputStream:75 - [STDERR_REDIRECT] WARNING: Couldn't flush system prefs: java.util.prefs.BackingStoreException: Couldn't get file lock.
2025-06-17 12:50:20,912 [ERROR] LogOutputStream:75 - [STDERR_REDIRECT] 
2025-06-17 12:50:50,913 [ERROR] LogOutputStream:75 - [STDERR_REDIRECT] Jun 17, 2025 12:50:50 PM java.util.prefs.FileSystemPreferences checkLockFile0ErrorCode
2025-06-17 12:50:50,913 [ERROR] LogOutputStream:75 - [STDERR_REDIRECT] WARNING: Could not lock System prefs. Unix error code 2.
2025-06-17 12:50:50,914 [ERROR] LogOutputStream:75 - [STDERR_REDIRECT] 
2025-06-17 12:50:50,914 [ERROR] LogOutputStream:75 - [STDERR_REDIRECT] Jun 17, 2025 12:50:50 PM java.util.prefs.FileSystemPreferences syncWorld
2025-06-17 12:50:50,914 [ERROR] LogOutputStream:75 - [STDERR_REDIRECT] WARNING: Couldn't flush system prefs: java.util.prefs.BackingStoreException: Couldn't get file lock.
2025-06-17 12:50:50,914 [ERROR] LogOutputStream:75 - [STDERR_REDIRECT] 
2025-06-17 12:51:20,914 [ERROR] LogOutputStream:75 - [STDERR_REDIRECT] Jun 17, 2025 12:51:20 PM java.util.prefs.FileSystemPreferences checkLockFile0ErrorCode
2025-06-17 12:51:20,914 [ERROR] LogOutputStream:75 - [STDERR_REDIRECT] WARNING: Could not lock System prefs. Unix error code 2.
2025-06-17 12:51:20,914 [ERROR] LogOutputStream:75 - [STDERR_REDIRECT] 
2025-06-17 12:51:20,914 [ERROR] LogOutputStream:75 - [STDERR_REDIRECT] Jun 17, 2025 12:51:20 PM java.util.prefs.FileSystemPreferences syncWorld
2025-06-17 12:51:20,914 [ERROR] LogOutputStream:75 - [STDERR_REDIRECT] WARNING: Couldn't flush system prefs: java.util.prefs.BackingStoreException: Couldn't get file lock.
2025-06-17 12:51:20,914 [ERROR] LogOutputStream:75 - [STDERR_REDIRECT] 
2025-06-17 12:51:50,914 [ERROR] LogOutputStream:75 - [STDERR_REDIRECT] Jun 17, 2025 12:51:50 PM java.util.prefs.FileSystemPreferences checkLockFile0ErrorCode
2025-06-17 12:51:50,914 [ERROR] LogOutputStream:75 - [STDERR_REDIRECT] WARNING: Could not lock System prefs. Unix error code 2.
2025-06-17 12:51:50,914 [ERROR] LogOutputStream:75 - [STDERR_REDIRECT] 
2025-06-17 12:51:50,914 [ERROR] LogOutputStream:75 - [STDERR_REDIRECT] Jun 17, 2025 12:51:50 PM java.util.prefs.FileSystemPreferences syncWorld
2025-06-17 12:51:50,914 [ERROR] LogOutputStream:75 - [STDERR_REDIRECT] WARNING: Couldn't flush system prefs: java.util.prefs.BackingStoreException: Couldn't get file lock.
2025-06-17 12:51:50,914 [ERROR] LogOutputStream:75 - [STDERR_REDIRECT] 
2025-06-17 12:52:20,914 [ERROR] LogOutputStream:75 - [STDERR_REDIRECT] Jun 17, 2025 12:52:20 PM java.util.prefs.FileSystemPreferences checkLockFile0ErrorCode
2025-06-17 12:52:20,914 [ERROR] LogOutputStream:75 - [STDERR_REDIRECT] WARNING: Could not lock System prefs. Unix error code 2.
2025-06-17 12:52:20,914 [ERROR] LogOutputStream:75 - [STDERR_REDIRECT] 
2025-06-17 12:52:20,914 [ERROR] LogOutputStream:75 - [STDERR_REDIRECT] Jun 17, 2025 12:52:20 PM java.util.prefs.FileSystemPreferences syncWorld
2025-06-17 12:52:20,914 [ERROR] LogOutputStream:75 - [STDERR_REDIRECT] WARNING: Couldn't flush system prefs: java.util.prefs.BackingStoreException: Couldn't get file lock.
2025-06-17 12:52:20,914 [ERROR] LogOutputStream:75 - [STDERR_REDIRECT] 
2025-06-17 12:52:50,914 [ERROR] LogOutputStream:75 - [STDERR_REDIRECT] Jun 17, 2025 12:52:50 PM java.util.prefs.FileSystemPreferences checkLockFile0ErrorCode
2025-06-17 12:52:50,914 [ERROR] LogOutputStream:75 - [STDERR_REDIRECT] WARNING: Could not lock System prefs. Unix error code 2.
2025-06-17 12:52:50,915 [ERROR] LogOutputStream:75 - [STDERR_REDIRECT] 
2025-06-17 12:52:50,915 [ERROR] LogOutputStream:75 - [STDERR_REDIRECT] Jun 17, 2025 12:52:50 PM java.util.prefs.FileSystemPreferences syncWorld
2025-06-17 12:52:50,915 [ERROR] LogOutputStream:75 - [STDERR_REDIRECT] WARNING: Couldn't flush system prefs: java.util.prefs.BackingStoreException: Couldn't get file lock.
2025-06-17 12:52:50,915 [ERROR] LogOutputStream:75 - [STDERR_REDIRECT] 
2025-06-17 12:53:20,915 [ERROR] LogOutputStream:75 - [STDERR_REDIRECT] Jun 17, 2025 12:53:20 PM java.util.prefs.FileSystemPreferences checkLockFile0ErrorCode
2025-06-17 12:53:20,915 [ERROR] LogOutputStream:75 - [STDERR_REDIRECT] WARNING: Could not lock System prefs. Unix error code 2.
2025-06-17 12:53:20,915 [ERROR] LogOutputStream:75 - [STDERR_REDIRECT] 
2025-06-17 12:53:20,915 [ERROR] LogOutputStream:75 - [STDERR_REDIRECT] Jun 17, 2025 12:53:20 PM java.util.prefs.FileSystemPreferences syncWorld
2025-06-17 12:53:20,915 [ERROR] LogOutputStream:75 - [STDERR_REDIRECT] WARNING: Couldn't flush system prefs: java.util.prefs.BackingStoreException: Couldn't get file lock.
2025-06-17 12:53:20,916 [ERROR] LogOutputStream:75 - [STDERR_REDIRECT] 
2025-06-17 12:53:50,914 [ERROR] LogOutputStream:75 - [STDERR_REDIRECT] Jun 17, 2025 12:53:50 PM java.util.prefs.FileSystemPreferences checkLockFile0ErrorCode
2025-06-17 12:53:50,914 [ERROR] LogOutputStream:75 - [STDERR_REDIRECT] WARNING: Could not lock System prefs. Unix error code 2.
2025-06-17 12:53:50,914 [ERROR] LogOutputStream:75 - [STDERR_REDIRECT] 
2025-06-17 12:53:50,914 [ERROR] LogOutputStream:75 - [STDERR_REDIRECT] Jun 17, 2025 12:53:50 PM java.util.prefs.FileSystemPreferences syncWorld
2025-06-17 12:53:50,915 [ERROR] LogOutputStream:75 - [STDERR_REDIRECT] WARNING: Couldn't flush system prefs: java.util.prefs.BackingStoreException: Couldn't get file lock.
2025-06-17 12:53:50,915 [ERROR] LogOutputStream:75 - [STDERR_REDIRECT] 
2025-06-17 12:54:20,915 [ERROR] LogOutputStream:75 - [STDERR_REDIRECT] Jun 17, 2025 12:54:20 PM java.util.prefs.FileSystemPreferences checkLockFile0ErrorCode
2025-06-17 12:54:20,915 [ERROR] LogOutputStream:75 - [STDERR_REDIRECT] WARNING: Could not lock System prefs. Unix error code 2.
2025-06-17 12:54:20,915 [ERROR] LogOutputStream:75 - [STDERR_REDIRECT] 
2025-06-17 12:54:20,915 [ERROR] LogOutputStream:75 - [STDERR_REDIRECT] Jun 17, 2025 12:54:20 PM java.util.prefs.FileSystemPreferences syncWorld
2025-06-17 12:54:20,915 [ERROR] LogOutputStream:75 - [STDERR_REDIRECT] WARNING: Couldn't flush system prefs: java.util.prefs.BackingStoreException: Couldn't get file lock.
2025-06-17 12:54:20,915 [ERROR] LogOutputStream:75 - [STDERR_REDIRECT] 
2025-06-17 12:54:50,915 [ERROR] LogOutputStream:75 - [STDERR_REDIRECT] Jun 17, 2025 12:54:50 PM java.util.prefs.FileSystemPreferences checkLockFile0ErrorCode
2025-06-17 12:54:50,915 [ERROR] LogOutputStream:75 - [STDERR_REDIRECT] WARNING: Could not lock System prefs. Unix error code 2.
2025-06-17 12:54:50,915 [ERROR] LogOutputStream:75 - [STDERR_REDIRECT] 
2025-06-17 12:54:50,915 [ERROR] LogOutputStream:75 - [STDERR_REDIRECT] Jun 17, 2025 12:54:50 PM java.util.prefs.FileSystemPreferences syncWorld
2025-06-17 12:54:50,915 [ERROR] LogOutputStream:75 - [STDERR_REDIRECT] WARNING: Couldn't flush system prefs: java.util.prefs.BackingStoreException: Couldn't get file lock.
2025-06-17 12:54:50,916 [ERROR] LogOutputStream:75 - [STDERR_REDIRECT] 
2025-06-17 12:55:20,913 [ERROR] LogOutputStream:75 - [STDERR_REDIRECT] Jun 17, 2025 12:55:20 PM java.util.prefs.FileSystemPreferences checkLockFile0ErrorCode
2025-06-17 12:55:20,914 [ERROR] LogOutputStream:75 - [STDERR_REDIRECT] WARNING: Could not lock System prefs. Unix error code 2.
2025-06-17 12:55:20,914 [ERROR] LogOutputStream:75 - [STDERR_REDIRECT] 
2025-06-17 12:55:20,914 [ERROR] LogOutputStream:75 - [STDERR_REDIRECT] Jun 17, 2025 12:55:20 PM java.util.prefs.FileSystemPreferences syncWorld
2025-06-17 12:55:20,914 [ERROR] LogOutputStream:75 - [STDERR_REDIRECT] WARNING: Couldn't flush system prefs: java.util.prefs.BackingStoreException: Couldn't get file lock.
2025-06-17 12:55:20,914 [ERROR] LogOutputStream:75 - [STDERR_REDIRECT] 
2025-06-17 12:55:50,915 [ERROR] LogOutputStream:75 - [STDERR_REDIRECT] Jun 17, 2025 12:55:50 PM java.util.prefs.FileSystemPreferences checkLockFile0ErrorCode
2025-06-17 12:55:50,915 [ERROR] LogOutputStream:75 - [STDERR_REDIRECT] WARNING: Could not lock System prefs. Unix error code 2.
2025-06-17 12:55:50,915 [ERROR] LogOutputStream:75 - [STDERR_REDIRECT] 
2025-06-17 12:55:50,915 [ERROR] LogOutputStream:75 - [STDERR_REDIRECT] Jun 17, 2025 12:55:50 PM java.util.prefs.FileSystemPreferences syncWorld
2025-06-17 12:55:50,915 [ERROR] LogOutputStream:75 - [STDERR_REDIRECT] WARNING: Couldn't flush system prefs: java.util.prefs.BackingStoreException: Couldn't get file lock.
2025-06-17 12:55:50,915 [ERROR] LogOutputStream:75 - [STDERR_REDIRECT] 
2025-06-17 12:56:20,916 [ERROR] LogOutputStream:75 - [STDERR_REDIRECT] Jun 17, 2025 12:56:20 PM java.util.prefs.FileSystemPreferences checkLockFile0ErrorCode
2025-06-17 12:56:20,916 [ERROR] LogOutputStream:75 - [STDERR_REDIRECT] WARNING: Could not lock System prefs. Unix error code 2.
2025-06-17 12:56:20,916 [ERROR] LogOutputStream:75 - [STDERR_REDIRECT] 
2025-06-17 12:56:20,916 [ERROR] LogOutputStream:75 - [STDERR_REDIRECT] Jun 17, 2025 12:56:20 PM java.util.prefs.FileSystemPreferences syncWorld
2025-06-17 12:56:20,916 [ERROR] LogOutputStream:75 - [STDERR_REDIRECT] WARNING: Couldn't flush system prefs: java.util.prefs.BackingStoreException: Couldn't get file lock.
2025-06-17 12:56:20,916 [ERROR] LogOutputStream:75 - [STDERR_REDIRECT] 
2025-06-17 12:56:50,915 [ERROR] LogOutputStream:75 - [STDERR_REDIRECT] Jun 17, 2025 12:56:50 PM java.util.prefs.FileSystemPreferences checkLockFile0ErrorCode
2025-06-17 12:56:50,915 [ERROR] LogOutputStream:75 - [STDERR_REDIRECT] WARNING: Could not lock System prefs. Unix error code 2.
2025-06-17 12:56:50,916 [ERROR] LogOutputStream:75 - [STDERR_REDIRECT] 
2025-06-17 12:56:50,916 [ERROR] LogOutputStream:75 - [STDERR_REDIRECT] Jun 17, 2025 12:56:50 PM java.util.prefs.FileSystemPreferences syncWorld
2025-06-17 12:56:50,916 [ERROR] LogOutputStream:75 - [STDERR_REDIRECT] WARNING: Couldn't flush system prefs: java.util.prefs.BackingStoreException: Couldn't get file lock.
2025-06-17 12:56:50,916 [ERROR] LogOutputStream:75 - [STDERR_REDIRECT] 
2025-06-17 12:57:20,915 [ERROR] LogOutputStream:75 - [STDERR_REDIRECT] Jun 17, 2025 12:57:20 PM java.util.prefs.FileSystemPreferences checkLockFile0ErrorCode
2025-06-17 12:57:20,915 [ERROR] LogOutputStream:75 - [STDERR_REDIRECT] WARNING: Could not lock System prefs. Unix error code 2.
2025-06-17 12:57:20,915 [ERROR] LogOutputStream:75 - [STDERR_REDIRECT] 
2025-06-17 12:57:20,915 [ERROR] LogOutputStream:75 - [STDERR_REDIRECT] Jun 17, 2025 12:57:20 PM java.util.prefs.FileSystemPreferences syncWorld
2025-06-17 12:57:20,915 [ERROR] LogOutputStream:75 - [STDERR_REDIRECT] WARNING: Couldn't flush system prefs: java.util.prefs.BackingStoreException: Couldn't get file lock.
2025-06-17 12:57:20,915 [ERROR] LogOutputStream:75 - [STDERR_REDIRECT] 
2025-06-17 12:57:50,916 [ERROR] LogOutputStream:75 - [STDERR_REDIRECT] Jun 17, 2025 12:57:50 PM java.util.prefs.FileSystemPreferences checkLockFile0ErrorCode
2025-06-17 12:57:50,916 [ERROR] LogOutputStream:75 - [STDERR_REDIRECT] WARNING: Could not lock System prefs. Unix error code 2.
2025-06-17 12:57:50,916 [ERROR] LogOutputStream:75 - [STDERR_REDIRECT] 
2025-06-17 12:57:50,916 [ERROR] LogOutputStream:75 - [STDERR_REDIRECT] Jun 17, 2025 12:57:50 PM java.util.prefs.FileSystemPreferences syncWorld
2025-06-17 12:57:50,917 [ERROR] LogOutputStream:75 - [STDERR_REDIRECT] WARNING: Couldn't flush system prefs: java.util.prefs.BackingStoreException: Couldn't get file lock.
2025-06-17 12:57:50,917 [ERROR] LogOutputStream:75 - [STDERR_REDIRECT] 
2025-06-17 12:58:20,915 [ERROR] LogOutputStream:75 - [STDERR_REDIRECT] Jun 17, 2025 12:58:20 PM java.util.prefs.FileSystemPreferences checkLockFile0ErrorCode
2025-06-17 12:58:20,916 [ERROR] LogOutputStream:75 - [STDERR_REDIRECT] WARNING: Could not lock System prefs. Unix error code 2.
2025-06-17 12:58:20,916 [ERROR] LogOutputStream:75 - [STDERR_REDIRECT] 
2025-06-17 12:58:20,916 [ERROR] LogOutputStream:75 - [STDERR_REDIRECT] Jun 17, 2025 12:58:20 PM java.util.prefs.FileSystemPreferences syncWorld
2025-06-17 12:58:20,916 [ERROR] LogOutputStream:75 - [STDERR_REDIRECT] WARNING: Couldn't flush system prefs: java.util.prefs.BackingStoreException: Couldn't get file lock.
2025-06-17 12:58:20,916 [ERROR] LogOutputStream:75 - [STDERR_REDIRECT] 
2025-06-17 12:58:50,917 [ERROR] LogOutputStream:75 - [STDERR_REDIRECT] Jun 17, 2025 12:58:50 PM java.util.prefs.FileSystemPreferences checkLockFile0ErrorCode
2025-06-17 12:58:50,917 [ERROR] LogOutputStream:75 - [STDERR_REDIRECT] WARNING: Could not lock System prefs. Unix error code 2.
2025-06-17 12:58:50,917 [ERROR] LogOutputStream:75 - [STDERR_REDIRECT] 
2025-06-17 12:58:50,917 [ERROR] LogOutputStream:75 - [STDERR_REDIRECT] Jun 17, 2025 12:58:50 PM java.util.prefs.FileSystemPreferences syncWorld
2025-06-17 12:58:50,917 [ERROR] LogOutputStream:75 - [STDERR_REDIRECT] WARNING: Couldn't flush system prefs: java.util.prefs.BackingStoreException: Couldn't get file lock.
2025-06-17 12:58:50,917 [ERROR] LogOutputStream:75 - [STDERR_REDIRECT] 
2025-06-17 12:59:20,916 [ERROR] LogOutputStream:75 - [STDERR_REDIRECT] Jun 17, 2025 12:59:20 PM java.util.prefs.FileSystemPreferences checkLockFile0ErrorCode
2025-06-17 12:59:20,916 [ERROR] LogOutputStream:75 - [STDERR_REDIRECT] WARNING: Could not lock System prefs. Unix error code 2.
2025-06-17 12:59:20,916 [ERROR] LogOutputStream:75 - [STDERR_REDIRECT] 
2025-06-17 12:59:20,916 [ERROR] LogOutputStream:75 - [STDERR_REDIRECT] Jun 17, 2025 12:59:20 PM java.util.prefs.FileSystemPreferences syncWorld
2025-06-17 12:59:20,916 [ERROR] LogOutputStream:75 - [STDERR_REDIRECT] WARNING: Couldn't flush system prefs: java.util.prefs.BackingStoreException: Couldn't get file lock.
2025-06-17 12:59:20,916 [ERROR] LogOutputStream:75 - [STDERR_REDIRECT] 
2025-06-17 12:59:50,917 [ERROR] LogOutputStream:75 - [STDERR_REDIRECT] Jun 17, 2025 12:59:50 PM java.util.prefs.FileSystemPreferences checkLockFile0ErrorCode
2025-06-17 12:59:50,917 [ERROR] LogOutputStream:75 - [STDERR_REDIRECT] WARNING: Could not lock System prefs. Unix error code 2.
2025-06-17 12:59:50,917 [ERROR] LogOutputStream:75 - [STDERR_REDIRECT] 
2025-06-17 12:59:50,918 [ERROR] LogOutputStream:75 - [STDERR_REDIRECT] Jun 17, 2025 12:59:50 PM java.util.prefs.FileSystemPreferences syncWorld
2025-06-17 12:59:50,918 [ERROR] LogOutputStream:75 - [STDERR_REDIRECT] WARNING: Couldn't flush system prefs: java.util.prefs.BackingStoreException: Couldn't get file lock.
2025-06-17 12:59:50,918 [ERROR] LogOutputStream:75 - [STDERR_REDIRECT] 
2025-06-17 13:00:20,917 [ERROR] LogOutputStream:75 - [STDERR_REDIRECT] Jun 17, 2025 1:00:20 PM java.util.prefs.FileSystemPreferences checkLockFile0ErrorCode
2025-06-17 13:00:20,917 [ERROR] LogOutputStream:75 - [STDERR_REDIRECT] WARNING: Could not lock System prefs. Unix error code 2.
2025-06-17 13:00:20,917 [ERROR] LogOutputStream:75 - [STDERR_REDIRECT] 
2025-06-17 13:00:20,917 [ERROR] LogOutputStream:75 - [STDERR_REDIRECT] Jun 17, 2025 1:00:20 PM java.util.prefs.FileSystemPreferences syncWorld
2025-06-17 13:00:20,917 [ERROR] LogOutputStream:75 - [STDERR_REDIRECT] WARNING: Couldn't flush system prefs: java.util.prefs.BackingStoreException: Couldn't get file lock.
2025-06-17 13:00:20,917 [ERROR] LogOutputStream:75 - [STDERR_REDIRECT] 
2025-06-17 13:00:50,918 [ERROR] LogOutputStream:75 - [STDERR_REDIRECT] Jun 17, 2025 1:00:50 PM java.util.prefs.FileSystemPreferences checkLockFile0ErrorCode
2025-06-17 13:00:50,918 [ERROR] LogOutputStream:75 - [STDERR_REDIRECT] WARNING: Could not lock System prefs. Unix error code 2.
2025-06-17 13:00:50,918 [ERROR] LogOutputStream:75 - [STDERR_REDIRECT] 
2025-06-17 13:00:50,918 [ERROR] LogOutputStream:75 - [STDERR_REDIRECT] Jun 17, 2025 1:00:50 PM java.util.prefs.FileSystemPreferences syncWorld
2025-06-17 13:00:50,918 [ERROR] LogOutputStream:75 - [STDERR_REDIRECT] WARNING: Couldn't flush system prefs: java.util.prefs.BackingStoreException: Couldn't get file lock.
2025-06-17 13:00:50,919 [ERROR] LogOutputStream:75 - [STDERR_REDIRECT] 
2025-06-17 13:01:20,916 [ERROR] LogOutputStream:75 - [STDERR_REDIRECT] Jun 17, 2025 1:01:20 PM java.util.prefs.FileSystemPreferences checkLockFile0ErrorCode
2025-06-17 13:01:20,917 [ERROR] LogOutputStream:75 - [STDERR_REDIRECT] WARNING: Could not lock System prefs. Unix error code 2.
2025-06-17 13:01:20,917 [ERROR] LogOutputStream:75 - [STDERR_REDIRECT] 
2025-06-17 13:01:20,917 [ERROR] LogOutputStream:75 - [STDERR_REDIRECT] Jun 17, 2025 1:01:20 PM java.util.prefs.FileSystemPreferences syncWorld
2025-06-17 13:01:20,917 [ERROR] LogOutputStream:75 - [STDERR_REDIRECT] WARNING: Couldn't flush system prefs: java.util.prefs.BackingStoreException: Couldn't get file lock.
2025-06-17 13:01:20,917 [ERROR] LogOutputStream:75 - [STDERR_REDIRECT] 
2025-06-17 13:01:50,918 [ERROR] LogOutputStream:75 - [STDERR_REDIRECT] Jun 17, 2025 1:01:50 PM java.util.prefs.FileSystemPreferences checkLockFile0ErrorCode
2025-06-17 13:01:50,918 [ERROR] LogOutputStream:75 - [STDERR_REDIRECT] WARNING: Could not lock System prefs. Unix error code 2.
2025-06-17 13:01:50,918 [ERROR] LogOutputStream:75 - [STDERR_REDIRECT] 
2025-06-17 13:01:50,918 [ERROR] LogOutputStream:75 - [STDERR_REDIRECT] Jun 17, 2025 1:01:50 PM java.util.prefs.FileSystemPreferences syncWorld
2025-06-17 13:01:50,918 [ERROR] LogOutputStream:75 - [STDERR_REDIRECT] WARNING: Couldn't flush system prefs: java.util.prefs.BackingStoreException: Couldn't get file lock.
2025-06-17 13:01:50,918 [ERROR] LogOutputStream:75 - [STDERR_REDIRECT] 
2025-06-17 13:02:20,917 [ERROR] LogOutputStream:75 - [STDERR_REDIRECT] Jun 17, 2025 1:02:20 PM java.util.prefs.FileSystemPreferences checkLockFile0ErrorCode
2025-06-17 13:02:20,917 [ERROR] LogOutputStream:75 - [STDERR_REDIRECT] WARNING: Could not lock System prefs. Unix error code 2.
2025-06-17 13:02:20,917 [ERROR] LogOutputStream:75 - [STDERR_REDIRECT] 
2025-06-17 13:02:20,917 [ERROR] LogOutputStream:75 - [STDERR_REDIRECT] Jun 17, 2025 1:02:20 PM java.util.prefs.FileSystemPreferences syncWorld
2025-06-17 13:02:20,917 [ERROR] LogOutputStream:75 - [STDERR_REDIRECT] WARNING: Couldn't flush system prefs: java.util.prefs.BackingStoreException: Couldn't get file lock.
2025-06-17 13:02:20,917 [ERROR] LogOutputStream:75 - [STDERR_REDIRECT] 
2025-06-17 13:02:50,917 [ERROR] LogOutputStream:75 - [STDERR_REDIRECT] Jun 17, 2025 1:02:50 PM java.util.prefs.FileSystemPreferences checkLockFile0ErrorCode
2025-06-17 13:02:50,917 [ERROR] LogOutputStream:75 - [STDERR_REDIRECT] WARNING: Could not lock System prefs. Unix error code 2.
2025-06-17 13:02:50,917 [ERROR] LogOutputStream:75 - [STDERR_REDIRECT] 
2025-06-17 13:02:50,917 [ERROR] LogOutputStream:75 - [STDERR_REDIRECT] Jun 17, 2025 1:02:50 PM java.util.prefs.FileSystemPreferences syncWorld
2025-06-17 13:02:50,918 [ERROR] LogOutputStream:75 - [STDERR_REDIRECT] WARNING: Couldn't flush system prefs: java.util.prefs.BackingStoreException: Couldn't get file lock.
2025-06-17 13:02:50,918 [ERROR] LogOutputStream:75 - [STDERR_REDIRECT] 
2025-06-17 13:03:20,917 [ERROR] LogOutputStream:75 - [STDERR_REDIRECT] Jun 17, 2025 1:03:20 PM java.util.prefs.FileSystemPreferences checkLockFile0ErrorCode
2025-06-17 13:03:20,917 [ERROR] LogOutputStream:75 - [STDERR_REDIRECT] WARNING: Could not lock System prefs. Unix error code 2.
2025-06-17 13:03:20,917 [ERROR] LogOutputStream:75 - [STDERR_REDIRECT] 
2025-06-17 13:03:20,917 [ERROR] LogOutputStream:75 - [STDERR_REDIRECT] Jun 17, 2025 1:03:20 PM java.util.prefs.FileSystemPreferences syncWorld
2025-06-17 13:03:20,917 [ERROR] LogOutputStream:75 - [STDERR_REDIRECT] WARNING: Couldn't flush system prefs: java.util.prefs.BackingStoreException: Couldn't get file lock.
2025-06-17 13:03:20,917 [ERROR] LogOutputStream:75 - [STDERR_REDIRECT] 
2025-06-17 13:03:50,918 [ERROR] LogOutputStream:75 - [STDERR_REDIRECT] Jun 17, 2025 1:03:50 PM java.util.prefs.FileSystemPreferences checkLockFile0ErrorCode
2025-06-17 13:03:50,918 [ERROR] LogOutputStream:75 - [STDERR_REDIRECT] WARNING: Could not lock System prefs. Unix error code 2.
2025-06-17 13:03:50,918 [ERROR] LogOutputStream:75 - [STDERR_REDIRECT] 
2025-06-17 13:03:50,918 [ERROR] LogOutputStream:75 - [STDERR_REDIRECT] Jun 17, 2025 1:03:50 PM java.util.prefs.FileSystemPreferences syncWorld
2025-06-17 13:03:50,918 [ERROR] LogOutputStream:75 - [STDERR_REDIRECT] WARNING: Couldn't flush system prefs: java.util.prefs.BackingStoreException: Couldn't get file lock.
2025-06-17 13:03:50,918 [ERROR] LogOutputStream:75 - [STDERR_REDIRECT] 
2025-06-17 13:04:20,917 [ERROR] LogOutputStream:75 - [STDERR_REDIRECT] Jun 17, 2025 1:04:20 PM java.util.prefs.FileSystemPreferences checkLockFile0ErrorCode
2025-06-17 13:04:20,918 [ERROR] LogOutputStream:75 - [STDERR_REDIRECT] WARNING: Could not lock System prefs. Unix error code 2.
2025-06-17 13:04:20,918 [ERROR] LogOutputStream:75 - [STDERR_REDIRECT] 
2025-06-17 13:04:20,918 [ERROR] LogOutputStream:75 - [STDERR_REDIRECT] Jun 17, 2025 1:04:20 PM java.util.prefs.FileSystemPreferences syncWorld
2025-06-17 13:04:20,918 [ERROR] LogOutputStream:75 - [STDERR_REDIRECT] WARNING: Couldn't flush system prefs: java.util.prefs.BackingStoreException: Couldn't get file lock.
2025-06-17 13:04:20,918 [ERROR] LogOutputStream:75 - [STDERR_REDIRECT] 
2025-06-17 13:04:50,917 [ERROR] LogOutputStream:75 - [STDERR_REDIRECT] Jun 17, 2025 1:04:50 PM java.util.prefs.FileSystemPreferences checkLockFile0ErrorCode
2025-06-17 13:04:50,917 [ERROR] LogOutputStream:75 - [STDERR_REDIRECT] WARNING: Could not lock System prefs. Unix error code 2.
2025-06-17 13:04:50,917 [ERROR] LogOutputStream:75 - [STDERR_REDIRECT] 
2025-06-17 13:04:50,918 [ERROR] LogOutputStream:75 - [STDERR_REDIRECT] Jun 17, 2025 1:04:50 PM java.util.prefs.FileSystemPreferences syncWorld
2025-06-17 13:04:50,918 [ERROR] LogOutputStream:75 - [STDERR_REDIRECT] WARNING: Couldn't flush system prefs: java.util.prefs.BackingStoreException: Couldn't get file lock.
2025-06-17 13:04:50,918 [ERROR] LogOutputStream:75 - [STDERR_REDIRECT] 
2025-06-17 13:05:20,918 [ERROR] LogOutputStream:75 - [STDERR_REDIRECT] Jun 17, 2025 1:05:20 PM java.util.prefs.FileSystemPreferences checkLockFile0ErrorCode
2025-06-17 13:05:20,918 [ERROR] LogOutputStream:75 - [STDERR_REDIRECT] WARNING: Could not lock System prefs. Unix error code 2.
2025-06-17 13:05:20,918 [ERROR] LogOutputStream:75 - [STDERR_REDIRECT] 
2025-06-17 13:05:20,918 [ERROR] LogOutputStream:75 - [STDERR_REDIRECT] Jun 17, 2025 1:05:20 PM java.util.prefs.FileSystemPreferences syncWorld
2025-06-17 13:05:20,918 [ERROR] LogOutputStream:75 - [STDERR_REDIRECT] WARNING: Couldn't flush system prefs: java.util.prefs.BackingStoreException: Couldn't get file lock.
2025-06-17 13:05:20,918 [ERROR] LogOutputStream:75 - [STDERR_REDIRECT] 
2025-06-17 13:05:50,919 [ERROR] LogOutputStream:75 - [STDERR_REDIRECT] Jun 17, 2025 1:05:50 PM java.util.prefs.FileSystemPreferences checkLockFile0ErrorCode
2025-06-17 13:05:50,919 [ERROR] LogOutputStream:75 - [STDERR_REDIRECT] WARNING: Could not lock System prefs. Unix error code 2.
2025-06-17 13:05:50,919 [ERROR] LogOutputStream:75 - [STDERR_REDIRECT] 
2025-06-17 13:05:50,920 [ERROR] LogOutputStream:75 - [STDERR_REDIRECT] Jun 17, 2025 1:05:50 PM java.util.prefs.FileSystemPreferences syncWorld
2025-06-17 13:05:50,920 [ERROR] LogOutputStream:75 - [STDERR_REDIRECT] WARNING: Couldn't flush system prefs: java.util.prefs.BackingStoreException: Couldn't get file lock.
2025-06-17 13:05:50,920 [ERROR] LogOutputStream:75 - [STDERR_REDIRECT] 
2025-06-17 13:06:20,919 [ERROR] LogOutputStream:75 - [STDERR_REDIRECT] Jun 17, 2025 1:06:20 PM java.util.prefs.FileSystemPreferences checkLockFile0ErrorCode
2025-06-17 13:06:20,919 [ERROR] LogOutputStream:75 - [STDERR_REDIRECT] WARNING: Could not lock System prefs. Unix error code 2.
2025-06-17 13:06:20,920 [ERROR] LogOutputStream:75 - [STDERR_REDIRECT] 
2025-06-17 13:06:20,920 [ERROR] LogOutputStream:75 - [STDERR_REDIRECT] Jun 17, 2025 1:06:20 PM java.util.prefs.FileSystemPreferences syncWorld
2025-06-17 13:06:20,920 [ERROR] LogOutputStream:75 - [STDERR_REDIRECT] WARNING: Couldn't flush system prefs: java.util.prefs.BackingStoreException: Couldn't get file lock.
2025-06-17 13:06:20,920 [ERROR] LogOutputStream:75 - [STDERR_REDIRECT] 
2025-06-17 13:06:50,919 [ERROR] LogOutputStream:75 - [STDERR_REDIRECT] Jun 17, 2025 1:06:50 PM java.util.prefs.FileSystemPreferences checkLockFile0ErrorCode
2025-06-17 13:06:50,920 [ERROR] LogOutputStream:75 - [STDERR_REDIRECT] WARNING: Could not lock System prefs. Unix error code 2.
2025-06-17 13:06:50,920 [ERROR] LogOutputStream:75 - [STDERR_REDIRECT] 
2025-06-17 13:06:50,921 [ERROR] LogOutputStream:75 - [STDERR_REDIRECT] Jun 17, 2025 1:06:50 PM java.util.prefs.FileSystemPreferences syncWorld
2025-06-17 13:06:50,921 [ERROR] LogOutputStream:75 - [STDERR_REDIRECT] WARNING: Couldn't flush system prefs: java.util.prefs.BackingStoreException: Couldn't get file lock.
2025-06-17 13:06:50,921 [ERROR] LogOutputStream:75 - [STDERR_REDIRECT] 
2025-06-17 13:07:20,919 [ERROR] LogOutputStream:75 - [STDERR_REDIRECT] Jun 17, 2025 1:07:20 PM java.util.prefs.FileSystemPreferences checkLockFile0ErrorCode
2025-06-17 13:07:20,919 [ERROR] LogOutputStream:75 - [STDERR_REDIRECT] WARNING: Could not lock System prefs. Unix error code 2.
2025-06-17 13:07:20,919 [ERROR] LogOutputStream:75 - [STDERR_REDIRECT] 
2025-06-17 13:07:20,919 [ERROR] LogOutputStream:75 - [STDERR_REDIRECT] Jun 17, 2025 1:07:20 PM java.util.prefs.FileSystemPreferences syncWorld
2025-06-17 13:07:20,919 [ERROR] LogOutputStream:75 - [STDERR_REDIRECT] WARNING: Couldn't flush system prefs: java.util.prefs.BackingStoreException: Couldn't get file lock.
2025-06-17 13:07:20,919 [ERROR] LogOutputStream:75 - [STDERR_REDIRECT] 
2025-06-17 13:07:50,920 [ERROR] LogOutputStream:75 - [STDERR_REDIRECT] Jun 17, 2025 1:07:50 PM java.util.prefs.FileSystemPreferences checkLockFile0ErrorCode
2025-06-17 13:07:50,920 [ERROR] LogOutputStream:75 - [STDERR_REDIRECT] WARNING: Could not lock System prefs. Unix error code 2.
2025-06-17 13:07:50,920 [ERROR] LogOutputStream:75 - [STDERR_REDIRECT] 
2025-06-17 13:07:50,921 [ERROR] LogOutputStream:75 - [STDERR_REDIRECT] Jun 17, 2025 1:07:50 PM java.util.prefs.FileSystemPreferences syncWorld
2025-06-17 13:07:50,921 [ERROR] LogOutputStream:75 - [STDERR_REDIRECT] WARNING: Couldn't flush system prefs: java.util.prefs.BackingStoreException: Couldn't get file lock.
2025-06-17 13:07:50,921 [ERROR] LogOutputStream:75 - [STDERR_REDIRECT] 
2025-06-17 13:08:20,919 [ERROR] LogOutputStream:75 - [STDERR_REDIRECT] Jun 17, 2025 1:08:20 PM java.util.prefs.FileSystemPreferences checkLockFile0ErrorCode
2025-06-17 13:08:20,919 [ERROR] LogOutputStream:75 - [STDERR_REDIRECT] WARNING: Could not lock System prefs. Unix error code 2.
2025-06-17 13:08:20,919 [ERROR] LogOutputStream:75 - [STDERR_REDIRECT] 
2025-06-17 13:08:20,919 [ERROR] LogOutputStream:75 - [STDERR_REDIRECT] Jun 17, 2025 1:08:20 PM java.util.prefs.FileSystemPreferences syncWorld
2025-06-17 13:08:20,919 [ERROR] LogOutputStream:75 - [STDERR_REDIRECT] WARNING: Couldn't flush system prefs: java.util.prefs.BackingStoreException: Couldn't get file lock.
2025-06-17 13:08:20,919 [ERROR] LogOutputStream:75 - [STDERR_REDIRECT] 
2025-06-17 13:08:50,919 [ERROR] LogOutputStream:75 - [STDERR_REDIRECT] Jun 17, 2025 1:08:50 PM java.util.prefs.FileSystemPreferences checkLockFile0ErrorCode
2025-06-17 13:08:50,920 [ERROR] LogOutputStream:75 - [STDERR_REDIRECT] WARNING: Could not lock System prefs. Unix error code 2.
2025-06-17 13:08:50,920 [ERROR] LogOutputStream:75 - [STDERR_REDIRECT] 
2025-06-17 13:08:50,920 [ERROR] LogOutputStream:75 - [STDERR_REDIRECT] Jun 17, 2025 1:08:50 PM java.util.prefs.FileSystemPreferences syncWorld
2025-06-17 13:08:50,920 [ERROR] LogOutputStream:75 - [STDERR_REDIRECT] WARNING: Couldn't flush system prefs: java.util.prefs.BackingStoreException: Couldn't get file lock.
2025-06-17 13:08:50,920 [ERROR] LogOutputStream:75 - [STDERR_REDIRECT] 
2025-06-17 13:09:20,919 [ERROR] LogOutputStream:75 - [STDERR_REDIRECT] Jun 17, 2025 1:09:20 PM java.util.prefs.FileSystemPreferences checkLockFile0ErrorCode
2025-06-17 13:09:20,920 [ERROR] LogOutputStream:75 - [STDERR_REDIRECT] WARNING: Could not lock System prefs. Unix error code 2.
2025-06-17 13:09:20,920 [ERROR] LogOutputStream:75 - [STDERR_REDIRECT] 
2025-06-17 13:09:20,920 [ERROR] LogOutputStream:75 - [STDERR_REDIRECT] Jun 17, 2025 1:09:20 PM java.util.prefs.FileSystemPreferences syncWorld
2025-06-17 13:09:20,920 [ERROR] LogOutputStream:75 - [STDERR_REDIRECT] WARNING: Couldn't flush system prefs: java.util.prefs.BackingStoreException: Couldn't get file lock.
2025-06-17 13:09:20,920 [ERROR] LogOutputStream:75 - [STDERR_REDIRECT] 
2025-06-17 13:09:50,920 [ERROR] LogOutputStream:75 - [STDERR_REDIRECT] Jun 17, 2025 1:09:50 PM java.util.prefs.FileSystemPreferences checkLockFile0ErrorCode
2025-06-17 13:09:50,920 [ERROR] LogOutputStream:75 - [STDERR_REDIRECT] WARNING: Could not lock System prefs. Unix error code 2.
2025-06-17 13:09:50,920 [ERROR] LogOutputStream:75 - [STDERR_REDIRECT] 
2025-06-17 13:09:50,920 [ERROR] LogOutputStream:75 - [STDERR_REDIRECT] Jun 17, 2025 1:09:50 PM java.util.prefs.FileSystemPreferences syncWorld
2025-06-17 13:09:50,920 [ERROR] LogOutputStream:75 - [STDERR_REDIRECT] WARNING: Couldn't flush system prefs: java.util.prefs.BackingStoreException: Couldn't get file lock.
2025-06-17 13:09:50,921 [ERROR] LogOutputStream:75 - [STDERR_REDIRECT] 
2025-06-17 13:10:20,919 [ERROR] LogOutputStream:75 - [STDERR_REDIRECT] Jun 17, 2025 1:10:20 PM java.util.prefs.FileSystemPreferences checkLockFile0ErrorCode
2025-06-17 13:10:20,919 [ERROR] LogOutputStream:75 - [STDERR_REDIRECT] WARNING: Could not lock System prefs. Unix error code 2.
2025-06-17 13:10:20,919 [ERROR] LogOutputStream:75 - [STDERR_REDIRECT] 
2025-06-17 13:10:20,919 [ERROR] LogOutputStream:75 - [STDERR_REDIRECT] Jun 17, 2025 1:10:20 PM java.util.prefs.FileSystemPreferences syncWorld
2025-06-17 13:10:20,919 [ERROR] LogOutputStream:75 - [STDERR_REDIRECT] WARNING: Couldn't flush system prefs: java.util.prefs.BackingStoreException: Couldn't get file lock.
2025-06-17 13:10:20,919 [ERROR] LogOutputStream:75 - [STDERR_REDIRECT] 
2025-06-17 13:10:50,920 [ERROR] LogOutputStream:75 - [STDERR_REDIRECT] Jun 17, 2025 1:10:50 PM java.util.prefs.FileSystemPreferences checkLockFile0ErrorCode
2025-06-17 13:10:50,920 [ERROR] LogOutputStream:75 - [STDERR_REDIRECT] WARNING: Could not lock System prefs. Unix error code 2.
2025-06-17 13:10:50,920 [ERROR] LogOutputStream:75 - [STDERR_REDIRECT] 
2025-06-17 13:10:50,920 [ERROR] LogOutputStream:75 - [STDERR_REDIRECT] Jun 17, 2025 1:10:50 PM java.util.prefs.FileSystemPreferences syncWorld
2025-06-17 13:10:50,920 [ERROR] LogOutputStream:75 - [STDERR_REDIRECT] WARNING: Couldn't flush system prefs: java.util.prefs.BackingStoreException: Couldn't get file lock.
2025-06-17 13:10:50,920 [ERROR] LogOutputStream:75 - [STDERR_REDIRECT] 
2025-06-17 13:11:20,920 [ERROR] LogOutputStream:75 - [STDERR_REDIRECT] Jun 17, 2025 1:11:20 PM java.util.prefs.FileSystemPreferences checkLockFile0ErrorCode
2025-06-17 13:11:20,920 [ERROR] LogOutputStream:75 - [STDERR_REDIRECT] WARNING: Could not lock System prefs. Unix error code 2.
2025-06-17 13:11:20,920 [ERROR] LogOutputStream:75 - [STDERR_REDIRECT] 
2025-06-17 13:11:20,920 [ERROR] LogOutputStream:75 - [STDERR_REDIRECT] Jun 17, 2025 1:11:20 PM java.util.prefs.FileSystemPreferences syncWorld
2025-06-17 13:11:20,920 [ERROR] LogOutputStream:75 - [STDERR_REDIRECT] WARNING: Couldn't flush system prefs: java.util.prefs.BackingStoreException: Couldn't get file lock.
2025-06-17 13:11:20,920 [ERROR] LogOutputStream:75 - [STDERR_REDIRECT] 
2025-06-17 13:11:50,919 [ERROR] LogOutputStream:75 - [STDERR_REDIRECT] Jun 17, 2025 1:11:50 PM java.util.prefs.FileSystemPreferences checkLockFile0ErrorCode
2025-06-17 13:11:50,919 [ERROR] LogOutputStream:75 - [STDERR_REDIRECT] WARNING: Could not lock System prefs. Unix error code 2.
2025-06-17 13:11:50,919 [ERROR] LogOutputStream:75 - [STDERR_REDIRECT] 
2025-06-17 13:11:50,919 [ERROR] LogOutputStream:75 - [STDERR_REDIRECT] Jun 17, 2025 1:11:50 PM java.util.prefs.FileSystemPreferences syncWorld
2025-06-17 13:11:50,919 [ERROR] LogOutputStream:75 - [STDERR_REDIRECT] WARNING: Couldn't flush system prefs: java.util.prefs.BackingStoreException: Couldn't get file lock.
2025-06-17 13:11:50,920 [ERROR] LogOutputStream:75 - [STDERR_REDIRECT] 
2025-06-17 13:12:20,919 [ERROR] LogOutputStream:75 - [STDERR_REDIRECT] Jun 17, 2025 1:12:20 PM java.util.prefs.FileSystemPreferences checkLockFile0ErrorCode
2025-06-17 13:12:20,919 [ERROR] LogOutputStream:75 - [STDERR_REDIRECT] WARNING: Could not lock System prefs. Unix error code 2.
2025-06-17 13:12:20,919 [ERROR] LogOutputStream:75 - [STDERR_REDIRECT] 
2025-06-17 13:12:20,919 [ERROR] LogOutputStream:75 - [STDERR_REDIRECT] Jun 17, 2025 1:12:20 PM java.util.prefs.FileSystemPreferences syncWorld
2025-06-17 13:12:20,919 [ERROR] LogOutputStream:75 - [STDERR_REDIRECT] WARNING: Couldn't flush system prefs: java.util.prefs.BackingStoreException: Couldn't get file lock.
2025-06-17 13:12:20,919 [ERROR] LogOutputStream:75 - [STDERR_REDIRECT] 
2025-06-17 13:12:50,919 [ERROR] LogOutputStream:75 - [STDERR_REDIRECT] Jun 17, 2025 1:12:50 PM java.util.prefs.FileSystemPreferences checkLockFile0ErrorCode
2025-06-17 13:12:50,919 [ERROR] LogOutputStream:75 - [STDERR_REDIRECT] WARNING: Could not lock System prefs. Unix error code 2.
2025-06-17 13:12:50,919 [ERROR] LogOutputStream:75 - [STDERR_REDIRECT] 
2025-06-17 13:12:50,919 [ERROR] LogOutputStream:75 - [STDERR_REDIRECT] Jun 17, 2025 1:12:50 PM java.util.prefs.FileSystemPreferences syncWorld
2025-06-17 13:12:50,919 [ERROR] LogOutputStream:75 - [STDERR_REDIRECT] WARNING: Couldn't flush system prefs: java.util.prefs.BackingStoreException: Couldn't get file lock.
2025-06-17 13:12:50,919 [ERROR] LogOutputStream:75 - [STDERR_REDIRECT] 
2025-06-17 13:13:20,919 [ERROR] LogOutputStream:75 - [STDERR_REDIRECT] Jun 17, 2025 1:13:20 PM java.util.prefs.FileSystemPreferences checkLockFile0ErrorCode
2025-06-17 13:13:20,919 [ERROR] LogOutputStream:75 - [STDERR_REDIRECT] WARNING: Could not lock System prefs. Unix error code 2.
2025-06-17 13:13:20,920 [ERROR] LogOutputStream:75 - [STDERR_REDIRECT] 
2025-06-17 13:13:20,920 [ERROR] LogOutputStream:75 - [STDERR_REDIRECT] Jun 17, 2025 1:13:20 PM java.util.prefs.FileSystemPreferences syncWorld
2025-06-17 13:13:20,920 [ERROR] LogOutputStream:75 - [STDERR_REDIRECT] WARNING: Couldn't flush system prefs: java.util.prefs.BackingStoreException: Couldn't get file lock.
2025-06-17 13:13:20,920 [ERROR] LogOutputStream:75 - [STDERR_REDIRECT] 
2025-06-17 13:13:50,919 [ERROR] LogOutputStream:75 - [STDERR_REDIRECT] Jun 17, 2025 1:13:50 PM java.util.prefs.FileSystemPreferences checkLockFile0ErrorCode
2025-06-17 13:13:50,920 [ERROR] LogOutputStream:75 - [STDERR_REDIRECT] WARNING: Could not lock System prefs. Unix error code 2.
2025-06-17 13:13:50,920 [ERROR] LogOutputStream:75 - [STDERR_REDIRECT] 
2025-06-17 13:13:50,920 [ERROR] LogOutputStream:75 - [STDERR_REDIRECT] Jun 17, 2025 1:13:50 PM java.util.prefs.FileSystemPreferences syncWorld
2025-06-17 13:13:50,920 [ERROR] LogOutputStream:75 - [STDERR_REDIRECT] WARNING: Couldn't flush system prefs: java.util.prefs.BackingStoreException: Couldn't get file lock.
2025-06-17 13:13:50,920 [ERROR] LogOutputStream:75 - [STDERR_REDIRECT] 
2025-06-17 13:14:20,919 [ERROR] LogOutputStream:75 - [STDERR_REDIRECT] Jun 17, 2025 1:14:20 PM java.util.prefs.FileSystemPreferences checkLockFile0ErrorCode
2025-06-17 13:14:20,919 [ERROR] LogOutputStream:75 - [STDERR_REDIRECT] WARNING: Could not lock System prefs. Unix error code 2.
2025-06-17 13:14:20,919 [ERROR] LogOutputStream:75 - [STDERR_REDIRECT] 
2025-06-17 13:14:20,920 [ERROR] LogOutputStream:75 - [STDERR_REDIRECT] Jun 17, 2025 1:14:20 PM java.util.prefs.FileSystemPreferences syncWorld
2025-06-17 13:14:20,920 [ERROR] LogOutputStream:75 - [STDERR_REDIRECT] WARNING: Couldn't flush system prefs: java.util.prefs.BackingStoreException: Couldn't get file lock.
2025-06-17 13:14:20,920 [ERROR] LogOutputStream:75 - [STDERR_REDIRECT] 
2025-06-17 13:14:50,919 [ERROR] LogOutputStream:75 - [STDERR_REDIRECT] Jun 17, 2025 1:14:50 PM java.util.prefs.FileSystemPreferences checkLockFile0ErrorCode
2025-06-17 13:14:50,919 [ERROR] LogOutputStream:75 - [STDERR_REDIRECT] WARNING: Could not lock System prefs. Unix error code 2.
2025-06-17 13:14:50,919 [ERROR] LogOutputStream:75 - [STDERR_REDIRECT] 
2025-06-17 13:14:50,919 [ERROR] LogOutputStream:75 - [STDERR_REDIRECT] Jun 17, 2025 1:14:50 PM java.util.prefs.FileSystemPreferences syncWorld
2025-06-17 13:14:50,920 [ERROR] LogOutputStream:75 - [STDERR_REDIRECT] WARNING: Couldn't flush system prefs: java.util.prefs.BackingStoreException: Couldn't get file lock.
2025-06-17 13:14:50,920 [ERROR] LogOutputStream:75 - [STDERR_REDIRECT] 
2025-06-17 13:15:20,919 [ERROR] LogOutputStream:75 - [STDERR_REDIRECT] Jun 17, 2025 1:15:20 PM java.util.prefs.FileSystemPreferences checkLockFile0ErrorCode
2025-06-17 13:15:20,919 [ERROR] LogOutputStream:75 - [STDERR_REDIRECT] WARNING: Could not lock System prefs. Unix error code 2.
2025-06-17 13:15:20,919 [ERROR] LogOutputStream:75 - [STDERR_REDIRECT] 
2025-06-17 13:15:20,920 [ERROR] LogOutputStream:75 - [STDERR_REDIRECT] Jun 17, 2025 1:15:20 PM java.util.prefs.FileSystemPreferences syncWorld
2025-06-17 13:15:20,920 [ERROR] LogOutputStream:75 - [STDERR_REDIRECT] WARNING: Couldn't flush system prefs: java.util.prefs.BackingStoreException: Couldn't get file lock.
2025-06-17 13:15:20,920 [ERROR] LogOutputStream:75 - [STDERR_REDIRECT] 
2025-06-17 13:15:50,919 [ERROR] LogOutputStream:75 - [STDERR_REDIRECT] Jun 17, 2025 1:15:50 PM java.util.prefs.FileSystemPreferences checkLockFile0ErrorCode
2025-06-17 13:15:50,919 [ERROR] LogOutputStream:75 - [STDERR_REDIRECT] WARNING: Could not lock System prefs. Unix error code 2.
2025-06-17 13:15:50,919 [ERROR] LogOutputStream:75 - [STDERR_REDIRECT] 
2025-06-17 13:15:50,920 [ERROR] LogOutputStream:75 - [STDERR_REDIRECT] Jun 17, 2025 1:15:50 PM java.util.prefs.FileSystemPreferences syncWorld
2025-06-17 13:15:50,920 [ERROR] LogOutputStream:75 - [STDERR_REDIRECT] WARNING: Couldn't flush system prefs: java.util.prefs.BackingStoreException: Couldn't get file lock.
2025-06-17 13:15:50,920 [ERROR] LogOutputStream:75 - [STDERR_REDIRECT] 
2025-06-17 13:16:20,919 [ERROR] LogOutputStream:75 - [STDERR_REDIRECT] Jun 17, 2025 1:16:20 PM java.util.prefs.FileSystemPreferences checkLockFile0ErrorCode
2025-06-17 13:16:20,919 [ERROR] LogOutputStream:75 - [STDERR_REDIRECT] WARNING: Could not lock System prefs. Unix error code 2.
2025-06-17 13:16:20,919 [ERROR] LogOutputStream:75 - [STDERR_REDIRECT] 
2025-06-17 13:16:20,919 [ERROR] LogOutputStream:75 - [STDERR_REDIRECT] Jun 17, 2025 1:16:20 PM java.util.prefs.FileSystemPreferences syncWorld
2025-06-17 13:16:20,919 [ERROR] LogOutputStream:75 - [STDERR_REDIRECT] WARNING: Couldn't flush system prefs: java.util.prefs.BackingStoreException: Couldn't get file lock.
2025-06-17 13:16:20,919 [ERROR] LogOutputStream:75 - [STDERR_REDIRECT] 
2025-06-17 13:16:50,919 [ERROR] LogOutputStream:75 - [STDERR_REDIRECT] Jun 17, 2025 1:16:50 PM java.util.prefs.FileSystemPreferences checkLockFile0ErrorCode
2025-06-17 13:16:50,919 [ERROR] LogOutputStream:75 - [STDERR_REDIRECT] WARNING: Could not lock System prefs. Unix error code 2.
2025-06-17 13:16:50,920 [ERROR] LogOutputStream:75 - [STDERR_REDIRECT] 
2025-06-17 13:16:50,920 [ERROR] LogOutputStream:75 - [STDERR_REDIRECT] Jun 17, 2025 1:16:50 PM java.util.prefs.FileSystemPreferences syncWorld
2025-06-17 13:16:50,920 [ERROR] LogOutputStream:75 - [STDERR_REDIRECT] WARNING: Couldn't flush system prefs: java.util.prefs.BackingStoreException: Couldn't get file lock.
2025-06-17 13:16:50,920 [ERROR] LogOutputStream:75 - [STDERR_REDIRECT] 
2025-06-17 13:17:20,919 [ERROR] LogOutputStream:75 - [STDERR_REDIRECT] Jun 17, 2025 1:17:20 PM java.util.prefs.FileSystemPreferences checkLockFile0ErrorCode
2025-06-17 13:17:20,919 [ERROR] LogOutputStream:75 - [STDERR_REDIRECT] WARNING: Could not lock System prefs. Unix error code 2.
2025-06-17 13:17:20,919 [ERROR] LogOutputStream:75 - [STDERR_REDIRECT] 
2025-06-17 13:17:20,919 [ERROR] LogOutputStream:75 - [STDERR_REDIRECT] Jun 17, 2025 1:17:20 PM java.util.prefs.FileSystemPreferences syncWorld
2025-06-17 13:17:20,919 [ERROR] LogOutputStream:75 - [STDERR_REDIRECT] WARNING: Couldn't flush system prefs: java.util.prefs.BackingStoreException: Couldn't get file lock.
2025-06-17 13:17:20,919 [ERROR] LogOutputStream:75 - [STDERR_REDIRECT] 
2025-06-17 13:17:50,920 [ERROR] LogOutputStream:75 - [STDERR_REDIRECT] Jun 17, 2025 1:17:50 PM java.util.prefs.FileSystemPreferences checkLockFile0ErrorCode
2025-06-17 13:17:50,920 [ERROR] LogOutputStream:75 - [STDERR_REDIRECT] WARNING: Could not lock System prefs. Unix error code 2.
2025-06-17 13:17:50,920 [ERROR] LogOutputStream:75 - [STDERR_REDIRECT] 
2025-06-17 13:17:50,921 [ERROR] LogOutputStream:75 - [STDERR_REDIRECT] Jun 17, 2025 1:17:50 PM java.util.prefs.FileSystemPreferences syncWorld
2025-06-17 13:17:50,921 [ERROR] LogOutputStream:75 - [STDERR_REDIRECT] WARNING: Couldn't flush system prefs: java.util.prefs.BackingStoreException: Couldn't get file lock.
2025-06-17 13:17:50,921 [ERROR] LogOutputStream:75 - [STDERR_REDIRECT] 
2025-06-17 13:18:20,921 [ERROR] LogOutputStream:75 - [STDERR_REDIRECT] Jun 17, 2025 1:18:20 PM java.util.prefs.FileSystemPreferences checkLockFile0ErrorCode
2025-06-17 13:18:20,921 [ERROR] LogOutputStream:75 - [STDERR_REDIRECT] WARNING: Could not lock System prefs. Unix error code 2.
2025-06-17 13:18:20,921 [ERROR] LogOutputStream:75 - [STDERR_REDIRECT] 
2025-06-17 13:18:20,921 [ERROR] LogOutputStream:75 - [STDERR_REDIRECT] Jun 17, 2025 1:18:20 PM java.util.prefs.FileSystemPreferences syncWorld
2025-06-17 13:18:20,921 [ERROR] LogOutputStream:75 - [STDERR_REDIRECT] WARNING: Couldn't flush system prefs: java.util.prefs.BackingStoreException: Couldn't get file lock.
2025-06-17 13:18:20,921 [ERROR] LogOutputStream:75 - [STDERR_REDIRECT] 
2025-06-17 13:18:50,921 [ERROR] LogOutputStream:75 - [STDERR_REDIRECT] Jun 17, 2025 1:18:50 PM java.util.prefs.FileSystemPreferences checkLockFile0ErrorCode
2025-06-17 13:18:50,921 [ERROR] LogOutputStream:75 - [STDERR_REDIRECT] WARNING: Could not lock System prefs. Unix error code 2.
2025-06-17 13:18:50,921 [ERROR] LogOutputStream:75 - [STDERR_REDIRECT] 
2025-06-17 13:18:50,922 [ERROR] LogOutputStream:75 - [STDERR_REDIRECT] Jun 17, 2025 1:18:50 PM java.util.prefs.FileSystemPreferences syncWorld
2025-06-17 13:18:50,922 [ERROR] LogOutputStream:75 - [STDERR_REDIRECT] WARNING: Couldn't flush system prefs: java.util.prefs.BackingStoreException: Couldn't get file lock.
2025-06-17 13:18:50,922 [ERROR] LogOutputStream:75 - [STDERR_REDIRECT] 
2025-06-17 13:19:20,921 [ERROR] LogOutputStream:75 - [STDERR_REDIRECT] Jun 17, 2025 1:19:20 PM java.util.prefs.FileSystemPreferences checkLockFile0ErrorCode
2025-06-17 13:19:20,921 [ERROR] LogOutputStream:75 - [STDERR_REDIRECT] WARNING: Could not lock System prefs. Unix error code 2.
2025-06-17 13:19:20,921 [ERROR] LogOutputStream:75 - [STDERR_REDIRECT] 
2025-06-17 13:19:20,921 [ERROR] LogOutputStream:75 - [STDERR_REDIRECT] Jun 17, 2025 1:19:20 PM java.util.prefs.FileSystemPreferences syncWorld
2025-06-17 13:19:20,921 [ERROR] LogOutputStream:75 - [STDERR_REDIRECT] WARNING: Couldn't flush system prefs: java.util.prefs.BackingStoreException: Couldn't get file lock.
2025-06-17 13:19:20,921 [ERROR] LogOutputStream:75 - [STDERR_REDIRECT] 
2025-06-17 13:19:50,922 [ERROR] LogOutputStream:75 - [STDERR_REDIRECT] Jun 17, 2025 1:19:50 PM java.util.prefs.FileSystemPreferences checkLockFile0ErrorCode
2025-06-17 13:19:50,922 [ERROR] LogOutputStream:75 - [STDERR_REDIRECT] WARNING: Could not lock System prefs. Unix error code 2.
2025-06-17 13:19:50,922 [ERROR] LogOutputStream:75 - [STDERR_REDIRECT] 
2025-06-17 13:19:50,922 [ERROR] LogOutputStream:75 - [STDERR_REDIRECT] Jun 17, 2025 1:19:50 PM java.util.prefs.FileSystemPreferences syncWorld
2025-06-17 13:19:50,922 [ERROR] LogOutputStream:75 - [STDERR_REDIRECT] WARNING: Couldn't flush system prefs: java.util.prefs.BackingStoreException: Couldn't get file lock.
2025-06-17 13:19:50,922 [ERROR] LogOutputStream:75 - [STDERR_REDIRECT] 
2025-06-17 13:20:20,923 [ERROR] LogOutputStream:75 - [STDERR_REDIRECT] Jun 17, 2025 1:20:20 PM java.util.prefs.FileSystemPreferences checkLockFile0ErrorCode
2025-06-17 13:20:20,923 [ERROR] LogOutputStream:75 - [STDERR_REDIRECT] WARNING: Could not lock System prefs. Unix error code 2.
2025-06-17 13:20:20,923 [ERROR] LogOutputStream:75 - [STDERR_REDIRECT] 
2025-06-17 13:20:20,923 [ERROR] LogOutputStream:75 - [STDERR_REDIRECT] Jun 17, 2025 1:20:20 PM java.util.prefs.FileSystemPreferences syncWorld
2025-06-17 13:20:20,923 [ERROR] LogOutputStream:75 - [STDERR_REDIRECT] WARNING: Couldn't flush system prefs: java.util.prefs.BackingStoreException: Couldn't get file lock.
2025-06-17 13:20:20,924 [ERROR] LogOutputStream:75 - [STDERR_REDIRECT] 
2025-06-17 13:20:50,922 [ERROR] LogOutputStream:75 - [STDERR_REDIRECT] Jun 17, 2025 1:20:50 PM java.util.prefs.FileSystemPreferences checkLockFile0ErrorCode
2025-06-17 13:20:50,922 [ERROR] LogOutputStream:75 - [STDERR_REDIRECT] WARNING: Could not lock System prefs. Unix error code 2.
2025-06-17 13:20:50,923 [ERROR] LogOutputStream:75 - [STDERR_REDIRECT] 
2025-06-17 13:20:50,923 [ERROR] LogOutputStream:75 - [STDERR_REDIRECT] Jun 17, 2025 1:20:50 PM java.util.prefs.FileSystemPreferences syncWorld
2025-06-17 13:20:50,923 [ERROR] LogOutputStream:75 - [STDERR_REDIRECT] WARNING: Couldn't flush system prefs: java.util.prefs.BackingStoreException: Couldn't get file lock.
2025-06-17 13:20:50,923 [ERROR] LogOutputStream:75 - [STDERR_REDIRECT] 
2025-06-17 13:21:20,923 [ERROR] LogOutputStream:75 - [STDERR_REDIRECT] Jun 17, 2025 1:21:20 PM java.util.prefs.FileSystemPreferences checkLockFile0ErrorCode
2025-06-17 13:21:20,923 [ERROR] LogOutputStream:75 - [STDERR_REDIRECT] WARNING: Could not lock System prefs. Unix error code 2.
2025-06-17 13:21:20,923 [ERROR] LogOutputStream:75 - [STDERR_REDIRECT] 
2025-06-17 13:21:20,923 [ERROR] LogOutputStream:75 - [STDERR_REDIRECT] Jun 17, 2025 1:21:20 PM java.util.prefs.FileSystemPreferences syncWorld
2025-06-17 13:21:20,923 [ERROR] LogOutputStream:75 - [STDERR_REDIRECT] WARNING: Couldn't flush system prefs: java.util.prefs.BackingStoreException: Couldn't get file lock.
2025-06-17 13:21:20,923 [ERROR] LogOutputStream:75 - [STDERR_REDIRECT] 
2025-06-17 13:21:50,923 [ERROR] LogOutputStream:75 - [STDERR_REDIRECT] Jun 17, 2025 1:21:50 PM java.util.prefs.FileSystemPreferences checkLockFile0ErrorCode
2025-06-17 13:21:50,923 [ERROR] LogOutputStream:75 - [STDERR_REDIRECT] WARNING: Could not lock System prefs. Unix error code 2.
2025-06-17 13:21:50,923 [ERROR] LogOutputStream:75 - [STDERR_REDIRECT] 
2025-06-17 13:21:50,924 [ERROR] LogOutputStream:75 - [STDERR_REDIRECT] Jun 17, 2025 1:21:50 PM java.util.prefs.FileSystemPreferences syncWorld
2025-06-17 13:21:50,924 [ERROR] LogOutputStream:75 - [STDERR_REDIRECT] WARNING: Couldn't flush system prefs: java.util.prefs.BackingStoreException: Couldn't get file lock.
2025-06-17 13:21:50,924 [ERROR] LogOutputStream:75 - [STDERR_REDIRECT] 
2025-06-17 13:22:20,923 [ERROR] LogOutputStream:75 - [STDERR_REDIRECT] Jun 17, 2025 1:22:20 PM java.util.prefs.FileSystemPreferences checkLockFile0ErrorCode
2025-06-17 13:22:20,923 [ERROR] LogOutputStream:75 - [STDERR_REDIRECT] WARNING: Could not lock System prefs. Unix error code 2.
2025-06-17 13:22:20,923 [ERROR] LogOutputStream:75 - [STDERR_REDIRECT] 
2025-06-17 13:22:20,923 [ERROR] LogOutputStream:75 - [STDERR_REDIRECT] Jun 17, 2025 1:22:20 PM java.util.prefs.FileSystemPreferences syncWorld
2025-06-17 13:22:20,923 [ERROR] LogOutputStream:75 - [STDERR_REDIRECT] WARNING: Couldn't flush system prefs: java.util.prefs.BackingStoreException: Couldn't get file lock.
2025-06-17 13:22:20,923 [ERROR] LogOutputStream:75 - [STDERR_REDIRECT] 
2025-06-17 13:22:50,924 [ERROR] LogOutputStream:75 - [STDERR_REDIRECT] Jun 17, 2025 1:22:50 PM java.util.prefs.FileSystemPreferences checkLockFile0ErrorCode
2025-06-17 13:22:50,924 [ERROR] LogOutputStream:75 - [STDERR_REDIRECT] WARNING: Could not lock System prefs. Unix error code 2.
2025-06-17 13:22:50,924 [ERROR] LogOutputStream:75 - [STDERR_REDIRECT] 
2025-06-17 13:22:50,924 [ERROR] LogOutputStream:75 - [STDERR_REDIRECT] Jun 17, 2025 1:22:50 PM java.util.prefs.FileSystemPreferences syncWorld
2025-06-17 13:22:50,924 [ERROR] LogOutputStream:75 - [STDERR_REDIRECT] WARNING: Couldn't flush system prefs: java.util.prefs.BackingStoreException: Couldn't get file lock.
2025-06-17 13:22:50,924 [ERROR] LogOutputStream:75 - [STDERR_REDIRECT] 
2025-06-17 13:23:20,925 [ERROR] LogOutputStream:75 - [STDERR_REDIRECT] Jun 17, 2025 1:23:20 PM java.util.prefs.FileSystemPreferences checkLockFile0ErrorCode
2025-06-17 13:23:20,925 [ERROR] LogOutputStream:75 - [STDERR_REDIRECT] WARNING: Could not lock System prefs. Unix error code 2.
2025-06-17 13:23:20,926 [ERROR] LogOutputStream:75 - [STDERR_REDIRECT] 
2025-06-17 13:23:20,926 [ERROR] LogOutputStream:75 - [STDERR_REDIRECT] Jun 17, 2025 1:23:20 PM java.util.prefs.FileSystemPreferences syncWorld
2025-06-17 13:23:20,926 [ERROR] LogOutputStream:75 - [STDERR_REDIRECT] WARNING: Couldn't flush system prefs: java.util.prefs.BackingStoreException: Couldn't get file lock.
2025-06-17 13:23:20,926 [ERROR] LogOutputStream:75 - [STDERR_REDIRECT] 
2025-06-17 13:23:50,926 [ERROR] LogOutputStream:75 - [STDERR_REDIRECT] Jun 17, 2025 1:23:50 PM java.util.prefs.FileSystemPreferences checkLockFile0ErrorCode
2025-06-17 13:23:50,926 [ERROR] LogOutputStream:75 - [STDERR_REDIRECT] WARNING: Could not lock System prefs. Unix error code 2.
2025-06-17 13:23:50,926 [ERROR] LogOutputStream:75 - [STDERR_REDIRECT] 
2025-06-17 13:23:50,926 [ERROR] LogOutputStream:75 - [STDERR_REDIRECT] Jun 17, 2025 1:23:50 PM java.util.prefs.FileSystemPreferences syncWorld
2025-06-17 13:23:50,926 [ERROR] LogOutputStream:75 - [STDERR_REDIRECT] WARNING: Couldn't flush system prefs: java.util.prefs.BackingStoreException: Couldn't get file lock.
2025-06-17 13:23:50,926 [ERROR] LogOutputStream:75 - [STDERR_REDIRECT] 
2025-06-17 13:24:20,926 [ERROR] LogOutputStream:75 - [STDERR_REDIRECT] Jun 17, 2025 1:24:20 PM java.util.prefs.FileSystemPreferences checkLockFile0ErrorCode
2025-06-17 13:24:20,927 [ERROR] LogOutputStream:75 - [STDERR_REDIRECT] WARNING: Could not lock System prefs. Unix error code 2.
2025-06-17 13:24:20,927 [ERROR] LogOutputStream:75 - [STDERR_REDIRECT] 
2025-06-17 13:24:20,927 [ERROR] LogOutputStream:75 - [STDERR_REDIRECT] Jun 17, 2025 1:24:20 PM java.util.prefs.FileSystemPreferences syncWorld
2025-06-17 13:24:20,927 [ERROR] LogOutputStream:75 - [STDERR_REDIRECT] WARNING: Couldn't flush system prefs: java.util.prefs.BackingStoreException: Couldn't get file lock.
2025-06-17 13:24:20,927 [ERROR] LogOutputStream:75 - [STDERR_REDIRECT] 
2025-06-17 13:24:50,927 [ERROR] LogOutputStream:75 - [STDERR_REDIRECT] Jun 17, 2025 1:24:50 PM java.util.prefs.FileSystemPreferences checkLockFile0ErrorCode
2025-06-17 13:24:50,927 [ERROR] LogOutputStream:75 - [STDERR_REDIRECT] WARNING: Could not lock System prefs. Unix error code 2.
2025-06-17 13:24:50,927 [ERROR] LogOutputStream:75 - [STDERR_REDIRECT] 
2025-06-17 13:24:50,927 [ERROR] LogOutputStream:75 - [STDERR_REDIRECT] Jun 17, 2025 1:24:50 PM java.util.prefs.FileSystemPreferences syncWorld
2025-06-17 13:24:50,927 [ERROR] LogOutputStream:75 - [STDERR_REDIRECT] WARNING: Couldn't flush system prefs: java.util.prefs.BackingStoreException: Couldn't get file lock.
2025-06-17 13:24:50,927 [ERROR] LogOutputStream:75 - [STDERR_REDIRECT] 
2025-06-17 13:25:20,927 [ERROR] LogOutputStream:75 - [STDERR_REDIRECT] Jun 17, 2025 1:25:20 PM java.util.prefs.FileSystemPreferences checkLockFile0ErrorCode
2025-06-17 13:25:20,927 [ERROR] LogOutputStream:75 - [STDERR_REDIRECT] WARNING: Could not lock System prefs. Unix error code 2.
2025-06-17 13:25:20,927 [ERROR] LogOutputStream:75 - [STDERR_REDIRECT] 
2025-06-17 13:25:20,928 [ERROR] LogOutputStream:75 - [STDERR_REDIRECT] Jun 17, 2025 1:25:20 PM java.util.prefs.FileSystemPreferences syncWorld
2025-06-17 13:25:20,928 [ERROR] LogOutputStream:75 - [STDERR_REDIRECT] WARNING: Couldn't flush system prefs: java.util.prefs.BackingStoreException: Couldn't get file lock.
2025-06-17 13:25:20,928 [ERROR] LogOutputStream:75 - [STDERR_REDIRECT] 
2025-06-17 13:25:50,927 [ERROR] LogOutputStream:75 - [STDERR_REDIRECT] Jun 17, 2025 1:25:50 PM java.util.prefs.FileSystemPreferences checkLockFile0ErrorCode
2025-06-17 13:25:50,927 [ERROR] LogOutputStream:75 - [STDERR_REDIRECT] WARNING: Could not lock System prefs. Unix error code 2.
2025-06-17 13:25:50,927 [ERROR] LogOutputStream:75 - [STDERR_REDIRECT] 
2025-06-17 13:25:50,927 [ERROR] LogOutputStream:75 - [STDERR_REDIRECT] Jun 17, 2025 1:25:50 PM java.util.prefs.FileSystemPreferences syncWorld
2025-06-17 13:25:50,927 [ERROR] LogOutputStream:75 - [STDERR_REDIRECT] WARNING: Couldn't flush system prefs: java.util.prefs.BackingStoreException: Couldn't get file lock.
2025-06-17 13:25:50,927 [ERROR] LogOutputStream:75 - [STDERR_REDIRECT] 
2025-06-17 13:26:20,928 [ERROR] LogOutputStream:75 - [STDERR_REDIRECT] Jun 17, 2025 1:26:20 PM java.util.prefs.FileSystemPreferences checkLockFile0ErrorCode
2025-06-17 13:26:20,928 [ERROR] LogOutputStream:75 - [STDERR_REDIRECT] WARNING: Could not lock System prefs. Unix error code 2.
2025-06-17 13:26:20,928 [ERROR] LogOutputStream:75 - [STDERR_REDIRECT] 
2025-06-17 13:26:20,928 [ERROR] LogOutputStream:75 - [STDERR_REDIRECT] Jun 17, 2025 1:26:20 PM java.util.prefs.FileSystemPreferences syncWorld
2025-06-17 13:26:20,928 [ERROR] LogOutputStream:75 - [STDERR_REDIRECT] WARNING: Couldn't flush system prefs: java.util.prefs.BackingStoreException: Couldn't get file lock.
2025-06-17 13:26:20,928 [ERROR] LogOutputStream:75 - [STDERR_REDIRECT] 
2025-06-17 13:26:50,928 [ERROR] LogOutputStream:75 - [STDERR_REDIRECT] Jun 17, 2025 1:26:50 PM java.util.prefs.FileSystemPreferences checkLockFile0ErrorCode
2025-06-17 13:26:50,928 [ERROR] LogOutputStream:75 - [STDERR_REDIRECT] WARNING: Could not lock System prefs. Unix error code 2.
2025-06-17 13:26:50,928 [ERROR] LogOutputStream:75 - [STDERR_REDIRECT] 
2025-06-17 13:26:50,928 [ERROR] LogOutputStream:75 - [STDERR_REDIRECT] Jun 17, 2025 1:26:50 PM java.util.prefs.FileSystemPreferences syncWorld
2025-06-17 13:26:50,928 [ERROR] LogOutputStream:75 - [STDERR_REDIRECT] WARNING: Couldn't flush system prefs: java.util.prefs.BackingStoreException: Couldn't get file lock.
2025-06-17 13:26:50,928 [ERROR] LogOutputStream:75 - [STDERR_REDIRECT] 
2025-06-17 13:27:20,929 [ERROR] LogOutputStream:75 - [STDERR_REDIRECT] Jun 17, 2025 1:27:20 PM java.util.prefs.FileSystemPreferences checkLockFile0ErrorCode
2025-06-17 13:27:20,929 [ERROR] LogOutputStream:75 - [STDERR_REDIRECT] WARNING: Could not lock System prefs. Unix error code 2.
2025-06-17 13:27:20,929 [ERROR] LogOutputStream:75 - [STDERR_REDIRECT] 
2025-06-17 13:27:20,929 [ERROR] LogOutputStream:75 - [STDERR_REDIRECT] Jun 17, 2025 1:27:20 PM java.util.prefs.FileSystemPreferences syncWorld
2025-06-17 13:27:20,929 [ERROR] LogOutputStream:75 - [STDERR_REDIRECT] WARNING: Couldn't flush system prefs: java.util.prefs.BackingStoreException: Couldn't get file lock.
2025-06-17 13:27:20,930 [ERROR] LogOutputStream:75 - [STDERR_REDIRECT] 
2025-06-17 13:27:50,928 [ERROR] LogOutputStream:75 - [STDERR_REDIRECT] Jun 17, 2025 1:27:50 PM java.util.prefs.FileSystemPreferences checkLockFile0ErrorCode
2025-06-17 13:27:50,928 [ERROR] LogOutputStream:75 - [STDERR_REDIRECT] WARNING: Could not lock System prefs. Unix error code 2.
2025-06-17 13:27:50,928 [ERROR] LogOutputStream:75 - [STDERR_REDIRECT] 
2025-06-17 13:27:50,928 [ERROR] LogOutputStream:75 - [STDERR_REDIRECT] Jun 17, 2025 1:27:50 PM java.util.prefs.FileSystemPreferences syncWorld
2025-06-17 13:27:50,928 [ERROR] LogOutputStream:75 - [STDERR_REDIRECT] WARNING: Couldn't flush system prefs: java.util.prefs.BackingStoreException: Couldn't get file lock.
2025-06-17 13:27:50,928 [ERROR] LogOutputStream:75 - [STDERR_REDIRECT] 
2025-06-17 13:28:20,928 [ERROR] LogOutputStream:75 - [STDERR_REDIRECT] Jun 17, 2025 1:28:20 PM java.util.prefs.FileSystemPreferences checkLockFile0ErrorCode
2025-06-17 13:28:20,928 [ERROR] LogOutputStream:75 - [STDERR_REDIRECT] WARNING: Could not lock System prefs. Unix error code 2.
2025-06-17 13:28:20,928 [ERROR] LogOutputStream:75 - [STDERR_REDIRECT] 
2025-06-17 13:28:20,928 [ERROR] LogOutputStream:75 - [STDERR_REDIRECT] Jun 17, 2025 1:28:20 PM java.util.prefs.FileSystemPreferences syncWorld
2025-06-17 13:28:20,928 [ERROR] LogOutputStream:75 - [STDERR_REDIRECT] WARNING: Couldn't flush system prefs: java.util.prefs.BackingStoreException: Couldn't get file lock.
2025-06-17 13:28:20,928 [ERROR] LogOutputStream:75 - [STDERR_REDIRECT] 
2025-06-17 13:28:50,929 [ERROR] LogOutputStream:75 - [STDERR_REDIRECT] Jun 17, 2025 1:28:50 PM java.util.prefs.FileSystemPreferences checkLockFile0ErrorCode
2025-06-17 13:28:50,930 [ERROR] LogOutputStream:75 - [STDERR_REDIRECT] WARNING: Could not lock System prefs. Unix error code 2.
2025-06-17 13:28:50,930 [ERROR] LogOutputStream:75 - [STDERR_REDIRECT] 
2025-06-17 13:28:50,930 [ERROR] LogOutputStream:75 - [STDERR_REDIRECT] Jun 17, 2025 1:28:50 PM java.util.prefs.FileSystemPreferences syncWorld
2025-06-17 13:28:50,930 [ERROR] LogOutputStream:75 - [STDERR_REDIRECT] WARNING: Couldn't flush system prefs: java.util.prefs.BackingStoreException: Couldn't get file lock.
2025-06-17 13:28:50,930 [ERROR] LogOutputStream:75 - [STDERR_REDIRECT] 
2025-06-17 13:29:20,929 [ERROR] LogOutputStream:75 - [STDERR_REDIRECT] Jun 17, 2025 1:29:20 PM java.util.prefs.FileSystemPreferences checkLockFile0ErrorCode
2025-06-17 13:29:20,929 [ERROR] LogOutputStream:75 - [STDERR_REDIRECT] WARNING: Could not lock System prefs. Unix error code 2.
2025-06-17 13:29:20,929 [ERROR] LogOutputStream:75 - [STDERR_REDIRECT] 
2025-06-17 13:29:20,929 [ERROR] LogOutputStream:75 - [STDERR_REDIRECT] Jun 17, 2025 1:29:20 PM java.util.prefs.FileSystemPreferences syncWorld
2025-06-17 13:29:20,929 [ERROR] LogOutputStream:75 - [STDERR_REDIRECT] WARNING: Couldn't flush system prefs: java.util.prefs.BackingStoreException: Couldn't get file lock.
2025-06-17 13:29:20,929 [ERROR] LogOutputStream:75 - [STDERR_REDIRECT] 
2025-06-17 13:29:50,929 [ERROR] LogOutputStream:75 - [STDERR_REDIRECT] Jun 17, 2025 1:29:50 PM java.util.prefs.FileSystemPreferences checkLockFile0ErrorCode
2025-06-17 13:29:50,930 [ERROR] LogOutputStream:75 - [STDERR_REDIRECT] WARNING: Could not lock System prefs. Unix error code 2.
2025-06-17 13:29:50,930 [ERROR] LogOutputStream:75 - [STDERR_REDIRECT] 
2025-06-17 13:29:50,930 [ERROR] LogOutputStream:75 - [STDERR_REDIRECT] Jun 17, 2025 1:29:50 PM java.util.prefs.FileSystemPreferences syncWorld
2025-06-17 13:29:50,930 [ERROR] LogOutputStream:75 - [STDERR_REDIRECT] WARNING: Couldn't flush system prefs: java.util.prefs.BackingStoreException: Couldn't get file lock.
2025-06-17 13:29:50,930 [ERROR] LogOutputStream:75 - [STDERR_REDIRECT] 
2025-06-17 13:30:20,930 [ERROR] LogOutputStream:75 - [STDERR_REDIRECT] Jun 17, 2025 1:30:20 PM java.util.prefs.FileSystemPreferences checkLockFile0ErrorCode
2025-06-17 13:30:20,930 [ERROR] LogOutputStream:75 - [STDERR_REDIRECT] WARNING: Could not lock System prefs. Unix error code 2.
2025-06-17 13:30:20,930 [ERROR] LogOutputStream:75 - [STDERR_REDIRECT] 
2025-06-17 13:30:20,931 [ERROR] LogOutputStream:75 - [STDERR_REDIRECT] Jun 17, 2025 1:30:20 PM java.util.prefs.FileSystemPreferences syncWorld
2025-06-17 13:30:20,931 [ERROR] LogOutputStream:75 - [STDERR_REDIRECT] WARNING: Couldn't flush system prefs: java.util.prefs.BackingStoreException: Couldn't get file lock.
2025-06-17 13:30:20,931 [ERROR] LogOutputStream:75 - [STDERR_REDIRECT] 
2025-06-17 13:30:50,930 [ERROR] LogOutputStream:75 - [STDERR_REDIRECT] Jun 17, 2025 1:30:50 PM java.util.prefs.FileSystemPreferences checkLockFile0ErrorCode
2025-06-17 13:30:50,930 [ERROR] LogOutputStream:75 - [STDERR_REDIRECT] WARNING: Could not lock System prefs. Unix error code 2.
2025-06-17 13:30:50,930 [ERROR] LogOutputStream:75 - [STDERR_REDIRECT] 
2025-06-17 13:30:50,930 [ERROR] LogOutputStream:75 - [STDERR_REDIRECT] Jun 17, 2025 1:30:50 PM java.util.prefs.FileSystemPreferences syncWorld
2025-06-17 13:30:50,930 [ERROR] LogOutputStream:75 - [STDERR_REDIRECT] WARNING: Couldn't flush system prefs: java.util.prefs.BackingStoreException: Couldn't get file lock.
2025-06-17 13:30:50,930 [ERROR] LogOutputStream:75 - [STDERR_REDIRECT] 
2025-06-17 13:31:20,930 [ERROR] LogOutputStream:75 - [STDERR_REDIRECT] Jun 17, 2025 1:31:20 PM java.util.prefs.FileSystemPreferences checkLockFile0ErrorCode
2025-06-17 13:31:20,930 [ERROR] LogOutputStream:75 - [STDERR_REDIRECT] WARNING: Could not lock System prefs. Unix error code 2.
2025-06-17 13:31:20,930 [ERROR] LogOutputStream:75 - [STDERR_REDIRECT] 
2025-06-17 13:31:20,931 [ERROR] LogOutputStream:75 - [STDERR_REDIRECT] Jun 17, 2025 1:31:20 PM java.util.prefs.FileSystemPreferences syncWorld
2025-06-17 13:31:20,931 [ERROR] LogOutputStream:75 - [STDERR_REDIRECT] WARNING: Couldn't flush system prefs: java.util.prefs.BackingStoreException: Couldn't get file lock.
2025-06-17 13:31:20,931 [ERROR] LogOutputStream:75 - [STDERR_REDIRECT] 
2025-06-17 13:31:50,930 [ERROR] LogOutputStream:75 - [STDERR_REDIRECT] Jun 17, 2025 1:31:50 PM java.util.prefs.FileSystemPreferences checkLockFile0ErrorCode
2025-06-17 13:31:50,930 [ERROR] LogOutputStream:75 - [STDERR_REDIRECT] WARNING: Could not lock System prefs. Unix error code 2.
2025-06-17 13:31:50,931 [ERROR] LogOutputStream:75 - [STDERR_REDIRECT] 
2025-06-17 13:31:50,931 [ERROR] LogOutputStream:75 - [STDERR_REDIRECT] Jun 17, 2025 1:31:50 PM java.util.prefs.FileSystemPreferences syncWorld
2025-06-17 13:31:50,931 [ERROR] LogOutputStream:75 - [STDERR_REDIRECT] WARNING: Couldn't flush system prefs: java.util.prefs.BackingStoreException: Couldn't get file lock.
2025-06-17 13:31:50,931 [ERROR] LogOutputStream:75 - [STDERR_REDIRECT] 
2025-06-17 13:32:20,930 [ERROR] LogOutputStream:75 - [STDERR_REDIRECT] Jun 17, 2025 1:32:20 PM java.util.prefs.FileSystemPreferences checkLockFile0ErrorCode
2025-06-17 13:32:20,931 [ERROR] LogOutputStream:75 - [STDERR_REDIRECT] WARNING: Could not lock System prefs. Unix error code 2.
2025-06-17 13:32:20,931 [ERROR] LogOutputStream:75 - [STDERR_REDIRECT] 
2025-06-17 13:32:20,931 [ERROR] LogOutputStream:75 - [STDERR_REDIRECT] Jun 17, 2025 1:32:20 PM java.util.prefs.FileSystemPreferences syncWorld
2025-06-17 13:32:20,931 [ERROR] LogOutputStream:75 - [STDERR_REDIRECT] WARNING: Couldn't flush system prefs: java.util.prefs.BackingStoreException: Couldn't get file lock.
2025-06-17 13:32:20,931 [ERROR] LogOutputStream:75 - [STDERR_REDIRECT] 
2025-06-17 13:32:50,930 [ERROR] LogOutputStream:75 - [STDERR_REDIRECT] Jun 17, 2025 1:32:50 PM java.util.prefs.FileSystemPreferences checkLockFile0ErrorCode
2025-06-17 13:32:50,930 [ERROR] LogOutputStream:75 - [STDERR_REDIRECT] WARNING: Could not lock System prefs. Unix error code 2.
2025-06-17 13:32:50,930 [ERROR] LogOutputStream:75 - [STDERR_REDIRECT] 
2025-06-17 13:32:50,930 [ERROR] LogOutputStream:75 - [STDERR_REDIRECT] Jun 17, 2025 1:32:50 PM java.util.prefs.FileSystemPreferences syncWorld
2025-06-17 13:32:50,930 [ERROR] LogOutputStream:75 - [STDERR_REDIRECT] WARNING: Couldn't flush system prefs: java.util.prefs.BackingStoreException: Couldn't get file lock.
2025-06-17 13:32:50,930 [ERROR] LogOutputStream:75 - [STDERR_REDIRECT] 
2025-06-17 13:33:20,931 [ERROR] LogOutputStream:75 - [STDERR_REDIRECT] Jun 17, 2025 1:33:20 PM java.util.prefs.FileSystemPreferences checkLockFile0ErrorCode
2025-06-17 13:33:20,931 [ERROR] LogOutputStream:75 - [STDERR_REDIRECT] WARNING: Could not lock System prefs. Unix error code 2.
2025-06-17 13:33:20,931 [ERROR] LogOutputStream:75 - [STDERR_REDIRECT] 
2025-06-17 13:33:20,931 [ERROR] LogOutputStream:75 - [STDERR_REDIRECT] Jun 17, 2025 1:33:20 PM java.util.prefs.FileSystemPreferences syncWorld
2025-06-17 13:33:20,931 [ERROR] LogOutputStream:75 - [STDERR_REDIRECT] WARNING: Couldn't flush system prefs: java.util.prefs.BackingStoreException: Couldn't get file lock.
2025-06-17 13:33:20,931 [ERROR] LogOutputStream:75 - [STDERR_REDIRECT] 
2025-06-17 13:33:50,932 [ERROR] LogOutputStream:75 - [STDERR_REDIRECT] Jun 17, 2025 1:33:50 PM java.util.prefs.FileSystemPreferences checkLockFile0ErrorCode
2025-06-17 13:33:50,932 [ERROR] LogOutputStream:75 - [STDERR_REDIRECT] WARNING: Could not lock System prefs. Unix error code 2.
2025-06-17 13:33:50,932 [ERROR] LogOutputStream:75 - [STDERR_REDIRECT] 
2025-06-17 13:33:50,932 [ERROR] LogOutputStream:75 - [STDERR_REDIRECT] Jun 17, 2025 1:33:50 PM java.util.prefs.FileSystemPreferences syncWorld
2025-06-17 13:33:50,932 [ERROR] LogOutputStream:75 - [STDERR_REDIRECT] WARNING: Couldn't flush system prefs: java.util.prefs.BackingStoreException: Couldn't get file lock.
2025-06-17 13:33:50,932 [ERROR] LogOutputStream:75 - [STDERR_REDIRECT] 
2025-06-17 13:34:20,932 [ERROR] LogOutputStream:75 - [STDERR_REDIRECT] Jun 17, 2025 1:34:20 PM java.util.prefs.FileSystemPreferences checkLockFile0ErrorCode
2025-06-17 13:34:20,932 [ERROR] LogOutputStream:75 - [STDERR_REDIRECT] WARNING: Could not lock System prefs. Unix error code 2.
2025-06-17 13:34:20,932 [ERROR] LogOutputStream:75 - [STDERR_REDIRECT] 
2025-06-17 13:34:20,932 [ERROR] LogOutputStream:75 - [STDERR_REDIRECT] Jun 17, 2025 1:34:20 PM java.util.prefs.FileSystemPreferences syncWorld
2025-06-17 13:34:20,932 [ERROR] LogOutputStream:75 - [STDERR_REDIRECT] WARNING: Couldn't flush system prefs: java.util.prefs.BackingStoreException: Couldn't get file lock.
2025-06-17 13:34:20,932 [ERROR] LogOutputStream:75 - [STDERR_REDIRECT] 
2025-06-17 13:34:50,932 [ERROR] LogOutputStream:75 - [STDERR_REDIRECT] Jun 17, 2025 1:34:50 PM java.util.prefs.FileSystemPreferences checkLockFile0ErrorCode
2025-06-17 13:34:50,932 [ERROR] LogOutputStream:75 - [STDERR_REDIRECT] WARNING: Could not lock System prefs. Unix error code 2.
2025-06-17 13:34:50,932 [ERROR] LogOutputStream:75 - [STDERR_REDIRECT] 
2025-06-17 13:34:50,933 [ERROR] LogOutputStream:75 - [STDERR_REDIRECT] Jun 17, 2025 1:34:50 PM java.util.prefs.FileSystemPreferences syncWorld
2025-06-17 13:34:50,933 [ERROR] LogOutputStream:75 - [STDERR_REDIRECT] WARNING: Couldn't flush system prefs: java.util.prefs.BackingStoreException: Couldn't get file lock.
2025-06-17 13:34:50,933 [ERROR] LogOutputStream:75 - [STDERR_REDIRECT] 
2025-06-17 13:35:20,932 [ERROR] LogOutputStream:75 - [STDERR_REDIRECT] Jun 17, 2025 1:35:20 PM java.util.prefs.FileSystemPreferences checkLockFile0ErrorCode
2025-06-17 13:35:20,932 [ERROR] LogOutputStream:75 - [STDERR_REDIRECT] WARNING: Could not lock System prefs. Unix error code 2.
2025-06-17 13:35:20,932 [ERROR] LogOutputStream:75 - [STDERR_REDIRECT] 
2025-06-17 13:35:20,933 [ERROR] LogOutputStream:75 - [STDERR_REDIRECT] Jun 17, 2025 1:35:20 PM java.util.prefs.FileSystemPreferences syncWorld
2025-06-17 13:35:20,933 [ERROR] LogOutputStream:75 - [STDERR_REDIRECT] WARNING: Couldn't flush system prefs: java.util.prefs.BackingStoreException: Couldn't get file lock.
2025-06-17 13:35:20,933 [ERROR] LogOutputStream:75 - [STDERR_REDIRECT] 
2025-06-17 13:35:50,931 [ERROR] LogOutputStream:75 - [STDERR_REDIRECT] Jun 17, 2025 1:35:50 PM java.util.prefs.FileSystemPreferences checkLockFile0ErrorCode
2025-06-17 13:35:50,931 [ERROR] LogOutputStream:75 - [STDERR_REDIRECT] WARNING: Could not lock System prefs. Unix error code 2.
2025-06-17 13:35:50,931 [ERROR] LogOutputStream:75 - [STDERR_REDIRECT] 
2025-06-17 13:35:50,931 [ERROR] LogOutputStream:75 - [STDERR_REDIRECT] Jun 17, 2025 1:35:50 PM java.util.prefs.FileSystemPreferences syncWorld
2025-06-17 13:35:50,931 [ERROR] LogOutputStream:75 - [STDERR_REDIRECT] WARNING: Couldn't flush system prefs: java.util.prefs.BackingStoreException: Couldn't get file lock.
2025-06-17 13:35:50,931 [ERROR] LogOutputStream:75 - [STDERR_REDIRECT] 
2025-06-17 13:36:20,931 [ERROR] LogOutputStream:75 - [STDERR_REDIRECT] Jun 17, 2025 1:36:20 PM java.util.prefs.FileSystemPreferences checkLockFile0ErrorCode
2025-06-17 13:36:20,932 [ERROR] LogOutputStream:75 - [STDERR_REDIRECT] WARNING: Could not lock System prefs. Unix error code 2.
2025-06-17 13:36:20,932 [ERROR] LogOutputStream:75 - [STDERR_REDIRECT] 
2025-06-17 13:36:20,932 [ERROR] LogOutputStream:75 - [STDERR_REDIRECT] Jun 17, 2025 1:36:20 PM java.util.prefs.FileSystemPreferences syncWorld
2025-06-17 13:36:20,932 [ERROR] LogOutputStream:75 - [STDERR_REDIRECT] WARNING: Couldn't flush system prefs: java.util.prefs.BackingStoreException: Couldn't get file lock.
2025-06-17 13:36:20,932 [ERROR] LogOutputStream:75 - [STDERR_REDIRECT] 
2025-06-17 13:36:50,931 [ERROR] LogOutputStream:75 - [STDERR_REDIRECT] Jun 17, 2025 1:36:50 PM java.util.prefs.FileSystemPreferences checkLockFile0ErrorCode
2025-06-17 13:36:50,932 [ERROR] LogOutputStream:75 - [STDERR_REDIRECT] WARNING: Could not lock System prefs. Unix error code 2.
2025-06-17 13:36:50,932 [ERROR] LogOutputStream:75 - [STDERR_REDIRECT] 
2025-06-17 13:36:50,933 [ERROR] LogOutputStream:75 - [STDERR_REDIRECT] Jun 17, 2025 1:36:50 PM java.util.prefs.FileSystemPreferences syncWorld
2025-06-17 13:36:50,933 [ERROR] LogOutputStream:75 - [STDERR_REDIRECT] WARNING: Couldn't flush system prefs: java.util.prefs.BackingStoreException: Couldn't get file lock.
2025-06-17 13:36:50,933 [ERROR] LogOutputStream:75 - [STDERR_REDIRECT] 
2025-06-17 13:37:20,931 [ERROR] LogOutputStream:75 - [STDERR_REDIRECT] Jun 17, 2025 1:37:20 PM java.util.prefs.FileSystemPreferences checkLockFile0ErrorCode
2025-06-17 13:37:20,931 [ERROR] LogOutputStream:75 - [STDERR_REDIRECT] WARNING: Could not lock System prefs. Unix error code 2.
2025-06-17 13:37:20,931 [ERROR] LogOutputStream:75 - [STDERR_REDIRECT] 
2025-06-17 13:37:20,931 [ERROR] LogOutputStream:75 - [STDERR_REDIRECT] Jun 17, 2025 1:37:20 PM java.util.prefs.FileSystemPreferences syncWorld
2025-06-17 13:37:20,932 [ERROR] LogOutputStream:75 - [STDERR_REDIRECT] WARNING: Couldn't flush system prefs: java.util.prefs.BackingStoreException: Couldn't get file lock.
2025-06-17 13:37:20,932 [ERROR] LogOutputStream:75 - [STDERR_REDIRECT] 
2025-06-17 13:37:50,931 [ERROR] LogOutputStream:75 - [STDERR_REDIRECT] Jun 17, 2025 1:37:50 PM java.util.prefs.FileSystemPreferences checkLockFile0ErrorCode
2025-06-17 13:37:50,931 [ERROR] LogOutputStream:75 - [STDERR_REDIRECT] WARNING: Could not lock System prefs. Unix error code 2.
2025-06-17 13:37:50,931 [ERROR] LogOutputStream:75 - [STDERR_REDIRECT] 
2025-06-17 13:37:50,931 [ERROR] LogOutputStream:75 - [STDERR_REDIRECT] Jun 17, 2025 1:37:50 PM java.util.prefs.FileSystemPreferences syncWorld
2025-06-17 13:37:50,932 [ERROR] LogOutputStream:75 - [STDERR_REDIRECT] WARNING: Couldn't flush system prefs: java.util.prefs.BackingStoreException: Couldn't get file lock.
2025-06-17 13:37:50,932 [ERROR] LogOutputStream:75 - [STDERR_REDIRECT] 
2025-06-17 13:38:20,931 [ERROR] LogOutputStream:75 - [STDERR_REDIRECT] Jun 17, 2025 1:38:20 PM java.util.prefs.FileSystemPreferences checkLockFile0ErrorCode
2025-06-17 13:38:20,931 [ERROR] LogOutputStream:75 - [STDERR_REDIRECT] WARNING: Could not lock System prefs. Unix error code 2.
2025-06-17 13:38:20,931 [ERROR] LogOutputStream:75 - [STDERR_REDIRECT] 
2025-06-17 13:38:20,931 [ERROR] LogOutputStream:75 - [STDERR_REDIRECT] Jun 17, 2025 1:38:20 PM java.util.prefs.FileSystemPreferences syncWorld
2025-06-17 13:38:20,931 [ERROR] LogOutputStream:75 - [STDERR_REDIRECT] WARNING: Couldn't flush system prefs: java.util.prefs.BackingStoreException: Couldn't get file lock.
2025-06-17 13:38:20,931 [ERROR] LogOutputStream:75 - [STDERR_REDIRECT] 
2025-06-17 13:38:50,932 [ERROR] LogOutputStream:75 - [STDERR_REDIRECT] Jun 17, 2025 1:38:50 PM java.util.prefs.FileSystemPreferences checkLockFile0ErrorCode
2025-06-17 13:38:50,932 [ERROR] LogOutputStream:75 - [STDERR_REDIRECT] WARNING: Could not lock System prefs. Unix error code 2.
2025-06-17 13:38:50,932 [ERROR] LogOutputStream:75 - [STDERR_REDIRECT] 
2025-06-17 13:38:50,932 [ERROR] LogOutputStream:75 - [STDERR_REDIRECT] Jun 17, 2025 1:38:50 PM java.util.prefs.FileSystemPreferences syncWorld
2025-06-17 13:38:50,932 [ERROR] LogOutputStream:75 - [STDERR_REDIRECT] WARNING: Couldn't flush system prefs: java.util.prefs.BackingStoreException: Couldn't get file lock.
2025-06-17 13:38:50,932 [ERROR] LogOutputStream:75 - [STDERR_REDIRECT] 
2025-06-17 13:39:20,932 [ERROR] LogOutputStream:75 - [STDERR_REDIRECT] Jun 17, 2025 1:39:20 PM java.util.prefs.FileSystemPreferences checkLockFile0ErrorCode
2025-06-17 13:39:20,932 [ERROR] LogOutputStream:75 - [STDERR_REDIRECT] WARNING: Could not lock System prefs. Unix error code 2.
2025-06-17 13:39:20,932 [ERROR] LogOutputStream:75 - [STDERR_REDIRECT] 
2025-06-17 13:39:20,932 [ERROR] LogOutputStream:75 - [STDERR_REDIRECT] Jun 17, 2025 1:39:20 PM java.util.prefs.FileSystemPreferences syncWorld
2025-06-17 13:39:20,932 [ERROR] LogOutputStream:75 - [STDERR_REDIRECT] WARNING: Couldn't flush system prefs: java.util.prefs.BackingStoreException: Couldn't get file lock.
2025-06-17 13:39:20,932 [ERROR] LogOutputStream:75 - [STDERR_REDIRECT] 
2025-06-17 13:39:50,932 [ERROR] LogOutputStream:75 - [STDERR_REDIRECT] Jun 17, 2025 1:39:50 PM java.util.prefs.FileSystemPreferences checkLockFile0ErrorCode
2025-06-17 13:39:50,932 [ERROR] LogOutputStream:75 - [STDERR_REDIRECT] WARNING: Could not lock System prefs. Unix error code 2.
2025-06-17 13:39:50,933 [ERROR] LogOutputStream:75 - [STDERR_REDIRECT] 
2025-06-17 13:39:50,933 [ERROR] LogOutputStream:75 - [STDERR_REDIRECT] Jun 17, 2025 1:39:50 PM java.util.prefs.FileSystemPreferences syncWorld
2025-06-17 13:39:50,933 [ERROR] LogOutputStream:75 - [STDERR_REDIRECT] WARNING: Couldn't flush system prefs: java.util.prefs.BackingStoreException: Couldn't get file lock.
2025-06-17 13:39:50,933 [ERROR] LogOutputStream:75 - [STDERR_REDIRECT] 
2025-06-17 13:40:20,933 [ERROR] LogOutputStream:75 - [STDERR_REDIRECT] Jun 17, 2025 1:40:20 PM java.util.prefs.FileSystemPreferences checkLockFile0ErrorCode
2025-06-17 13:40:20,933 [ERROR] LogOutputStream:75 - [STDERR_REDIRECT] WARNING: Could not lock System prefs. Unix error code 2.
2025-06-17 13:40:20,933 [ERROR] LogOutputStream:75 - [STDERR_REDIRECT] 
2025-06-17 13:40:20,933 [ERROR] LogOutputStream:75 - [STDERR_REDIRECT] Jun 17, 2025 1:40:20 PM java.util.prefs.FileSystemPreferences syncWorld
2025-06-17 13:40:20,933 [ERROR] LogOutputStream:75 - [STDERR_REDIRECT] WARNING: Couldn't flush system prefs: java.util.prefs.BackingStoreException: Couldn't get file lock.
2025-06-17 13:40:20,933 [ERROR] LogOutputStream:75 - [STDERR_REDIRECT] 
2025-06-17 13:40:50,933 [ERROR] LogOutputStream:75 - [STDERR_REDIRECT] Jun 17, 2025 1:40:50 PM java.util.prefs.FileSystemPreferences checkLockFile0ErrorCode
2025-06-17 13:40:50,933 [ERROR] LogOutputStream:75 - [STDERR_REDIRECT] WARNING: Could not lock System prefs. Unix error code 2.
2025-06-17 13:40:50,933 [ERROR] LogOutputStream:75 - [STDERR_REDIRECT] 
2025-06-17 13:40:50,933 [ERROR] LogOutputStream:75 - [STDERR_REDIRECT] Jun 17, 2025 1:40:50 PM java.util.prefs.FileSystemPreferences syncWorld
2025-06-17 13:40:50,933 [ERROR] LogOutputStream:75 - [STDERR_REDIRECT] WARNING: Couldn't flush system prefs: java.util.prefs.BackingStoreException: Couldn't get file lock.
2025-06-17 13:40:50,933 [ERROR] LogOutputStream:75 - [STDERR_REDIRECT] 
2025-06-17 13:41:20,934 [ERROR] LogOutputStream:75 - [STDERR_REDIRECT] Jun 17, 2025 1:41:20 PM java.util.prefs.FileSystemPreferences checkLockFile0ErrorCode
2025-06-17 13:41:20,935 [ERROR] LogOutputStream:75 - [STDERR_REDIRECT] WARNING: Could not lock System prefs. Unix error code 2.
2025-06-17 13:41:20,935 [ERROR] LogOutputStream:75 - [STDERR_REDIRECT] 
2025-06-17 13:41:20,935 [ERROR] LogOutputStream:75 - [STDERR_REDIRECT] Jun 17, 2025 1:41:20 PM java.util.prefs.FileSystemPreferences syncWorld
2025-06-17 13:41:20,935 [ERROR] LogOutputStream:75 - [STDERR_REDIRECT] WARNING: Couldn't flush system prefs: java.util.prefs.BackingStoreException: Couldn't get file lock.
2025-06-17 13:41:20,935 [ERROR] LogOutputStream:75 - [STDERR_REDIRECT] 
2025-06-17 13:41:50,935 [ERROR] LogOutputStream:75 - [STDERR_REDIRECT] Jun 17, 2025 1:41:50 PM java.util.prefs.FileSystemPreferences checkLockFile0ErrorCode
2025-06-17 13:41:50,935 [ERROR] LogOutputStream:75 - [STDERR_REDIRECT] WARNING: Could not lock System prefs. Unix error code 2.
2025-06-17 13:41:50,935 [ERROR] LogOutputStream:75 - [STDERR_REDIRECT] 
2025-06-17 13:41:50,936 [ERROR] LogOutputStream:75 - [STDERR_REDIRECT] Jun 17, 2025 1:41:50 PM java.util.prefs.FileSystemPreferences syncWorld
2025-06-17 13:41:50,936 [ERROR] LogOutputStream:75 - [STDERR_REDIRECT] WARNING: Couldn't flush system prefs: java.util.prefs.BackingStoreException: Couldn't get file lock.
2025-06-17 13:41:50,936 [ERROR] LogOutputStream:75 - [STDERR_REDIRECT] 
2025-06-17 13:42:20,934 [ERROR] LogOutputStream:75 - [STDERR_REDIRECT] Jun 17, 2025 1:42:20 PM java.util.prefs.FileSystemPreferences checkLockFile0ErrorCode
2025-06-17 13:42:20,935 [ERROR] LogOutputStream:75 - [STDERR_REDIRECT] WARNING: Could not lock System prefs. Unix error code 2.
2025-06-17 13:42:20,935 [ERROR] LogOutputStream:75 - [STDERR_REDIRECT] 
2025-06-17 13:42:20,935 [ERROR] LogOutputStream:75 - [STDERR_REDIRECT] Jun 17, 2025 1:42:20 PM java.util.prefs.FileSystemPreferences syncWorld
2025-06-17 13:42:20,935 [ERROR] LogOutputStream:75 - [STDERR_REDIRECT] WARNING: Couldn't flush system prefs: java.util.prefs.BackingStoreException: Couldn't get file lock.
2025-06-17 13:42:20,935 [ERROR] LogOutputStream:75 - [STDERR_REDIRECT] 
2025-06-17 13:42:50,934 [ERROR] LogOutputStream:75 - [STDERR_REDIRECT] Jun 17, 2025 1:42:50 PM java.util.prefs.FileSystemPreferences checkLockFile0ErrorCode
2025-06-17 13:42:50,935 [ERROR] LogOutputStream:75 - [STDERR_REDIRECT] WARNING: Could not lock System prefs. Unix error code 2.
2025-06-17 13:42:50,935 [ERROR] LogOutputStream:75 - [STDERR_REDIRECT] 
2025-06-17 13:42:50,935 [ERROR] LogOutputStream:75 - [STDERR_REDIRECT] Jun 17, 2025 1:42:50 PM java.util.prefs.FileSystemPreferences syncWorld
2025-06-17 13:42:50,935 [ERROR] LogOutputStream:75 - [STDERR_REDIRECT] WARNING: Couldn't flush system prefs: java.util.prefs.BackingStoreException: Couldn't get file lock.
2025-06-17 13:42:50,935 [ERROR] LogOutputStream:75 - [STDERR_REDIRECT] 
2025-06-17 13:43:20,934 [ERROR] LogOutputStream:75 - [STDERR_REDIRECT] Jun 17, 2025 1:43:20 PM java.util.prefs.FileSystemPreferences checkLockFile0ErrorCode
2025-06-17 13:43:20,934 [ERROR] LogOutputStream:75 - [STDERR_REDIRECT] WARNING: Could not lock System prefs. Unix error code 2.
2025-06-17 13:43:20,934 [ERROR] LogOutputStream:75 - [STDERR_REDIRECT] 
2025-06-17 13:43:20,934 [ERROR] LogOutputStream:75 - [STDERR_REDIRECT] Jun 17, 2025 1:43:20 PM java.util.prefs.FileSystemPreferences syncWorld
2025-06-17 13:43:20,934 [ERROR] LogOutputStream:75 - [STDERR_REDIRECT] WARNING: Couldn't flush system prefs: java.util.prefs.BackingStoreException: Couldn't get file lock.
2025-06-17 13:43:20,934 [ERROR] LogOutputStream:75 - [STDERR_REDIRECT] 
2025-06-17 13:43:50,935 [ERROR] LogOutputStream:75 - [STDERR_REDIRECT] Jun 17, 2025 1:43:50 PM java.util.prefs.FileSystemPreferences checkLockFile0ErrorCode
2025-06-17 13:43:50,935 [ERROR] LogOutputStream:75 - [STDERR_REDIRECT] WARNING: Could not lock System prefs. Unix error code 2.
2025-06-17 13:43:50,935 [ERROR] LogOutputStream:75 - [STDERR_REDIRECT] 
2025-06-17 13:43:50,935 [ERROR] LogOutputStream:75 - [STDERR_REDIRECT] Jun 17, 2025 1:43:50 PM java.util.prefs.FileSystemPreferences syncWorld
2025-06-17 13:43:50,935 [ERROR] LogOutputStream:75 - [STDERR_REDIRECT] WARNING: Couldn't flush system prefs: java.util.prefs.BackingStoreException: Couldn't get file lock.
2025-06-17 13:43:50,936 [ERROR] LogOutputStream:75 - [STDERR_REDIRECT] 
2025-06-17 13:44:20,935 [ERROR] LogOutputStream:75 - [STDERR_REDIRECT] Jun 17, 2025 1:44:20 PM java.util.prefs.FileSystemPreferences checkLockFile0ErrorCode
2025-06-17 13:44:20,935 [ERROR] LogOutputStream:75 - [STDERR_REDIRECT] WARNING: Could not lock System prefs. Unix error code 2.
2025-06-17 13:44:20,935 [ERROR] LogOutputStream:75 - [STDERR_REDIRECT] 
2025-06-17 13:44:20,935 [ERROR] LogOutputStream:75 - [STDERR_REDIRECT] Jun 17, 2025 1:44:20 PM java.util.prefs.FileSystemPreferences syncWorld
2025-06-17 13:44:20,936 [ERROR] LogOutputStream:75 - [STDERR_REDIRECT] WARNING: Couldn't flush system prefs: java.util.prefs.BackingStoreException: Couldn't get file lock.
2025-06-17 13:44:20,936 [ERROR] LogOutputStream:75 - [STDERR_REDIRECT] 
2025-06-17 13:44:50,934 [ERROR] LogOutputStream:75 - [STDERR_REDIRECT] Jun 17, 2025 1:44:50 PM java.util.prefs.FileSystemPreferences checkLockFile0ErrorCode
2025-06-17 13:44:50,934 [ERROR] LogOutputStream:75 - [STDERR_REDIRECT] WARNING: Could not lock System prefs. Unix error code 2.
2025-06-17 13:44:50,935 [ERROR] LogOutputStream:75 - [STDERR_REDIRECT] 
2025-06-17 13:44:50,935 [ERROR] LogOutputStream:75 - [STDERR_REDIRECT] Jun 17, 2025 1:44:50 PM java.util.prefs.FileSystemPreferences syncWorld
2025-06-17 13:44:50,935 [ERROR] LogOutputStream:75 - [STDERR_REDIRECT] WARNING: Couldn't flush system prefs: java.util.prefs.BackingStoreException: Couldn't get file lock.
2025-06-17 13:44:50,935 [ERROR] LogOutputStream:75 - [STDERR_REDIRECT] 
2025-06-17 13:45:20,935 [ERROR] LogOutputStream:75 - [STDERR_REDIRECT] Jun 17, 2025 1:45:20 PM java.util.prefs.FileSystemPreferences checkLockFile0ErrorCode
2025-06-17 13:45:20,935 [ERROR] LogOutputStream:75 - [STDERR_REDIRECT] WARNING: Could not lock System prefs. Unix error code 2.
2025-06-17 13:45:20,935 [ERROR] LogOutputStream:75 - [STDERR_REDIRECT] 
2025-06-17 13:45:20,935 [ERROR] LogOutputStream:75 - [STDERR_REDIRECT] Jun 17, 2025 1:45:20 PM java.util.prefs.FileSystemPreferences syncWorld
2025-06-17 13:45:20,935 [ERROR] LogOutputStream:75 - [STDERR_REDIRECT] WARNING: Couldn't flush system prefs: java.util.prefs.BackingStoreException: Couldn't get file lock.
2025-06-17 13:45:20,935 [ERROR] LogOutputStream:75 - [STDERR_REDIRECT] 
2025-06-17 13:45:50,937 [ERROR] LogOutputStream:75 - [STDERR_REDIRECT] Jun 17, 2025 1:45:50 PM java.util.prefs.FileSystemPreferences checkLockFile0ErrorCode
2025-06-17 13:45:50,937 [ERROR] LogOutputStream:75 - [STDERR_REDIRECT] WARNING: Could not lock System prefs. Unix error code 2.
2025-06-17 13:45:50,937 [ERROR] LogOutputStream:75 - [STDERR_REDIRECT] 
2025-06-17 13:45:50,937 [ERROR] LogOutputStream:75 - [STDERR_REDIRECT] Jun 17, 2025 1:45:50 PM java.util.prefs.FileSystemPreferences syncWorld
2025-06-17 13:45:50,937 [ERROR] LogOutputStream:75 - [STDERR_REDIRECT] WARNING: Couldn't flush system prefs: java.util.prefs.BackingStoreException: Couldn't get file lock.
2025-06-17 13:45:50,937 [ERROR] LogOutputStream:75 - [STDERR_REDIRECT] 
2025-06-17 13:46:20,936 [ERROR] LogOutputStream:75 - [STDERR_REDIRECT] Jun 17, 2025 1:46:20 PM java.util.prefs.FileSystemPreferences checkLockFile0ErrorCode
2025-06-17 13:46:20,937 [ERROR] LogOutputStream:75 - [STDERR_REDIRECT] WARNING: Could not lock System prefs. Unix error code 2.
2025-06-17 13:46:20,937 [ERROR] LogOutputStream:75 - [STDERR_REDIRECT] 
2025-06-17 13:46:20,937 [ERROR] LogOutputStream:75 - [STDERR_REDIRECT] Jun 17, 2025 1:46:20 PM java.util.prefs.FileSystemPreferences syncWorld
2025-06-17 13:46:20,937 [ERROR] LogOutputStream:75 - [STDERR_REDIRECT] WARNING: Couldn't flush system prefs: java.util.prefs.BackingStoreException: Couldn't get file lock.
2025-06-17 13:46:20,937 [ERROR] LogOutputStream:75 - [STDERR_REDIRECT] 
2025-06-17 13:46:50,936 [ERROR] LogOutputStream:75 - [STDERR_REDIRECT] Jun 17, 2025 1:46:50 PM java.util.prefs.FileSystemPreferences checkLockFile0ErrorCode
2025-06-17 13:46:50,936 [ERROR] LogOutputStream:75 - [STDERR_REDIRECT] WARNING: Could not lock System prefs. Unix error code 2.
2025-06-17 13:46:50,936 [ERROR] LogOutputStream:75 - [STDERR_REDIRECT] 
2025-06-17 13:46:50,937 [ERROR] LogOutputStream:75 - [STDERR_REDIRECT] Jun 17, 2025 1:46:50 PM java.util.prefs.FileSystemPreferences syncWorld
2025-06-17 13:46:50,937 [ERROR] LogOutputStream:75 - [STDERR_REDIRECT] WARNING: Couldn't flush system prefs: java.util.prefs.BackingStoreException: Couldn't get file lock.
2025-06-17 13:46:50,937 [ERROR] LogOutputStream:75 - [STDERR_REDIRECT] 
2025-06-17 13:47:20,936 [ERROR] LogOutputStream:75 - [STDERR_REDIRECT] Jun 17, 2025 1:47:20 PM java.util.prefs.FileSystemPreferences checkLockFile0ErrorCode
2025-06-17 13:47:20,936 [ERROR] LogOutputStream:75 - [STDERR_REDIRECT] WARNING: Could not lock System prefs. Unix error code 2.
2025-06-17 13:47:20,936 [ERROR] LogOutputStream:75 - [STDERR_REDIRECT] 
2025-06-17 13:47:20,937 [ERROR] LogOutputStream:75 - [STDERR_REDIRECT] Jun 17, 2025 1:47:20 PM java.util.prefs.FileSystemPreferences syncWorld
2025-06-17 13:47:20,937 [ERROR] LogOutputStream:75 - [STDERR_REDIRECT] WARNING: Couldn't flush system prefs: java.util.prefs.BackingStoreException: Couldn't get file lock.
2025-06-17 13:47:20,937 [ERROR] LogOutputStream:75 - [STDERR_REDIRECT] 
2025-06-17 13:47:50,936 [ERROR] LogOutputStream:75 - [STDERR_REDIRECT] Jun 17, 2025 1:47:50 PM java.util.prefs.FileSystemPreferences checkLockFile0ErrorCode
2025-06-17 13:47:50,936 [ERROR] LogOutputStream:75 - [STDERR_REDIRECT] WARNING: Could not lock System prefs. Unix error code 2.
2025-06-17 13:47:50,936 [ERROR] LogOutputStream:75 - [STDERR_REDIRECT] 
2025-06-17 13:47:50,936 [ERROR] LogOutputStream:75 - [STDERR_REDIRECT] Jun 17, 2025 1:47:50 PM java.util.prefs.FileSystemPreferences syncWorld
2025-06-17 13:47:50,936 [ERROR] LogOutputStream:75 - [STDERR_REDIRECT] WARNING: Couldn't flush system prefs: java.util.prefs.BackingStoreException: Couldn't get file lock.
2025-06-17 13:47:50,936 [ERROR] LogOutputStream:75 - [STDERR_REDIRECT] 
2025-06-17 13:48:20,937 [ERROR] LogOutputStream:75 - [STDERR_REDIRECT] Jun 17, 2025 1:48:20 PM java.util.prefs.FileSystemPreferences checkLockFile0ErrorCode
2025-06-17 13:48:20,937 [ERROR] LogOutputStream:75 - [STDERR_REDIRECT] WARNING: Could not lock System prefs. Unix error code 2.
2025-06-17 13:48:20,937 [ERROR] LogOutputStream:75 - [STDERR_REDIRECT] 
2025-06-17 13:48:20,937 [ERROR] LogOutputStream:75 - [STDERR_REDIRECT] Jun 17, 2025 1:48:20 PM java.util.prefs.FileSystemPreferences syncWorld
2025-06-17 13:48:20,937 [ERROR] LogOutputStream:75 - [STDERR_REDIRECT] WARNING: Couldn't flush system prefs: java.util.prefs.BackingStoreException: Couldn't get file lock.
2025-06-17 13:48:20,937 [ERROR] LogOutputStream:75 - [STDERR_REDIRECT] 
2025-06-17 13:48:50,937 [ERROR] LogOutputStream:75 - [STDERR_REDIRECT] Jun 17, 2025 1:48:50 PM java.util.prefs.FileSystemPreferences checkLockFile0ErrorCode
2025-06-17 13:48:50,937 [ERROR] LogOutputStream:75 - [STDERR_REDIRECT] WARNING: Could not lock System prefs. Unix error code 2.
2025-06-17 13:48:50,937 [ERROR] LogOutputStream:75 - [STDERR_REDIRECT] 
2025-06-17 13:48:50,938 [ERROR] LogOutputStream:75 - [STDERR_REDIRECT] Jun 17, 2025 1:48:50 PM java.util.prefs.FileSystemPreferences syncWorld
2025-06-17 13:48:50,938 [ERROR] LogOutputStream:75 - [STDERR_REDIRECT] WARNING: Couldn't flush system prefs: java.util.prefs.BackingStoreException: Couldn't get file lock.
2025-06-17 13:48:50,938 [ERROR] LogOutputStream:75 - [STDERR_REDIRECT] 
2025-06-17 13:49:20,937 [ERROR] LogOutputStream:75 - [STDERR_REDIRECT] Jun 17, 2025 1:49:20 PM java.util.prefs.FileSystemPreferences checkLockFile0ErrorCode
2025-06-17 13:49:20,938 [ERROR] LogOutputStream:75 - [STDERR_REDIRECT] WARNING: Could not lock System prefs. Unix error code 2.
2025-06-17 13:49:20,938 [ERROR] LogOutputStream:75 - [STDERR_REDIRECT] 
2025-06-17 13:49:20,938 [ERROR] LogOutputStream:75 - [STDERR_REDIRECT] Jun 17, 2025 1:49:20 PM java.util.prefs.FileSystemPreferences syncWorld
2025-06-17 13:49:20,938 [ERROR] LogOutputStream:75 - [STDERR_REDIRECT] WARNING: Couldn't flush system prefs: java.util.prefs.BackingStoreException: Couldn't get file lock.
2025-06-17 13:49:20,938 [ERROR] LogOutputStream:75 - [STDERR_REDIRECT] 
2025-06-17 13:49:50,938 [ERROR] LogOutputStream:75 - [STDERR_REDIRECT] Jun 17, 2025 1:49:50 PM java.util.prefs.FileSystemPreferences checkLockFile0ErrorCode
2025-06-17 13:49:50,938 [ERROR] LogOutputStream:75 - [STDERR_REDIRECT] WARNING: Could not lock System prefs. Unix error code 2.
2025-06-17 13:49:50,938 [ERROR] LogOutputStream:75 - [STDERR_REDIRECT] 
2025-06-17 13:49:50,939 [ERROR] LogOutputStream:75 - [STDERR_REDIRECT] Jun 17, 2025 1:49:50 PM java.util.prefs.FileSystemPreferences syncWorld
2025-06-17 13:49:50,939 [ERROR] LogOutputStream:75 - [STDERR_REDIRECT] WARNING: Couldn't flush system prefs: java.util.prefs.BackingStoreException: Couldn't get file lock.
2025-06-17 13:49:50,939 [ERROR] LogOutputStream:75 - [STDERR_REDIRECT] 
2025-06-17 13:50:20,938 [ERROR] LogOutputStream:75 - [STDERR_REDIRECT] Jun 17, 2025 1:50:20 PM java.util.prefs.FileSystemPreferences checkLockFile0ErrorCode
2025-06-17 13:50:20,938 [ERROR] LogOutputStream:75 - [STDERR_REDIRECT] WARNING: Could not lock System prefs. Unix error code 2.
2025-06-17 13:50:20,938 [ERROR] LogOutputStream:75 - [STDERR_REDIRECT] 
2025-06-17 13:50:20,938 [ERROR] LogOutputStream:75 - [STDERR_REDIRECT] Jun 17, 2025 1:50:20 PM java.util.prefs.FileSystemPreferences syncWorld
2025-06-17 13:50:20,938 [ERROR] LogOutputStream:75 - [STDERR_REDIRECT] WARNING: Couldn't flush system prefs: java.util.prefs.BackingStoreException: Couldn't get file lock.
2025-06-17 13:50:20,938 [ERROR] LogOutputStream:75 - [STDERR_REDIRECT] 
2025-06-17 13:50:50,938 [ERROR] LogOutputStream:75 - [STDERR_REDIRECT] Jun 17, 2025 1:50:50 PM java.util.prefs.FileSystemPreferences checkLockFile0ErrorCode
2025-06-17 13:50:50,938 [ERROR] LogOutputStream:75 - [STDERR_REDIRECT] WARNING: Could not lock System prefs. Unix error code 2.
2025-06-17 13:50:50,938 [ERROR] LogOutputStream:75 - [STDERR_REDIRECT] 
2025-06-17 13:50:50,938 [ERROR] LogOutputStream:75 - [STDERR_REDIRECT] Jun 17, 2025 1:50:50 PM java.util.prefs.FileSystemPreferences syncWorld
2025-06-17 13:50:50,938 [ERROR] LogOutputStream:75 - [STDERR_REDIRECT] WARNING: Couldn't flush system prefs: java.util.prefs.BackingStoreException: Couldn't get file lock.
2025-06-17 13:50:50,939 [ERROR] LogOutputStream:75 - [STDERR_REDIRECT] 
2025-06-17 13:51:20,937 [ERROR] LogOutputStream:75 - [STDERR_REDIRECT] Jun 17, 2025 1:51:20 PM java.util.prefs.FileSystemPreferences checkLockFile0ErrorCode
2025-06-17 13:51:20,937 [ERROR] LogOutputStream:75 - [STDERR_REDIRECT] WARNING: Could not lock System prefs. Unix error code 2.
2025-06-17 13:51:20,937 [ERROR] LogOutputStream:75 - [STDERR_REDIRECT] 
2025-06-17 13:51:20,937 [ERROR] LogOutputStream:75 - [STDERR_REDIRECT] Jun 17, 2025 1:51:20 PM java.util.prefs.FileSystemPreferences syncWorld
2025-06-17 13:51:20,938 [ERROR] LogOutputStream:75 - [STDERR_REDIRECT] WARNING: Couldn't flush system prefs: java.util.prefs.BackingStoreException: Couldn't get file lock.
2025-06-17 13:51:20,938 [ERROR] LogOutputStream:75 - [STDERR_REDIRECT] 
2025-06-17 13:51:50,937 [ERROR] LogOutputStream:75 - [STDERR_REDIRECT] Jun 17, 2025 1:51:50 PM java.util.prefs.FileSystemPreferences checkLockFile0ErrorCode
2025-06-17 13:51:50,937 [ERROR] LogOutputStream:75 - [STDERR_REDIRECT] WARNING: Could not lock System prefs. Unix error code 2.
2025-06-17 13:51:50,937 [ERROR] LogOutputStream:75 - [STDERR_REDIRECT] 
2025-06-17 13:51:50,938 [ERROR] LogOutputStream:75 - [STDERR_REDIRECT] Jun 17, 2025 1:51:50 PM java.util.prefs.FileSystemPreferences syncWorld
2025-06-17 13:51:50,938 [ERROR] LogOutputStream:75 - [STDERR_REDIRECT] WARNING: Couldn't flush system prefs: java.util.prefs.BackingStoreException: Couldn't get file lock.
2025-06-17 13:51:50,938 [ERROR] LogOutputStream:75 - [STDERR_REDIRECT] 
2025-06-17 13:52:20,937 [ERROR] LogOutputStream:75 - [STDERR_REDIRECT] Jun 17, 2025 1:52:20 PM java.util.prefs.FileSystemPreferences checkLockFile0ErrorCode
2025-06-17 13:52:20,937 [ERROR] LogOutputStream:75 - [STDERR_REDIRECT] WARNING: Could not lock System prefs. Unix error code 2.
2025-06-17 13:52:20,937 [ERROR] LogOutputStream:75 - [STDERR_REDIRECT] 
2025-06-17 13:52:20,938 [ERROR] LogOutputStream:75 - [STDERR_REDIRECT] Jun 17, 2025 1:52:20 PM java.util.prefs.FileSystemPreferences syncWorld
2025-06-17 13:52:20,938 [ERROR] LogOutputStream:75 - [STDERR_REDIRECT] WARNING: Couldn't flush system prefs: java.util.prefs.BackingStoreException: Couldn't get file lock.
2025-06-17 13:52:20,938 [ERROR] LogOutputStream:75 - [STDERR_REDIRECT] 
2025-06-17 13:52:50,937 [ERROR] LogOutputStream:75 - [STDERR_REDIRECT] Jun 17, 2025 1:52:50 PM java.util.prefs.FileSystemPreferences checkLockFile0ErrorCode
2025-06-17 13:52:50,937 [ERROR] LogOutputStream:75 - [STDERR_REDIRECT] WARNING: Could not lock System prefs. Unix error code 2.
2025-06-17 13:52:50,937 [ERROR] LogOutputStream:75 - [STDERR_REDIRECT] 
2025-06-17 13:52:50,938 [ERROR] LogOutputStream:75 - [STDERR_REDIRECT] Jun 17, 2025 1:52:50 PM java.util.prefs.FileSystemPreferences syncWorld
2025-06-17 13:52:50,938 [ERROR] LogOutputStream:75 - [STDERR_REDIRECT] WARNING: Couldn't flush system prefs: java.util.prefs.BackingStoreException: Couldn't get file lock.
2025-06-17 13:52:50,938 [ERROR] LogOutputStream:75 - [STDERR_REDIRECT] 
2025-06-17 13:53:20,937 [ERROR] LogOutputStream:75 - [STDERR_REDIRECT] Jun 17, 2025 1:53:20 PM java.util.prefs.FileSystemPreferences checkLockFile0ErrorCode
2025-06-17 13:53:20,937 [ERROR] LogOutputStream:75 - [STDERR_REDIRECT] WARNING: Could not lock System prefs. Unix error code 2.
2025-06-17 13:53:20,938 [ERROR] LogOutputStream:75 - [STDERR_REDIRECT] 
2025-06-17 13:53:20,938 [ERROR] LogOutputStream:75 - [STDERR_REDIRECT] Jun 17, 2025 1:53:20 PM java.util.prefs.FileSystemPreferences syncWorld
2025-06-17 13:53:20,938 [ERROR] LogOutputStream:75 - [STDERR_REDIRECT] WARNING: Couldn't flush system prefs: java.util.prefs.BackingStoreException: Couldn't get file lock.
2025-06-17 13:53:20,938 [ERROR] LogOutputStream:75 - [STDERR_REDIRECT] 
2025-06-17 13:53:50,937 [ERROR] LogOutputStream:75 - [STDERR_REDIRECT] Jun 17, 2025 1:53:50 PM java.util.prefs.FileSystemPreferences checkLockFile0ErrorCode
2025-06-17 13:53:50,937 [ERROR] LogOutputStream:75 - [STDERR_REDIRECT] WARNING: Could not lock System prefs. Unix error code 2.
2025-06-17 13:53:50,937 [ERROR] LogOutputStream:75 - [STDERR_REDIRECT] 
2025-06-17 13:53:50,937 [ERROR] LogOutputStream:75 - [STDERR_REDIRECT] Jun 17, 2025 1:53:50 PM java.util.prefs.FileSystemPreferences syncWorld
2025-06-17 13:53:50,938 [ERROR] LogOutputStream:75 - [STDERR_REDIRECT] WARNING: Couldn't flush system prefs: java.util.prefs.BackingStoreException: Couldn't get file lock.
2025-06-17 13:53:50,938 [ERROR] LogOutputStream:75 - [STDERR_REDIRECT] 
2025-06-17 13:54:20,937 [ERROR] LogOutputStream:75 - [STDERR_REDIRECT] Jun 17, 2025 1:54:20 PM java.util.prefs.FileSystemPreferences checkLockFile0ErrorCode
2025-06-17 13:54:20,938 [ERROR] LogOutputStream:75 - [STDERR_REDIRECT] WARNING: Could not lock System prefs. Unix error code 2.
2025-06-17 13:54:20,938 [ERROR] LogOutputStream:75 - [STDERR_REDIRECT] 
2025-06-17 13:54:20,938 [ERROR] LogOutputStream:75 - [STDERR_REDIRECT] Jun 17, 2025 1:54:20 PM java.util.prefs.FileSystemPreferences syncWorld
2025-06-17 13:54:20,938 [ERROR] LogOutputStream:75 - [STDERR_REDIRECT] WARNING: Couldn't flush system prefs: java.util.prefs.BackingStoreException: Couldn't get file lock.
2025-06-17 13:54:20,938 [ERROR] LogOutputStream:75 - [STDERR_REDIRECT] 
2025-06-17 13:54:50,937 [ERROR] LogOutputStream:75 - [STDERR_REDIRECT] Jun 17, 2025 1:54:50 PM java.util.prefs.FileSystemPreferences checkLockFile0ErrorCode
2025-06-17 13:54:50,938 [ERROR] LogOutputStream:75 - [STDERR_REDIRECT] WARNING: Could not lock System prefs. Unix error code 2.
2025-06-17 13:54:50,938 [ERROR] LogOutputStream:75 - [STDERR_REDIRECT] 
2025-06-17 13:54:50,938 [ERROR] LogOutputStream:75 - [STDERR_REDIRECT] Jun 17, 2025 1:54:50 PM java.util.prefs.FileSystemPreferences syncWorld
2025-06-17 13:54:50,938 [ERROR] LogOutputStream:75 - [STDERR_REDIRECT] WARNING: Couldn't flush system prefs: java.util.prefs.BackingStoreException: Couldn't get file lock.
2025-06-17 13:54:50,938 [ERROR] LogOutputStream:75 - [STDERR_REDIRECT] 
2025-06-17 13:55:20,937 [ERROR] LogOutputStream:75 - [STDERR_REDIRECT] Jun 17, 2025 1:55:20 PM java.util.prefs.FileSystemPreferences checkLockFile0ErrorCode
2025-06-17 13:55:20,937 [ERROR] LogOutputStream:75 - [STDERR_REDIRECT] WARNING: Could not lock System prefs. Unix error code 2.
2025-06-17 13:55:20,937 [ERROR] LogOutputStream:75 - [STDERR_REDIRECT] 
2025-06-17 13:55:20,937 [ERROR] LogOutputStream:75 - [STDERR_REDIRECT] Jun 17, 2025 1:55:20 PM java.util.prefs.FileSystemPreferences syncWorld
2025-06-17 13:55:20,937 [ERROR] LogOutputStream:75 - [STDERR_REDIRECT] WARNING: Couldn't flush system prefs: java.util.prefs.BackingStoreException: Couldn't get file lock.
2025-06-17 13:55:20,937 [ERROR] LogOutputStream:75 - [STDERR_REDIRECT] 
2025-06-17 13:55:50,938 [ERROR] LogOutputStream:75 - [STDERR_REDIRECT] Jun 17, 2025 1:55:50 PM java.util.prefs.FileSystemPreferences checkLockFile0ErrorCode
2025-06-17 13:55:50,938 [ERROR] LogOutputStream:75 - [STDERR_REDIRECT] WARNING: Could not lock System prefs. Unix error code 2.
2025-06-17 13:55:50,938 [ERROR] LogOutputStream:75 - [STDERR_REDIRECT] 
2025-06-17 13:55:50,938 [ERROR] LogOutputStream:75 - [STDERR_REDIRECT] Jun 17, 2025 1:55:50 PM java.util.prefs.FileSystemPreferences syncWorld
2025-06-17 13:55:50,938 [ERROR] LogOutputStream:75 - [STDERR_REDIRECT] WARNING: Couldn't flush system prefs: java.util.prefs.BackingStoreException: Couldn't get file lock.
2025-06-17 13:55:50,938 [ERROR] LogOutputStream:75 - [STDERR_REDIRECT] 
2025-06-17 13:56:20,938 [ERROR] LogOutputStream:75 - [STDERR_REDIRECT] Jun 17, 2025 1:56:20 PM java.util.prefs.FileSystemPreferences checkLockFile0ErrorCode
2025-06-17 13:56:20,938 [ERROR] LogOutputStream:75 - [STDERR_REDIRECT] WARNING: Could not lock System prefs. Unix error code 2.
2025-06-17 13:56:20,938 [ERROR] LogOutputStream:75 - [STDERR_REDIRECT] 
2025-06-17 13:56:20,938 [ERROR] LogOutputStream:75 - [STDERR_REDIRECT] Jun 17, 2025 1:56:20 PM java.util.prefs.FileSystemPreferences syncWorld
2025-06-17 13:56:20,938 [ERROR] LogOutputStream:75 - [STDERR_REDIRECT] WARNING: Couldn't flush system prefs: java.util.prefs.BackingStoreException: Couldn't get file lock.
2025-06-17 13:56:20,938 [ERROR] LogOutputStream:75 - [STDERR_REDIRECT] 
2025-06-17 13:56:50,936 [ERROR] LogOutputStream:75 - [STDERR_REDIRECT] Jun 17, 2025 1:56:50 PM java.util.prefs.FileSystemPreferences checkLockFile0ErrorCode
2025-06-17 13:56:50,937 [ERROR] LogOutputStream:75 - [STDERR_REDIRECT] WARNING: Could not lock System prefs. Unix error code 2.
2025-06-17 13:56:50,937 [ERROR] LogOutputStream:75 - [STDERR_REDIRECT] 
2025-06-17 13:56:50,937 [ERROR] LogOutputStream:75 - [STDERR_REDIRECT] Jun 17, 2025 1:56:50 PM java.util.prefs.FileSystemPreferences syncWorld
2025-06-17 13:56:50,937 [ERROR] LogOutputStream:75 - [STDERR_REDIRECT] WARNING: Couldn't flush system prefs: java.util.prefs.BackingStoreException: Couldn't get file lock.
2025-06-17 13:56:50,937 [ERROR] LogOutputStream:75 - [STDERR_REDIRECT] 
2025-06-17 13:57:20,938 [ERROR] LogOutputStream:75 - [STDERR_REDIRECT] Jun 17, 2025 1:57:20 PM java.util.prefs.FileSystemPreferences checkLockFile0ErrorCode
2025-06-17 13:57:20,938 [ERROR] LogOutputStream:75 - [STDERR_REDIRECT] WARNING: Could not lock System prefs. Unix error code 2.
2025-06-17 13:57:20,938 [ERROR] LogOutputStream:75 - [STDERR_REDIRECT] 
2025-06-17 13:57:20,938 [ERROR] LogOutputStream:75 - [STDERR_REDIRECT] Jun 17, 2025 1:57:20 PM java.util.prefs.FileSystemPreferences syncWorld
2025-06-17 13:57:20,938 [ERROR] LogOutputStream:75 - [STDERR_REDIRECT] WARNING: Couldn't flush system prefs: java.util.prefs.BackingStoreException: Couldn't get file lock.
2025-06-17 13:57:20,938 [ERROR] LogOutputStream:75 - [STDERR_REDIRECT] 
2025-06-17 13:57:50,938 [ERROR] LogOutputStream:75 - [STDERR_REDIRECT] Jun 17, 2025 1:57:50 PM java.util.prefs.FileSystemPreferences checkLockFile0ErrorCode
2025-06-17 13:57:50,938 [ERROR] LogOutputStream:75 - [STDERR_REDIRECT] WARNING: Could not lock System prefs. Unix error code 2.
2025-06-17 13:57:50,938 [ERROR] LogOutputStream:75 - [STDERR_REDIRECT] 
2025-06-17 13:57:50,938 [ERROR] LogOutputStream:75 - [STDERR_REDIRECT] Jun 17, 2025 1:57:50 PM java.util.prefs.FileSystemPreferences syncWorld
2025-06-17 13:57:50,938 [ERROR] LogOutputStream:75 - [STDERR_REDIRECT] WARNING: Couldn't flush system prefs: java.util.prefs.BackingStoreException: Couldn't get file lock.
2025-06-17 13:57:50,938 [ERROR] LogOutputStream:75 - [STDERR_REDIRECT] 
2025-06-17 13:58:20,938 [ERROR] LogOutputStream:75 - [STDERR_REDIRECT] Jun 17, 2025 1:58:20 PM java.util.prefs.FileSystemPreferences checkLockFile0ErrorCode
2025-06-17 13:58:20,938 [ERROR] LogOutputStream:75 - [STDERR_REDIRECT] WARNING: Could not lock System prefs. Unix error code 2.
2025-06-17 13:58:20,938 [ERROR] LogOutputStream:75 - [STDERR_REDIRECT] 
2025-06-17 13:58:20,938 [ERROR] LogOutputStream:75 - [STDERR_REDIRECT] Jun 17, 2025 1:58:20 PM java.util.prefs.FileSystemPreferences syncWorld
2025-06-17 13:58:20,938 [ERROR] LogOutputStream:75 - [STDERR_REDIRECT] WARNING: Couldn't flush system prefs: java.util.prefs.BackingStoreException: Couldn't get file lock.
2025-06-17 13:58:20,938 [ERROR] LogOutputStream:75 - [STDERR_REDIRECT] 
2025-06-17 13:58:50,938 [ERROR] LogOutputStream:75 - [STDERR_REDIRECT] Jun 17, 2025 1:58:50 PM java.util.prefs.FileSystemPreferences checkLockFile0ErrorCode
2025-06-17 13:58:50,938 [ERROR] LogOutputStream:75 - [STDERR_REDIRECT] WARNING: Could not lock System prefs. Unix error code 2.
2025-06-17 13:58:50,938 [ERROR] LogOutputStream:75 - [STDERR_REDIRECT] 
2025-06-17 13:58:50,938 [ERROR] LogOutputStream:75 - [STDERR_REDIRECT] Jun 17, 2025 1:58:50 PM java.util.prefs.FileSystemPreferences syncWorld
2025-06-17 13:58:50,938 [ERROR] LogOutputStream:75 - [STDERR_REDIRECT] WARNING: Couldn't flush system prefs: java.util.prefs.BackingStoreException: Couldn't get file lock.
2025-06-17 13:58:50,938 [ERROR] LogOutputStream:75 - [STDERR_REDIRECT] 
2025-06-17 13:59:20,938 [ERROR] LogOutputStream:75 - [STDERR_REDIRECT] Jun 17, 2025 1:59:20 PM java.util.prefs.FileSystemPreferences checkLockFile0ErrorCode
2025-06-17 13:59:20,939 [ERROR] LogOutputStream:75 - [STDERR_REDIRECT] WARNING: Could not lock System prefs. Unix error code 2.
2025-06-17 13:59:20,939 [ERROR] LogOutputStream:75 - [STDERR_REDIRECT] 
2025-06-17 13:59:20,939 [ERROR] LogOutputStream:75 - [STDERR_REDIRECT] Jun 17, 2025 1:59:20 PM java.util.prefs.FileSystemPreferences syncWorld
2025-06-17 13:59:20,939 [ERROR] LogOutputStream:75 - [STDERR_REDIRECT] WARNING: Couldn't flush system prefs: java.util.prefs.BackingStoreException: Couldn't get file lock.
2025-06-17 13:59:20,939 [ERROR] LogOutputStream:75 - [STDERR_REDIRECT] 
2025-06-17 13:59:50,938 [ERROR] LogOutputStream:75 - [STDERR_REDIRECT] Jun 17, 2025 1:59:50 PM java.util.prefs.FileSystemPreferences checkLockFile0ErrorCode
2025-06-17 13:59:50,938 [ERROR] LogOutputStream:75 - [STDERR_REDIRECT] WARNING: Could not lock System prefs. Unix error code 2.
2025-06-17 13:59:50,938 [ERROR] LogOutputStream:75 - [STDERR_REDIRECT] 
2025-06-17 13:59:50,939 [ERROR] LogOutputStream:75 - [STDERR_REDIRECT] Jun 17, 2025 1:59:50 PM java.util.prefs.FileSystemPreferences syncWorld
2025-06-17 13:59:50,939 [ERROR] LogOutputStream:75 - [STDERR_REDIRECT] WARNING: Couldn't flush system prefs: java.util.prefs.BackingStoreException: Couldn't get file lock.
2025-06-17 13:59:50,939 [ERROR] LogOutputStream:75 - [STDERR_REDIRECT] 
2025-06-17 14:00:20,938 [ERROR] LogOutputStream:75 - [STDERR_REDIRECT] Jun 17, 2025 2:00:20 PM java.util.prefs.FileSystemPreferences checkLockFile0ErrorCode
2025-06-17 14:00:20,938 [ERROR] LogOutputStream:75 - [STDERR_REDIRECT] WARNING: Could not lock System prefs. Unix error code 2.
2025-06-17 14:00:20,938 [ERROR] LogOutputStream:75 - [STDERR_REDIRECT] 
2025-06-17 14:00:20,938 [ERROR] LogOutputStream:75 - [STDERR_REDIRECT] Jun 17, 2025 2:00:20 PM java.util.prefs.FileSystemPreferences syncWorld
2025-06-17 14:00:20,938 [ERROR] LogOutputStream:75 - [STDERR_REDIRECT] WARNING: Couldn't flush system prefs: java.util.prefs.BackingStoreException: Couldn't get file lock.
2025-06-17 14:00:20,938 [ERROR] LogOutputStream:75 - [STDERR_REDIRECT] 
2025-06-17 14:00:50,938 [ERROR] LogOutputStream:75 - [STDERR_REDIRECT] Jun 17, 2025 2:00:50 PM java.util.prefs.FileSystemPreferences checkLockFile0ErrorCode
2025-06-17 14:00:50,939 [ERROR] LogOutputStream:75 - [STDERR_REDIRECT] WARNING: Could not lock System prefs. Unix error code 2.
2025-06-17 14:00:50,939 [ERROR] LogOutputStream:75 - [STDERR_REDIRECT] 
2025-06-17 14:00:50,939 [ERROR] LogOutputStream:75 - [STDERR_REDIRECT] Jun 17, 2025 2:00:50 PM java.util.prefs.FileSystemPreferences syncWorld
2025-06-17 14:00:50,939 [ERROR] LogOutputStream:75 - [STDERR_REDIRECT] WARNING: Couldn't flush system prefs: java.util.prefs.BackingStoreException: Couldn't get file lock.
2025-06-17 14:00:50,939 [ERROR] LogOutputStream:75 - [STDERR_REDIRECT] 
2025-06-17 14:01:20,940 [ERROR] LogOutputStream:75 - [STDERR_REDIRECT] Jun 17, 2025 2:01:20 PM java.util.prefs.FileSystemPreferences checkLockFile0ErrorCode
2025-06-17 14:01:20,940 [ERROR] LogOutputStream:75 - [STDERR_REDIRECT] WARNING: Could not lock System prefs. Unix error code 2.
2025-06-17 14:01:20,940 [ERROR] LogOutputStream:75 - [STDERR_REDIRECT] 
2025-06-17 14:01:20,940 [ERROR] LogOutputStream:75 - [STDERR_REDIRECT] Jun 17, 2025 2:01:20 PM java.util.prefs.FileSystemPreferences syncWorld
2025-06-17 14:01:20,940 [ERROR] LogOutputStream:75 - [STDERR_REDIRECT] WARNING: Couldn't flush system prefs: java.util.prefs.BackingStoreException: Couldn't get file lock.
2025-06-17 14:01:20,940 [ERROR] LogOutputStream:75 - [STDERR_REDIRECT] 
2025-06-17 14:01:50,939 [ERROR] LogOutputStream:75 - [STDERR_REDIRECT] Jun 17, 2025 2:01:50 PM java.util.prefs.FileSystemPreferences checkLockFile0ErrorCode
2025-06-17 14:01:50,939 [ERROR] LogOutputStream:75 - [STDERR_REDIRECT] WARNING: Could not lock System prefs. Unix error code 2.
2025-06-17 14:01:50,939 [ERROR] LogOutputStream:75 - [STDERR_REDIRECT] 
2025-06-17 14:01:50,940 [ERROR] LogOutputStream:75 - [STDERR_REDIRECT] Jun 17, 2025 2:01:50 PM java.util.prefs.FileSystemPreferences syncWorld
2025-06-17 14:01:50,940 [ERROR] LogOutputStream:75 - [STDERR_REDIRECT] WARNING: Couldn't flush system prefs: java.util.prefs.BackingStoreException: Couldn't get file lock.
2025-06-17 14:01:50,940 [ERROR] LogOutputStream:75 - [STDERR_REDIRECT] 
2025-06-17 14:02:20,940 [ERROR] LogOutputStream:75 - [STDERR_REDIRECT] Jun 17, 2025 2:02:20 PM java.util.prefs.FileSystemPreferences checkLockFile0ErrorCode
2025-06-17 14:02:20,940 [ERROR] LogOutputStream:75 - [STDERR_REDIRECT] WARNING: Could not lock System prefs. Unix error code 2.
2025-06-17 14:02:20,940 [ERROR] LogOutputStream:75 - [STDERR_REDIRECT] 
2025-06-17 14:02:20,940 [ERROR] LogOutputStream:75 - [STDERR_REDIRECT] Jun 17, 2025 2:02:20 PM java.util.prefs.FileSystemPreferences syncWorld
2025-06-17 14:02:20,940 [ERROR] LogOutputStream:75 - [STDERR_REDIRECT] WARNING: Couldn't flush system prefs: java.util.prefs.BackingStoreException: Couldn't get file lock.
2025-06-17 14:02:20,940 [ERROR] LogOutputStream:75 - [STDERR_REDIRECT] 
2025-06-17 14:02:50,940 [ERROR] LogOutputStream:75 - [STDERR_REDIRECT] Jun 17, 2025 2:02:50 PM java.util.prefs.FileSystemPreferences checkLockFile0ErrorCode
2025-06-17 14:02:50,941 [ERROR] LogOutputStream:75 - [STDERR_REDIRECT] WARNING: Could not lock System prefs. Unix error code 2.
2025-06-17 14:02:50,941 [ERROR] LogOutputStream:75 - [STDERR_REDIRECT] 
2025-06-17 14:02:50,941 [ERROR] LogOutputStream:75 - [STDERR_REDIRECT] Jun 17, 2025 2:02:50 PM java.util.prefs.FileSystemPreferences syncWorld
2025-06-17 14:02:50,941 [ERROR] LogOutputStream:75 - [STDERR_REDIRECT] WARNING: Couldn't flush system prefs: java.util.prefs.BackingStoreException: Couldn't get file lock.
2025-06-17 14:02:50,941 [ERROR] LogOutputStream:75 - [STDERR_REDIRECT] 
2025-06-17 14:03:20,941 [ERROR] LogOutputStream:75 - [STDERR_REDIRECT] Jun 17, 2025 2:03:20 PM java.util.prefs.FileSystemPreferences checkLockFile0ErrorCode
2025-06-17 14:03:20,941 [ERROR] LogOutputStream:75 - [STDERR_REDIRECT] WARNING: Could not lock System prefs. Unix error code 2.
2025-06-17 14:03:20,941 [ERROR] LogOutputStream:75 - [STDERR_REDIRECT] 
2025-06-17 14:03:20,941 [ERROR] LogOutputStream:75 - [STDERR_REDIRECT] Jun 17, 2025 2:03:20 PM java.util.prefs.FileSystemPreferences syncWorld
2025-06-17 14:03:20,941 [ERROR] LogOutputStream:75 - [STDERR_REDIRECT] WARNING: Couldn't flush system prefs: java.util.prefs.BackingStoreException: Couldn't get file lock.
2025-06-17 14:03:20,941 [ERROR] LogOutputStream:75 - [STDERR_REDIRECT] 
2025-06-17 14:03:50,940 [ERROR] LogOutputStream:75 - [STDERR_REDIRECT] Jun 17, 2025 2:03:50 PM java.util.prefs.FileSystemPreferences checkLockFile0ErrorCode
2025-06-17 14:03:50,940 [ERROR] LogOutputStream:75 - [STDERR_REDIRECT] WARNING: Could not lock System prefs. Unix error code 2.
2025-06-17 14:03:50,941 [ERROR] LogOutputStream:75 - [STDERR_REDIRECT] 
2025-06-17 14:03:50,941 [ERROR] LogOutputStream:75 - [STDERR_REDIRECT] Jun 17, 2025 2:03:50 PM java.util.prefs.FileSystemPreferences syncWorld
2025-06-17 14:03:50,941 [ERROR] LogOutputStream:75 - [STDERR_REDIRECT] WARNING: Couldn't flush system prefs: java.util.prefs.BackingStoreException: Couldn't get file lock.
2025-06-17 14:03:50,941 [ERROR] LogOutputStream:75 - [STDERR_REDIRECT] 
2025-06-17 14:04:20,940 [ERROR] LogOutputStream:75 - [STDERR_REDIRECT] Jun 17, 2025 2:04:20 PM java.util.prefs.FileSystemPreferences checkLockFile0ErrorCode
2025-06-17 14:04:20,940 [ERROR] LogOutputStream:75 - [STDERR_REDIRECT] WARNING: Could not lock System prefs. Unix error code 2.
2025-06-17 14:04:20,940 [ERROR] LogOutputStream:75 - [STDERR_REDIRECT] 
2025-06-17 14:04:20,941 [ERROR] LogOutputStream:75 - [STDERR_REDIRECT] Jun 17, 2025 2:04:20 PM java.util.prefs.FileSystemPreferences syncWorld
2025-06-17 14:04:20,941 [ERROR] LogOutputStream:75 - [STDERR_REDIRECT] WARNING: Couldn't flush system prefs: java.util.prefs.BackingStoreException: Couldn't get file lock.
2025-06-17 14:04:20,941 [ERROR] LogOutputStream:75 - [STDERR_REDIRECT] 
2025-06-17 14:04:50,940 [ERROR] LogOutputStream:75 - [STDERR_REDIRECT] Jun 17, 2025 2:04:50 PM java.util.prefs.FileSystemPreferences checkLockFile0ErrorCode
2025-06-17 14:04:50,940 [ERROR] LogOutputStream:75 - [STDERR_REDIRECT] WARNING: Could not lock System prefs. Unix error code 2.
2025-06-17 14:04:50,940 [ERROR] LogOutputStream:75 - [STDERR_REDIRECT] 
2025-06-17 14:04:50,940 [ERROR] LogOutputStream:75 - [STDERR_REDIRECT] Jun 17, 2025 2:04:50 PM java.util.prefs.FileSystemPreferences syncWorld
2025-06-17 14:04:50,940 [ERROR] LogOutputStream:75 - [STDERR_REDIRECT] WARNING: Couldn't flush system prefs: java.util.prefs.BackingStoreException: Couldn't get file lock.
2025-06-17 14:04:50,941 [ERROR] LogOutputStream:75 - [STDERR_REDIRECT] 
2025-06-17 14:05:20,940 [ERROR] LogOutputStream:75 - [STDERR_REDIRECT] Jun 17, 2025 2:05:20 PM java.util.prefs.FileSystemPreferences checkLockFile0ErrorCode
2025-06-17 14:05:20,940 [ERROR] LogOutputStream:75 - [STDERR_REDIRECT] WARNING: Could not lock System prefs. Unix error code 2.
2025-06-17 14:05:20,940 [ERROR] LogOutputStream:75 - [STDERR_REDIRECT] 
2025-06-17 14:05:20,941 [ERROR] LogOutputStream:75 - [STDERR_REDIRECT] Jun 17, 2025 2:05:20 PM java.util.prefs.FileSystemPreferences syncWorld
2025-06-17 14:05:20,941 [ERROR] LogOutputStream:75 - [STDERR_REDIRECT] WARNING: Couldn't flush system prefs: java.util.prefs.BackingStoreException: Couldn't get file lock.
2025-06-17 14:05:20,941 [ERROR] LogOutputStream:75 - [STDERR_REDIRECT] 
2025-06-17 14:05:50,940 [ERROR] LogOutputStream:75 - [STDERR_REDIRECT] Jun 17, 2025 2:05:50 PM java.util.prefs.FileSystemPreferences checkLockFile0ErrorCode
2025-06-17 14:05:50,940 [ERROR] LogOutputStream:75 - [STDERR_REDIRECT] WARNING: Could not lock System prefs. Unix error code 2.
2025-06-17 14:05:50,940 [ERROR] LogOutputStream:75 - [STDERR_REDIRECT] 
2025-06-17 14:05:50,941 [ERROR] LogOutputStream:75 - [STDERR_REDIRECT] Jun 17, 2025 2:05:50 PM java.util.prefs.FileSystemPreferences syncWorld
2025-06-17 14:05:50,941 [ERROR] LogOutputStream:75 - [STDERR_REDIRECT] WARNING: Couldn't flush system prefs: java.util.prefs.BackingStoreException: Couldn't get file lock.
2025-06-17 14:05:50,941 [ERROR] LogOutputStream:75 - [STDERR_REDIRECT] 
2025-06-17 14:06:20,940 [ERROR] LogOutputStream:75 - [STDERR_REDIRECT] Jun 17, 2025 2:06:20 PM java.util.prefs.FileSystemPreferences checkLockFile0ErrorCode
2025-06-17 14:06:20,940 [ERROR] LogOutputStream:75 - [STDERR_REDIRECT] WARNING: Could not lock System prefs. Unix error code 2.
2025-06-17 14:06:20,940 [ERROR] LogOutputStream:75 - [STDERR_REDIRECT] 
2025-06-17 14:06:20,940 [ERROR] LogOutputStream:75 - [STDERR_REDIRECT] Jun 17, 2025 2:06:20 PM java.util.prefs.FileSystemPreferences syncWorld
2025-06-17 14:06:20,941 [ERROR] LogOutputStream:75 - [STDERR_REDIRECT] WARNING: Couldn't flush system prefs: java.util.prefs.BackingStoreException: Couldn't get file lock.
2025-06-17 14:06:20,941 [ERROR] LogOutputStream:75 - [STDERR_REDIRECT] 
2025-06-17 14:06:50,941 [ERROR] LogOutputStream:75 - [STDERR_REDIRECT] Jun 17, 2025 2:06:50 PM java.util.prefs.FileSystemPreferences checkLockFile0ErrorCode
2025-06-17 14:06:50,941 [ERROR] LogOutputStream:75 - [STDERR_REDIRECT] WARNING: Could not lock System prefs. Unix error code 2.
2025-06-17 14:06:50,941 [ERROR] LogOutputStream:75 - [STDERR_REDIRECT] 
2025-06-17 14:06:50,941 [ERROR] LogOutputStream:75 - [STDERR_REDIRECT] Jun 17, 2025 2:06:50 PM java.util.prefs.FileSystemPreferences syncWorld
2025-06-17 14:06:50,941 [ERROR] LogOutputStream:75 - [STDERR_REDIRECT] WARNING: Couldn't flush system prefs: java.util.prefs.BackingStoreException: Couldn't get file lock.
2025-06-17 14:06:50,941 [ERROR] LogOutputStream:75 - [STDERR_REDIRECT] 
2025-06-17 14:07:20,940 [ERROR] LogOutputStream:75 - [STDERR_REDIRECT] Jun 17, 2025 2:07:20 PM java.util.prefs.FileSystemPreferences checkLockFile0ErrorCode
2025-06-17 14:07:20,940 [ERROR] LogOutputStream:75 - [STDERR_REDIRECT] WARNING: Could not lock System prefs. Unix error code 2.
2025-06-17 14:07:20,940 [ERROR] LogOutputStream:75 - [STDERR_REDIRECT] 
2025-06-17 14:07:20,940 [ERROR] LogOutputStream:75 - [STDERR_REDIRECT] Jun 17, 2025 2:07:20 PM java.util.prefs.FileSystemPreferences syncWorld
2025-06-17 14:07:20,940 [ERROR] LogOutputStream:75 - [STDERR_REDIRECT] WARNING: Couldn't flush system prefs: java.util.prefs.BackingStoreException: Couldn't get file lock.
2025-06-17 14:07:20,941 [ERROR] LogOutputStream:75 - [STDERR_REDIRECT] 
2025-06-17 14:07:50,941 [ERROR] LogOutputStream:75 - [STDERR_REDIRECT] Jun 17, 2025 2:07:50 PM java.util.prefs.FileSystemPreferences checkLockFile0ErrorCode
2025-06-17 14:07:50,941 [ERROR] LogOutputStream:75 - [STDERR_REDIRECT] WARNING: Could not lock System prefs. Unix error code 2.
2025-06-17 14:07:50,941 [ERROR] LogOutputStream:75 - [STDERR_REDIRECT] 
2025-06-17 14:07:50,941 [ERROR] LogOutputStream:75 - [STDERR_REDIRECT] Jun 17, 2025 2:07:50 PM java.util.prefs.FileSystemPreferences syncWorld
2025-06-17 14:07:50,941 [ERROR] LogOutputStream:75 - [STDERR_REDIRECT] WARNING: Couldn't flush system prefs: java.util.prefs.BackingStoreException: Couldn't get file lock.
2025-06-17 14:07:50,941 [ERROR] LogOutputStream:75 - [STDERR_REDIRECT] 
2025-06-17 14:08:20,942 [ERROR] LogOutputStream:75 - [STDERR_REDIRECT] Jun 17, 2025 2:08:20 PM java.util.prefs.FileSystemPreferences checkLockFile0ErrorCode
2025-06-17 14:08:20,942 [ERROR] LogOutputStream:75 - [STDERR_REDIRECT] WARNING: Could not lock System prefs. Unix error code 2.
2025-06-17 14:08:20,942 [ERROR] LogOutputStream:75 - [STDERR_REDIRECT] 
2025-06-17 14:08:20,943 [ERROR] LogOutputStream:75 - [STDERR_REDIRECT] Jun 17, 2025 2:08:20 PM java.util.prefs.FileSystemPreferences syncWorld
2025-06-17 14:08:20,943 [ERROR] LogOutputStream:75 - [STDERR_REDIRECT] WARNING: Couldn't flush system prefs: java.util.prefs.BackingStoreException: Couldn't get file lock.
2025-06-17 14:08:20,943 [ERROR] LogOutputStream:75 - [STDERR_REDIRECT] 
2025-06-17 14:08:50,942 [ERROR] LogOutputStream:75 - [STDERR_REDIRECT] Jun 17, 2025 2:08:50 PM java.util.prefs.FileSystemPreferences checkLockFile0ErrorCode
2025-06-17 14:08:50,942 [ERROR] LogOutputStream:75 - [STDERR_REDIRECT] WARNING: Could not lock System prefs. Unix error code 2.
2025-06-17 14:08:50,943 [ERROR] LogOutputStream:75 - [STDERR_REDIRECT] 
2025-06-17 14:08:50,943 [ERROR] LogOutputStream:75 - [STDERR_REDIRECT] Jun 17, 2025 2:08:50 PM java.util.prefs.FileSystemPreferences syncWorld
2025-06-17 14:08:50,943 [ERROR] LogOutputStream:75 - [STDERR_REDIRECT] WARNING: Couldn't flush system prefs: java.util.prefs.BackingStoreException: Couldn't get file lock.
2025-06-17 14:08:50,943 [ERROR] LogOutputStream:75 - [STDERR_REDIRECT] 
2025-06-17 14:09:20,941 [ERROR] LogOutputStream:75 - [STDERR_REDIRECT] Jun 17, 2025 2:09:20 PM java.util.prefs.FileSystemPreferences checkLockFile0ErrorCode
2025-06-17 14:09:20,941 [ERROR] LogOutputStream:75 - [STDERR_REDIRECT] WARNING: Could not lock System prefs. Unix error code 2.
2025-06-17 14:09:20,941 [ERROR] LogOutputStream:75 - [STDERR_REDIRECT] 
2025-06-17 14:09:20,941 [ERROR] LogOutputStream:75 - [STDERR_REDIRECT] Jun 17, 2025 2:09:20 PM java.util.prefs.FileSystemPreferences syncWorld
2025-06-17 14:09:20,941 [ERROR] LogOutputStream:75 - [STDERR_REDIRECT] WARNING: Couldn't flush system prefs: java.util.prefs.BackingStoreException: Couldn't get file lock.
2025-06-17 14:09:20,941 [ERROR] LogOutputStream:75 - [STDERR_REDIRECT] 
2025-06-17 14:09:50,942 [ERROR] LogOutputStream:75 - [STDERR_REDIRECT] Jun 17, 2025 2:09:50 PM java.util.prefs.FileSystemPreferences checkLockFile0ErrorCode
2025-06-17 14:09:50,942 [ERROR] LogOutputStream:75 - [STDERR_REDIRECT] WARNING: Could not lock System prefs. Unix error code 2.
2025-06-17 14:09:50,942 [ERROR] LogOutputStream:75 - [STDERR_REDIRECT] 
2025-06-17 14:09:50,943 [ERROR] LogOutputStream:75 - [STDERR_REDIRECT] Jun 17, 2025 2:09:50 PM java.util.prefs.FileSystemPreferences syncWorld
2025-06-17 14:09:50,943 [ERROR] LogOutputStream:75 - [STDERR_REDIRECT] WARNING: Couldn't flush system prefs: java.util.prefs.BackingStoreException: Couldn't get file lock.
2025-06-17 14:09:50,943 [ERROR] LogOutputStream:75 - [STDERR_REDIRECT] 
2025-06-17 14:10:20,942 [ERROR] LogOutputStream:75 - [STDERR_REDIRECT] Jun 17, 2025 2:10:20 PM java.util.prefs.FileSystemPreferences checkLockFile0ErrorCode
2025-06-17 14:10:20,943 [ERROR] LogOutputStream:75 - [STDERR_REDIRECT] WARNING: Could not lock System prefs. Unix error code 2.
2025-06-17 14:10:20,943 [ERROR] LogOutputStream:75 - [STDERR_REDIRECT] 
2025-06-17 14:10:20,943 [ERROR] LogOutputStream:75 - [STDERR_REDIRECT] Jun 17, 2025 2:10:20 PM java.util.prefs.FileSystemPreferences syncWorld
2025-06-17 14:10:20,943 [ERROR] LogOutputStream:75 - [STDERR_REDIRECT] WARNING: Couldn't flush system prefs: java.util.prefs.BackingStoreException: Couldn't get file lock.
2025-06-17 14:10:20,943 [ERROR] LogOutputStream:75 - [STDERR_REDIRECT] 
2025-06-17 14:10:50,943 [ERROR] LogOutputStream:75 - [STDERR_REDIRECT] Jun 17, 2025 2:10:50 PM java.util.prefs.FileSystemPreferences checkLockFile0ErrorCode
2025-06-17 14:10:50,943 [ERROR] LogOutputStream:75 - [STDERR_REDIRECT] WARNING: Could not lock System prefs. Unix error code 2.
2025-06-17 14:10:50,943 [ERROR] LogOutputStream:75 - [STDERR_REDIRECT] 
2025-06-17 14:10:50,943 [ERROR] LogOutputStream:75 - [STDERR_REDIRECT] Jun 17, 2025 2:10:50 PM java.util.prefs.FileSystemPreferences syncWorld
2025-06-17 14:10:50,943 [ERROR] LogOutputStream:75 - [STDERR_REDIRECT] WARNING: Couldn't flush system prefs: java.util.prefs.BackingStoreException: Couldn't get file lock.
2025-06-17 14:10:50,943 [ERROR] LogOutputStream:75 - [STDERR_REDIRECT] 
2025-06-17 14:11:20,943 [ERROR] LogOutputStream:75 - [STDERR_REDIRECT] Jun 17, 2025 2:11:20 PM java.util.prefs.FileSystemPreferences checkLockFile0ErrorCode
2025-06-17 14:11:20,943 [ERROR] LogOutputStream:75 - [STDERR_REDIRECT] WARNING: Could not lock System prefs. Unix error code 2.
2025-06-17 14:11:20,943 [ERROR] LogOutputStream:75 - [STDERR_REDIRECT] 
2025-06-17 14:11:20,943 [ERROR] LogOutputStream:75 - [STDERR_REDIRECT] Jun 17, 2025 2:11:20 PM java.util.prefs.FileSystemPreferences syncWorld
2025-06-17 14:11:20,943 [ERROR] LogOutputStream:75 - [STDERR_REDIRECT] WARNING: Couldn't flush system prefs: java.util.prefs.BackingStoreException: Couldn't get file lock.
2025-06-17 14:11:20,943 [ERROR] LogOutputStream:75 - [STDERR_REDIRECT] 
2025-06-17 14:11:50,942 [ERROR] LogOutputStream:75 - [STDERR_REDIRECT] Jun 17, 2025 2:11:50 PM java.util.prefs.FileSystemPreferences checkLockFile0ErrorCode
2025-06-17 14:11:50,942 [ERROR] LogOutputStream:75 - [STDERR_REDIRECT] WARNING: Could not lock System prefs. Unix error code 2.
2025-06-17 14:11:50,942 [ERROR] LogOutputStream:75 - [STDERR_REDIRECT] 
2025-06-17 14:11:50,942 [ERROR] LogOutputStream:75 - [STDERR_REDIRECT] Jun 17, 2025 2:11:50 PM java.util.prefs.FileSystemPreferences syncWorld
2025-06-17 14:11:50,942 [ERROR] LogOutputStream:75 - [STDERR_REDIRECT] WARNING: Couldn't flush system prefs: java.util.prefs.BackingStoreException: Couldn't get file lock.
2025-06-17 14:11:50,942 [ERROR] LogOutputStream:75 - [STDERR_REDIRECT] 
2025-06-17 14:12:20,943 [ERROR] LogOutputStream:75 - [STDERR_REDIRECT] Jun 17, 2025 2:12:20 PM java.util.prefs.FileSystemPreferences checkLockFile0ErrorCode
2025-06-17 14:12:20,944 [ERROR] LogOutputStream:75 - [STDERR_REDIRECT] WARNING: Could not lock System prefs. Unix error code 2.
2025-06-17 14:12:20,944 [ERROR] LogOutputStream:75 - [STDERR_REDIRECT] 
2025-06-17 14:12:20,944 [ERROR] LogOutputStream:75 - [STDERR_REDIRECT] Jun 17, 2025 2:12:20 PM java.util.prefs.FileSystemPreferences syncWorld
2025-06-17 14:12:20,944 [ERROR] LogOutputStream:75 - [STDERR_REDIRECT] WARNING: Couldn't flush system prefs: java.util.prefs.BackingStoreException: Couldn't get file lock.
2025-06-17 14:12:20,944 [ERROR] LogOutputStream:75 - [STDERR_REDIRECT] 
2025-06-17 14:12:50,944 [ERROR] LogOutputStream:75 - [STDERR_REDIRECT] Jun 17, 2025 2:12:50 PM java.util.prefs.FileSystemPreferences checkLockFile0ErrorCode
2025-06-17 14:12:50,944 [ERROR] LogOutputStream:75 - [STDERR_REDIRECT] WARNING: Could not lock System prefs. Unix error code 2.
2025-06-17 14:12:50,944 [ERROR] LogOutputStream:75 - [STDERR_REDIRECT] 
2025-06-17 14:12:50,945 [ERROR] LogOutputStream:75 - [STDERR_REDIRECT] Jun 17, 2025 2:12:50 PM java.util.prefs.FileSystemPreferences syncWorld
2025-06-17 14:12:50,945 [ERROR] LogOutputStream:75 - [STDERR_REDIRECT] WARNING: Couldn't flush system prefs: java.util.prefs.BackingStoreException: Couldn't get file lock.
2025-06-17 14:12:50,945 [ERROR] LogOutputStream:75 - [STDERR_REDIRECT] 
2025-06-17 14:13:20,943 [ERROR] LogOutputStream:75 - [STDERR_REDIRECT] Jun 17, 2025 2:13:20 PM java.util.prefs.FileSystemPreferences checkLockFile0ErrorCode
2025-06-17 14:13:20,943 [ERROR] LogOutputStream:75 - [STDERR_REDIRECT] WARNING: Could not lock System prefs. Unix error code 2.
2025-06-17 14:13:20,943 [ERROR] LogOutputStream:75 - [STDERR_REDIRECT] 
2025-06-17 14:13:20,943 [ERROR] LogOutputStream:75 - [STDERR_REDIRECT] Jun 17, 2025 2:13:20 PM java.util.prefs.FileSystemPreferences syncWorld
2025-06-17 14:13:20,943 [ERROR] LogOutputStream:75 - [STDERR_REDIRECT] WARNING: Couldn't flush system prefs: java.util.prefs.BackingStoreException: Couldn't get file lock.
2025-06-17 14:13:20,943 [ERROR] LogOutputStream:75 - [STDERR_REDIRECT] 
2025-06-17 14:13:50,945 [ERROR] LogOutputStream:75 - [STDERR_REDIRECT] Jun 17, 2025 2:13:50 PM java.util.prefs.FileSystemPreferences checkLockFile0ErrorCode
2025-06-17 14:13:50,945 [ERROR] LogOutputStream:75 - [STDERR_REDIRECT] WARNING: Could not lock System prefs. Unix error code 2.
2025-06-17 14:13:50,945 [ERROR] LogOutputStream:75 - [STDERR_REDIRECT] 
2025-06-17 14:13:50,945 [ERROR] LogOutputStream:75 - [STDERR_REDIRECT] Jun 17, 2025 2:13:50 PM java.util.prefs.FileSystemPreferences syncWorld
2025-06-17 14:13:50,946 [ERROR] LogOutputStream:75 - [STDERR_REDIRECT] WARNING: Couldn't flush system prefs: java.util.prefs.BackingStoreException: Couldn't get file lock.
2025-06-17 14:13:50,946 [ERROR] LogOutputStream:75 - [STDERR_REDIRECT] 
2025-06-17 14:14:20,945 [ERROR] LogOutputStream:75 - [STDERR_REDIRECT] Jun 17, 2025 2:14:20 PM java.util.prefs.FileSystemPreferences checkLockFile0ErrorCode
2025-06-17 14:14:20,945 [ERROR] LogOutputStream:75 - [STDERR_REDIRECT] WARNING: Could not lock System prefs. Unix error code 2.
2025-06-17 14:14:20,945 [ERROR] LogOutputStream:75 - [STDERR_REDIRECT] 
2025-06-17 14:14:20,945 [ERROR] LogOutputStream:75 - [STDERR_REDIRECT] Jun 17, 2025 2:14:20 PM java.util.prefs.FileSystemPreferences syncWorld
2025-06-17 14:14:20,946 [ERROR] LogOutputStream:75 - [STDERR_REDIRECT] WARNING: Couldn't flush system prefs: java.util.prefs.BackingStoreException: Couldn't get file lock.
2025-06-17 14:14:20,946 [ERROR] LogOutputStream:75 - [STDERR_REDIRECT] 
2025-06-17 14:14:50,945 [ERROR] LogOutputStream:75 - [STDERR_REDIRECT] Jun 17, 2025 2:14:50 PM java.util.prefs.FileSystemPreferences checkLockFile0ErrorCode
2025-06-17 14:14:50,945 [ERROR] LogOutputStream:75 - [STDERR_REDIRECT] WARNING: Could not lock System prefs. Unix error code 2.
2025-06-17 14:14:50,945 [ERROR] LogOutputStream:75 - [STDERR_REDIRECT] 
2025-06-17 14:14:50,945 [ERROR] LogOutputStream:75 - [STDERR_REDIRECT] Jun 17, 2025 2:14:50 PM java.util.prefs.FileSystemPreferences syncWorld
2025-06-17 14:14:50,945 [ERROR] LogOutputStream:75 - [STDERR_REDIRECT] WARNING: Couldn't flush system prefs: java.util.prefs.BackingStoreException: Couldn't get file lock.
2025-06-17 14:14:50,945 [ERROR] LogOutputStream:75 - [STDERR_REDIRECT] 
2025-06-17 14:15:20,945 [ERROR] LogOutputStream:75 - [STDERR_REDIRECT] Jun 17, 2025 2:15:20 PM java.util.prefs.FileSystemPreferences checkLockFile0ErrorCode
2025-06-17 14:15:20,946 [ERROR] LogOutputStream:75 - [STDERR_REDIRECT] WARNING: Could not lock System prefs. Unix error code 2.
2025-06-17 14:15:20,946 [ERROR] LogOutputStream:75 - [STDERR_REDIRECT] 
2025-06-17 14:15:20,946 [ERROR] LogOutputStream:75 - [STDERR_REDIRECT] Jun 17, 2025 2:15:20 PM java.util.prefs.FileSystemPreferences syncWorld
2025-06-17 14:15:20,946 [ERROR] LogOutputStream:75 - [STDERR_REDIRECT] WARNING: Couldn't flush system prefs: java.util.prefs.BackingStoreException: Couldn't get file lock.
2025-06-17 14:15:20,946 [ERROR] LogOutputStream:75 - [STDERR_REDIRECT] 
2025-06-17 14:15:50,945 [ERROR] LogOutputStream:75 - [STDERR_REDIRECT] Jun 17, 2025 2:15:50 PM java.util.prefs.FileSystemPreferences checkLockFile0ErrorCode
2025-06-17 14:15:50,945 [ERROR] LogOutputStream:75 - [STDERR_REDIRECT] WARNING: Could not lock System prefs. Unix error code 2.
2025-06-17 14:15:50,945 [ERROR] LogOutputStream:75 - [STDERR_REDIRECT] 
2025-06-17 14:15:50,945 [ERROR] LogOutputStream:75 - [STDERR_REDIRECT] Jun 17, 2025 2:15:50 PM java.util.prefs.FileSystemPreferences syncWorld
2025-06-17 14:15:50,945 [ERROR] LogOutputStream:75 - [STDERR_REDIRECT] WARNING: Couldn't flush system prefs: java.util.prefs.BackingStoreException: Couldn't get file lock.
2025-06-17 14:15:50,945 [ERROR] LogOutputStream:75 - [STDERR_REDIRECT] 
2025-06-17 14:16:20,946 [ERROR] LogOutputStream:75 - [STDERR_REDIRECT] Jun 17, 2025 2:16:20 PM java.util.prefs.FileSystemPreferences checkLockFile0ErrorCode
2025-06-17 14:16:20,946 [ERROR] LogOutputStream:75 - [STDERR_REDIRECT] WARNING: Could not lock System prefs. Unix error code 2.
2025-06-17 14:16:20,946 [ERROR] LogOutputStream:75 - [STDERR_REDIRECT] 
2025-06-17 14:16:20,947 [ERROR] LogOutputStream:75 - [STDERR_REDIRECT] Jun 17, 2025 2:16:20 PM java.util.prefs.FileSystemPreferences syncWorld
2025-06-17 14:16:20,947 [ERROR] LogOutputStream:75 - [STDERR_REDIRECT] WARNING: Couldn't flush system prefs: java.util.prefs.BackingStoreException: Couldn't get file lock.
2025-06-17 14:16:20,947 [ERROR] LogOutputStream:75 - [STDERR_REDIRECT] 
2025-06-17 14:16:50,945 [ERROR] LogOutputStream:75 - [STDERR_REDIRECT] Jun 17, 2025 2:16:50 PM java.util.prefs.FileSystemPreferences checkLockFile0ErrorCode
2025-06-17 14:16:50,945 [ERROR] LogOutputStream:75 - [STDERR_REDIRECT] WARNING: Could not lock System prefs. Unix error code 2.
2025-06-17 14:16:50,945 [ERROR] LogOutputStream:75 - [STDERR_REDIRECT] 
2025-06-17 14:16:50,945 [ERROR] LogOutputStream:75 - [STDERR_REDIRECT] Jun 17, 2025 2:16:50 PM java.util.prefs.FileSystemPreferences syncWorld
2025-06-17 14:16:50,945 [ERROR] LogOutputStream:75 - [STDERR_REDIRECT] WARNING: Couldn't flush system prefs: java.util.prefs.BackingStoreException: Couldn't get file lock.
2025-06-17 14:16:50,945 [ERROR] LogOutputStream:75 - [STDERR_REDIRECT] 
2025-06-17 14:17:20,946 [ERROR] LogOutputStream:75 - [STDERR_REDIRECT] Jun 17, 2025 2:17:20 PM java.util.prefs.FileSystemPreferences checkLockFile0ErrorCode
2025-06-17 14:17:20,946 [ERROR] LogOutputStream:75 - [STDERR_REDIRECT] WARNING: Could not lock System prefs. Unix error code 2.
2025-06-17 14:17:20,946 [ERROR] LogOutputStream:75 - [STDERR_REDIRECT] 
2025-06-17 14:17:20,946 [ERROR] LogOutputStream:75 - [STDERR_REDIRECT] Jun 17, 2025 2:17:20 PM java.util.prefs.FileSystemPreferences syncWorld
2025-06-17 14:17:20,946 [ERROR] LogOutputStream:75 - [STDERR_REDIRECT] WARNING: Couldn't flush system prefs: java.util.prefs.BackingStoreException: Couldn't get file lock.
2025-06-17 14:17:20,946 [ERROR] LogOutputStream:75 - [STDERR_REDIRECT] 
2025-06-17 14:17:50,945 [ERROR] LogOutputStream:75 - [STDERR_REDIRECT] Jun 17, 2025 2:17:50 PM java.util.prefs.FileSystemPreferences checkLockFile0ErrorCode
2025-06-17 14:17:50,945 [ERROR] LogOutputStream:75 - [STDERR_REDIRECT] WARNING: Could not lock System prefs. Unix error code 2.
2025-06-17 14:17:50,945 [ERROR] LogOutputStream:75 - [STDERR_REDIRECT] 
2025-06-17 14:17:50,946 [ERROR] LogOutputStream:75 - [STDERR_REDIRECT] Jun 17, 2025 2:17:50 PM java.util.prefs.FileSystemPreferences syncWorld
2025-06-17 14:17:50,946 [ERROR] LogOutputStream:75 - [STDERR_REDIRECT] WARNING: Couldn't flush system prefs: java.util.prefs.BackingStoreException: Couldn't get file lock.
2025-06-17 14:17:50,946 [ERROR] LogOutputStream:75 - [STDERR_REDIRECT] 
2025-06-17 14:18:20,945 [ERROR] LogOutputStream:75 - [STDERR_REDIRECT] Jun 17, 2025 2:18:20 PM java.util.prefs.FileSystemPreferences checkLockFile0ErrorCode
2025-06-17 14:18:20,945 [ERROR] LogOutputStream:75 - [STDERR_REDIRECT] WARNING: Could not lock System prefs. Unix error code 2.
2025-06-17 14:18:20,945 [ERROR] LogOutputStream:75 - [STDERR_REDIRECT] 
2025-06-17 14:18:20,945 [ERROR] LogOutputStream:75 - [STDERR_REDIRECT] Jun 17, 2025 2:18:20 PM java.util.prefs.FileSystemPreferences syncWorld
2025-06-17 14:18:20,946 [ERROR] LogOutputStream:75 - [STDERR_REDIRECT] WARNING: Couldn't flush system prefs: java.util.prefs.BackingStoreException: Couldn't get file lock.
2025-06-17 14:18:20,946 [ERROR] LogOutputStream:75 - [STDERR_REDIRECT] 
2025-06-17 14:18:50,945 [ERROR] LogOutputStream:75 - [STDERR_REDIRECT] Jun 17, 2025 2:18:50 PM java.util.prefs.FileSystemPreferences checkLockFile0ErrorCode
2025-06-17 14:18:50,946 [ERROR] LogOutputStream:75 - [STDERR_REDIRECT] WARNING: Could not lock System prefs. Unix error code 2.
2025-06-17 14:18:50,946 [ERROR] LogOutputStream:75 - [STDERR_REDIRECT] 
2025-06-17 14:18:50,946 [ERROR] LogOutputStream:75 - [STDERR_REDIRECT] Jun 17, 2025 2:18:50 PM java.util.prefs.FileSystemPreferences syncWorld
2025-06-17 14:18:50,946 [ERROR] LogOutputStream:75 - [STDERR_REDIRECT] WARNING: Couldn't flush system prefs: java.util.prefs.BackingStoreException: Couldn't get file lock.
2025-06-17 14:18:50,946 [ERROR] LogOutputStream:75 - [STDERR_REDIRECT] 
2025-06-17 14:19:20,946 [ERROR] LogOutputStream:75 - [STDERR_REDIRECT] Jun 17, 2025 2:19:20 PM java.util.prefs.FileSystemPreferences checkLockFile0ErrorCode
2025-06-17 14:19:20,947 [ERROR] LogOutputStream:75 - [STDERR_REDIRECT] WARNING: Could not lock System prefs. Unix error code 2.
2025-06-17 14:19:20,947 [ERROR] LogOutputStream:75 - [STDERR_REDIRECT] 
2025-06-17 14:19:20,947 [ERROR] LogOutputStream:75 - [STDERR_REDIRECT] Jun 17, 2025 2:19:20 PM java.util.prefs.FileSystemPreferences syncWorld
2025-06-17 14:19:20,947 [ERROR] LogOutputStream:75 - [STDERR_REDIRECT] WARNING: Couldn't flush system prefs: java.util.prefs.BackingStoreException: Couldn't get file lock.
2025-06-17 14:19:20,947 [ERROR] LogOutputStream:75 - [STDERR_REDIRECT] 
2025-06-17 14:19:50,945 [ERROR] LogOutputStream:75 - [STDERR_REDIRECT] Jun 17, 2025 2:19:50 PM java.util.prefs.FileSystemPreferences checkLockFile0ErrorCode
2025-06-17 14:19:50,945 [ERROR] LogOutputStream:75 - [STDERR_REDIRECT] WARNING: Could not lock System prefs. Unix error code 2.
2025-06-17 14:19:50,945 [ERROR] LogOutputStream:75 - [STDERR_REDIRECT] 
2025-06-17 14:19:50,945 [ERROR] LogOutputStream:75 - [STDERR_REDIRECT] Jun 17, 2025 2:19:50 PM java.util.prefs.FileSystemPreferences syncWorld
2025-06-17 14:19:50,945 [ERROR] LogOutputStream:75 - [STDERR_REDIRECT] WARNING: Couldn't flush system prefs: java.util.prefs.BackingStoreException: Couldn't get file lock.
2025-06-17 14:19:50,945 [ERROR] LogOutputStream:75 - [STDERR_REDIRECT] 
2025-06-17 14:20:20,945 [ERROR] LogOutputStream:75 - [STDERR_REDIRECT] Jun 17, 2025 2:20:20 PM java.util.prefs.FileSystemPreferences checkLockFile0ErrorCode
2025-06-17 14:20:20,945 [ERROR] LogOutputStream:75 - [STDERR_REDIRECT] WARNING: Could not lock System prefs. Unix error code 2.
2025-06-17 14:20:20,945 [ERROR] LogOutputStream:75 - [STDERR_REDIRECT] 
2025-06-17 14:20:20,946 [ERROR] LogOutputStream:75 - [STDERR_REDIRECT] Jun 17, 2025 2:20:20 PM java.util.prefs.FileSystemPreferences syncWorld
2025-06-17 14:20:20,946 [ERROR] LogOutputStream:75 - [STDERR_REDIRECT] WARNING: Couldn't flush system prefs: java.util.prefs.BackingStoreException: Couldn't get file lock.
2025-06-17 14:20:20,946 [ERROR] LogOutputStream:75 - [STDERR_REDIRECT] 
2025-06-17 14:20:50,945 [ERROR] LogOutputStream:75 - [STDERR_REDIRECT] Jun 17, 2025 2:20:50 PM java.util.prefs.FileSystemPreferences checkLockFile0ErrorCode
2025-06-17 14:20:50,945 [ERROR] LogOutputStream:75 - [STDERR_REDIRECT] WARNING: Could not lock System prefs. Unix error code 2.
2025-06-17 14:20:50,945 [ERROR] LogOutputStream:75 - [STDERR_REDIRECT] 
2025-06-17 14:20:50,946 [ERROR] LogOutputStream:75 - [STDERR_REDIRECT] Jun 17, 2025 2:20:50 PM java.util.prefs.FileSystemPreferences syncWorld
2025-06-17 14:20:50,946 [ERROR] LogOutputStream:75 - [STDERR_REDIRECT] WARNING: Couldn't flush system prefs: java.util.prefs.BackingStoreException: Couldn't get file lock.
2025-06-17 14:20:50,946 [ERROR] LogOutputStream:75 - [STDERR_REDIRECT] 
2025-06-17 14:21:20,945 [ERROR] LogOutputStream:75 - [STDERR_REDIRECT] Jun 17, 2025 2:21:20 PM java.util.prefs.FileSystemPreferences checkLockFile0ErrorCode
2025-06-17 14:21:20,945 [ERROR] LogOutputStream:75 - [STDERR_REDIRECT] WARNING: Could not lock System prefs. Unix error code 2.
2025-06-17 14:21:20,945 [ERROR] LogOutputStream:75 - [STDERR_REDIRECT] 
2025-06-17 14:21:20,945 [ERROR] LogOutputStream:75 - [STDERR_REDIRECT] Jun 17, 2025 2:21:20 PM java.util.prefs.FileSystemPreferences syncWorld
2025-06-17 14:21:20,945 [ERROR] LogOutputStream:75 - [STDERR_REDIRECT] WARNING: Couldn't flush system prefs: java.util.prefs.BackingStoreException: Couldn't get file lock.
2025-06-17 14:21:20,945 [ERROR] LogOutputStream:75 - [STDERR_REDIRECT] 
2025-06-17 14:21:50,946 [ERROR] LogOutputStream:75 - [STDERR_REDIRECT] Jun 17, 2025 2:21:50 PM java.util.prefs.FileSystemPreferences checkLockFile0ErrorCode
2025-06-17 14:21:50,946 [ERROR] LogOutputStream:75 - [STDERR_REDIRECT] WARNING: Could not lock System prefs. Unix error code 2.
2025-06-17 14:21:50,946 [ERROR] LogOutputStream:75 - [STDERR_REDIRECT] 
2025-06-17 14:21:50,946 [ERROR] LogOutputStream:75 - [STDERR_REDIRECT] Jun 17, 2025 2:21:50 PM java.util.prefs.FileSystemPreferences syncWorld
2025-06-17 14:21:50,947 [ERROR] LogOutputStream:75 - [STDERR_REDIRECT] WARNING: Couldn't flush system prefs: java.util.prefs.BackingStoreException: Couldn't get file lock.
2025-06-17 14:21:50,947 [ERROR] LogOutputStream:75 - [STDERR_REDIRECT] 
2025-06-17 14:22:20,947 [ERROR] LogOutputStream:75 - [STDERR_REDIRECT] Jun 17, 2025 2:22:20 PM java.util.prefs.FileSystemPreferences checkLockFile0ErrorCode
2025-06-17 14:22:20,947 [ERROR] LogOutputStream:75 - [STDERR_REDIRECT] WARNING: Could not lock System prefs. Unix error code 2.
2025-06-17 14:22:20,947 [ERROR] LogOutputStream:75 - [STDERR_REDIRECT] 
2025-06-17 14:22:20,947 [ERROR] LogOutputStream:75 - [STDERR_REDIRECT] Jun 17, 2025 2:22:20 PM java.util.prefs.FileSystemPreferences syncWorld
2025-06-17 14:22:20,948 [ERROR] LogOutputStream:75 - [STDERR_REDIRECT] WARNING: Couldn't flush system prefs: java.util.prefs.BackingStoreException: Couldn't get file lock.
2025-06-17 14:22:20,948 [ERROR] LogOutputStream:75 - [STDERR_REDIRECT] 
2025-06-17 14:22:50,947 [ERROR] LogOutputStream:75 - [STDERR_REDIRECT] Jun 17, 2025 2:22:50 PM java.util.prefs.FileSystemPreferences checkLockFile0ErrorCode
2025-06-17 14:22:50,947 [ERROR] LogOutputStream:75 - [STDERR_REDIRECT] WARNING: Could not lock System prefs. Unix error code 2.
2025-06-17 14:22:50,948 [ERROR] LogOutputStream:75 - [STDERR_REDIRECT] 
2025-06-17 14:22:50,948 [ERROR] LogOutputStream:75 - [STDERR_REDIRECT] Jun 17, 2025 2:22:50 PM java.util.prefs.FileSystemPreferences syncWorld
2025-06-17 14:22:50,948 [ERROR] LogOutputStream:75 - [STDERR_REDIRECT] WARNING: Couldn't flush system prefs: java.util.prefs.BackingStoreException: Couldn't get file lock.
2025-06-17 14:22:50,948 [ERROR] LogOutputStream:75 - [STDERR_REDIRECT] 
2025-06-17 14:23:20,947 [ERROR] LogOutputStream:75 - [STDERR_REDIRECT] Jun 17, 2025 2:23:20 PM java.util.prefs.FileSystemPreferences checkLockFile0ErrorCode
2025-06-17 14:23:20,947 [ERROR] LogOutputStream:75 - [STDERR_REDIRECT] WARNING: Could not lock System prefs. Unix error code 2.
2025-06-17 14:23:20,947 [ERROR] LogOutputStream:75 - [STDERR_REDIRECT] 
2025-06-17 14:23:20,947 [ERROR] LogOutputStream:75 - [STDERR_REDIRECT] Jun 17, 2025 2:23:20 PM java.util.prefs.FileSystemPreferences syncWorld
2025-06-17 14:23:20,947 [ERROR] LogOutputStream:75 - [STDERR_REDIRECT] WARNING: Couldn't flush system prefs: java.util.prefs.BackingStoreException: Couldn't get file lock.
2025-06-17 14:23:20,947 [ERROR] LogOutputStream:75 - [STDERR_REDIRECT] 
2025-06-17 14:23:50,947 [ERROR] LogOutputStream:75 - [STDERR_REDIRECT] Jun 17, 2025 2:23:50 PM java.util.prefs.FileSystemPreferences checkLockFile0ErrorCode
2025-06-17 14:23:50,947 [ERROR] LogOutputStream:75 - [STDERR_REDIRECT] WARNING: Could not lock System prefs. Unix error code 2.
2025-06-17 14:23:50,947 [ERROR] LogOutputStream:75 - [STDERR_REDIRECT] 
2025-06-17 14:23:50,947 [ERROR] LogOutputStream:75 - [STDERR_REDIRECT] Jun 17, 2025 2:23:50 PM java.util.prefs.FileSystemPreferences syncWorld
2025-06-17 14:23:50,947 [ERROR] LogOutputStream:75 - [STDERR_REDIRECT] WARNING: Couldn't flush system prefs: java.util.prefs.BackingStoreException: Couldn't get file lock.
2025-06-17 14:23:50,947 [ERROR] LogOutputStream:75 - [STDERR_REDIRECT] 
2025-06-17 14:24:20,948 [ERROR] LogOutputStream:75 - [STDERR_REDIRECT] Jun 17, 2025 2:24:20 PM java.util.prefs.FileSystemPreferences checkLockFile0ErrorCode
2025-06-17 14:24:20,948 [ERROR] LogOutputStream:75 - [STDERR_REDIRECT] WARNING: Could not lock System prefs. Unix error code 2.
2025-06-17 14:24:20,948 [ERROR] LogOutputStream:75 - [STDERR_REDIRECT] 
2025-06-17 14:24:20,948 [ERROR] LogOutputStream:75 - [STDERR_REDIRECT] Jun 17, 2025 2:24:20 PM java.util.prefs.FileSystemPreferences syncWorld
2025-06-17 14:24:20,948 [ERROR] LogOutputStream:75 - [STDERR_REDIRECT] WARNING: Couldn't flush system prefs: java.util.prefs.BackingStoreException: Couldn't get file lock.
2025-06-17 14:24:20,948 [ERROR] LogOutputStream:75 - [STDERR_REDIRECT] 
2025-06-17 14:24:50,947 [ERROR] LogOutputStream:75 - [STDERR_REDIRECT] Jun 17, 2025 2:24:50 PM java.util.prefs.FileSystemPreferences checkLockFile0ErrorCode
2025-06-17 14:24:50,947 [ERROR] LogOutputStream:75 - [STDERR_REDIRECT] WARNING: Could not lock System prefs. Unix error code 2.
2025-06-17 14:24:50,947 [ERROR] LogOutputStream:75 - [STDERR_REDIRECT] 
2025-06-17 14:24:50,947 [ERROR] LogOutputStream:75 - [STDERR_REDIRECT] Jun 17, 2025 2:24:50 PM java.util.prefs.FileSystemPreferences syncWorld
2025-06-17 14:24:50,947 [ERROR] LogOutputStream:75 - [STDERR_REDIRECT] WARNING: Couldn't flush system prefs: java.util.prefs.BackingStoreException: Couldn't get file lock.
2025-06-17 14:24:50,947 [ERROR] LogOutputStream:75 - [STDERR_REDIRECT] 
2025-06-17 14:25:20,948 [ERROR] LogOutputStream:75 - [STDERR_REDIRECT] Jun 17, 2025 2:25:20 PM java.util.prefs.FileSystemPreferences checkLockFile0ErrorCode
2025-06-17 14:25:20,948 [ERROR] LogOutputStream:75 - [STDERR_REDIRECT] WARNING: Could not lock System prefs. Unix error code 2.
2025-06-17 14:25:20,948 [ERROR] LogOutputStream:75 - [STDERR_REDIRECT] 
2025-06-17 14:25:20,948 [ERROR] LogOutputStream:75 - [STDERR_REDIRECT] Jun 17, 2025 2:25:20 PM java.util.prefs.FileSystemPreferences syncWorld
2025-06-17 14:25:20,948 [ERROR] LogOutputStream:75 - [STDERR_REDIRECT] WARNING: Couldn't flush system prefs: java.util.prefs.BackingStoreException: Couldn't get file lock.
2025-06-17 14:25:20,948 [ERROR] LogOutputStream:75 - [STDERR_REDIRECT] 
2025-06-17 14:25:50,948 [ERROR] LogOutputStream:75 - [STDERR_REDIRECT] Jun 17, 2025 2:25:50 PM java.util.prefs.FileSystemPreferences checkLockFile0ErrorCode
2025-06-17 14:25:50,948 [ERROR] LogOutputStream:75 - [STDERR_REDIRECT] WARNING: Could not lock System prefs. Unix error code 2.
2025-06-17 14:25:50,948 [ERROR] LogOutputStream:75 - [STDERR_REDIRECT] 
2025-06-17 14:25:50,948 [ERROR] LogOutputStream:75 - [STDERR_REDIRECT] Jun 17, 2025 2:25:50 PM java.util.prefs.FileSystemPreferences syncWorld
2025-06-17 14:25:50,948 [ERROR] LogOutputStream:75 - [STDERR_REDIRECT] WARNING: Couldn't flush system prefs: java.util.prefs.BackingStoreException: Couldn't get file lock.
2025-06-17 14:25:50,948 [ERROR] LogOutputStream:75 - [STDERR_REDIRECT] 
2025-06-17 14:26:20,949 [ERROR] LogOutputStream:75 - [STDERR_REDIRECT] Jun 17, 2025 2:26:20 PM java.util.prefs.FileSystemPreferences checkLockFile0ErrorCode
2025-06-17 14:26:20,949 [ERROR] LogOutputStream:75 - [STDERR_REDIRECT] WARNING: Could not lock System prefs. Unix error code 2.
2025-06-17 14:26:20,949 [ERROR] LogOutputStream:75 - [STDERR_REDIRECT] 
2025-06-17 14:26:20,950 [ERROR] LogOutputStream:75 - [STDERR_REDIRECT] Jun 17, 2025 2:26:20 PM java.util.prefs.FileSystemPreferences syncWorld
2025-06-17 14:26:20,950 [ERROR] LogOutputStream:75 - [STDERR_REDIRECT] WARNING: Couldn't flush system prefs: java.util.prefs.BackingStoreException: Couldn't get file lock.
2025-06-17 14:26:20,950 [ERROR] LogOutputStream:75 - [STDERR_REDIRECT] 
2025-06-17 14:26:50,949 [ERROR] LogOutputStream:75 - [STDERR_REDIRECT] Jun 17, 2025 2:26:50 PM java.util.prefs.FileSystemPreferences checkLockFile0ErrorCode
2025-06-17 14:26:50,949 [ERROR] LogOutputStream:75 - [STDERR_REDIRECT] WARNING: Could not lock System prefs. Unix error code 2.
2025-06-17 14:26:50,949 [ERROR] LogOutputStream:75 - [STDERR_REDIRECT] 
2025-06-17 14:26:50,949 [ERROR] LogOutputStream:75 - [STDERR_REDIRECT] Jun 17, 2025 2:26:50 PM java.util.prefs.FileSystemPreferences syncWorld
2025-06-17 14:26:50,949 [ERROR] LogOutputStream:75 - [STDERR_REDIRECT] WARNING: Couldn't flush system prefs: java.util.prefs.BackingStoreException: Couldn't get file lock.
2025-06-17 14:26:50,950 [ERROR] LogOutputStream:75 - [STDERR_REDIRECT] 
2025-06-17 14:27:20,949 [ERROR] LogOutputStream:75 - [STDERR_REDIRECT] Jun 17, 2025 2:27:20 PM java.util.prefs.FileSystemPreferences checkLockFile0ErrorCode
2025-06-17 14:27:20,949 [ERROR] LogOutputStream:75 - [STDERR_REDIRECT] WARNING: Could not lock System prefs. Unix error code 2.
2025-06-17 14:27:20,949 [ERROR] LogOutputStream:75 - [STDERR_REDIRECT] 
2025-06-17 14:27:20,950 [ERROR] LogOutputStream:75 - [STDERR_REDIRECT] Jun 17, 2025 2:27:20 PM java.util.prefs.FileSystemPreferences syncWorld
2025-06-17 14:27:20,950 [ERROR] LogOutputStream:75 - [STDERR_REDIRECT] WARNING: Couldn't flush system prefs: java.util.prefs.BackingStoreException: Couldn't get file lock.
2025-06-17 14:27:20,950 [ERROR] LogOutputStream:75 - [STDERR_REDIRECT] 
2025-06-17 14:27:50,950 [ERROR] LogOutputStream:75 - [STDERR_REDIRECT] Jun 17, 2025 2:27:50 PM java.util.prefs.FileSystemPreferences checkLockFile0ErrorCode
2025-06-17 14:27:50,950 [ERROR] LogOutputStream:75 - [STDERR_REDIRECT] WARNING: Could not lock System prefs. Unix error code 2.
2025-06-17 14:27:50,950 [ERROR] LogOutputStream:75 - [STDERR_REDIRECT] 
2025-06-17 14:27:50,950 [ERROR] LogOutputStream:75 - [STDERR_REDIRECT] Jun 17, 2025 2:27:50 PM java.util.prefs.FileSystemPreferences syncWorld
2025-06-17 14:27:50,951 [ERROR] LogOutputStream:75 - [STDERR_REDIRECT] WARNING: Couldn't flush system prefs: java.util.prefs.BackingStoreException: Couldn't get file lock.
2025-06-17 14:27:50,951 [ERROR] LogOutputStream:75 - [STDERR_REDIRECT] 
2025-06-17 14:28:20,950 [ERROR] LogOutputStream:75 - [STDERR_REDIRECT] Jun 17, 2025 2:28:20 PM java.util.prefs.FileSystemPreferences checkLockFile0ErrorCode
2025-06-17 14:28:20,950 [ERROR] LogOutputStream:75 - [STDERR_REDIRECT] WARNING: Could not lock System prefs. Unix error code 2.
2025-06-17 14:28:20,950 [ERROR] LogOutputStream:75 - [STDERR_REDIRECT] 
2025-06-17 14:28:20,951 [ERROR] LogOutputStream:75 - [STDERR_REDIRECT] Jun 17, 2025 2:28:20 PM java.util.prefs.FileSystemPreferences syncWorld
2025-06-17 14:28:20,951 [ERROR] LogOutputStream:75 - [STDERR_REDIRECT] WARNING: Couldn't flush system prefs: java.util.prefs.BackingStoreException: Couldn't get file lock.
2025-06-17 14:28:20,951 [ERROR] LogOutputStream:75 - [STDERR_REDIRECT] 
2025-06-17 14:28:50,950 [ERROR] LogOutputStream:75 - [STDERR_REDIRECT] Jun 17, 2025 2:28:50 PM java.util.prefs.FileSystemPreferences checkLockFile0ErrorCode
2025-06-17 14:28:50,950 [ERROR] LogOutputStream:75 - [STDERR_REDIRECT] WARNING: Could not lock System prefs. Unix error code 2.
2025-06-17 14:28:50,950 [ERROR] LogOutputStream:75 - [STDERR_REDIRECT] 
2025-06-17 14:28:50,950 [ERROR] LogOutputStream:75 - [STDERR_REDIRECT] Jun 17, 2025 2:28:50 PM java.util.prefs.FileSystemPreferences syncWorld
2025-06-17 14:28:50,950 [ERROR] LogOutputStream:75 - [STDERR_REDIRECT] WARNING: Couldn't flush system prefs: java.util.prefs.BackingStoreException: Couldn't get file lock.
2025-06-17 14:28:50,950 [ERROR] LogOutputStream:75 - [STDERR_REDIRECT] 
2025-06-17 14:29:20,950 [ERROR] LogOutputStream:75 - [STDERR_REDIRECT] Jun 17, 2025 2:29:20 PM java.util.prefs.FileSystemPreferences checkLockFile0ErrorCode
2025-06-17 14:29:20,950 [ERROR] LogOutputStream:75 - [STDERR_REDIRECT] WARNING: Could not lock System prefs. Unix error code 2.
2025-06-17 14:29:20,950 [ERROR] LogOutputStream:75 - [STDERR_REDIRECT] 
2025-06-17 14:29:20,950 [ERROR] LogOutputStream:75 - [STDERR_REDIRECT] Jun 17, 2025 2:29:20 PM java.util.prefs.FileSystemPreferences syncWorld
2025-06-17 14:29:20,950 [ERROR] LogOutputStream:75 - [STDERR_REDIRECT] WARNING: Couldn't flush system prefs: java.util.prefs.BackingStoreException: Couldn't get file lock.
2025-06-17 14:29:20,950 [ERROR] LogOutputStream:75 - [STDERR_REDIRECT] 
2025-06-17 14:29:50,950 [ERROR] LogOutputStream:75 - [STDERR_REDIRECT] Jun 17, 2025 2:29:50 PM java.util.prefs.FileSystemPreferences checkLockFile0ErrorCode
2025-06-17 14:29:50,950 [ERROR] LogOutputStream:75 - [STDERR_REDIRECT] WARNING: Could not lock System prefs. Unix error code 2.
2025-06-17 14:29:50,950 [ERROR] LogOutputStream:75 - [STDERR_REDIRECT] 
2025-06-17 14:29:50,950 [ERROR] LogOutputStream:75 - [STDERR_REDIRECT] Jun 17, 2025 2:29:50 PM java.util.prefs.FileSystemPreferences syncWorld
2025-06-17 14:29:50,950 [ERROR] LogOutputStream:75 - [STDERR_REDIRECT] WARNING: Couldn't flush system prefs: java.util.prefs.BackingStoreException: Couldn't get file lock.
2025-06-17 14:29:50,951 [ERROR] LogOutputStream:75 - [STDERR_REDIRECT] 
2025-06-17 14:30:20,950 [ERROR] LogOutputStream:75 - [STDERR_REDIRECT] Jun 17, 2025 2:30:20 PM java.util.prefs.FileSystemPreferences checkLockFile0ErrorCode
2025-06-17 14:30:20,950 [ERROR] LogOutputStream:75 - [STDERR_REDIRECT] WARNING: Could not lock System prefs. Unix error code 2.
2025-06-17 14:30:20,951 [ERROR] LogOutputStream:75 - [STDERR_REDIRECT] 
2025-06-17 14:30:20,951 [ERROR] LogOutputStream:75 - [STDERR_REDIRECT] Jun 17, 2025 2:30:20 PM java.util.prefs.FileSystemPreferences syncWorld
2025-06-17 14:30:20,951 [ERROR] LogOutputStream:75 - [STDERR_REDIRECT] WARNING: Couldn't flush system prefs: java.util.prefs.BackingStoreException: Couldn't get file lock.
2025-06-17 14:30:20,951 [ERROR] LogOutputStream:75 - [STDERR_REDIRECT] 
2025-06-17 14:30:50,951 [ERROR] LogOutputStream:75 - [STDERR_REDIRECT] Jun 17, 2025 2:30:50 PM java.util.prefs.FileSystemPreferences checkLockFile0ErrorCode
2025-06-17 14:30:50,951 [ERROR] LogOutputStream:75 - [STDERR_REDIRECT] WARNING: Could not lock System prefs. Unix error code 2.
2025-06-17 14:30:50,951 [ERROR] LogOutputStream:75 - [STDERR_REDIRECT] 
2025-06-17 14:30:50,951 [ERROR] LogOutputStream:75 - [STDERR_REDIRECT] Jun 17, 2025 2:30:50 PM java.util.prefs.FileSystemPreferences syncWorld
2025-06-17 14:30:50,951 [ERROR] LogOutputStream:75 - [STDERR_REDIRECT] WARNING: Couldn't flush system prefs: java.util.prefs.BackingStoreException: Couldn't get file lock.
2025-06-17 14:30:50,951 [ERROR] LogOutputStream:75 - [STDERR_REDIRECT] 
2025-06-17 14:31:20,951 [ERROR] LogOutputStream:75 - [STDERR_REDIRECT] Jun 17, 2025 2:31:20 PM java.util.prefs.FileSystemPreferences checkLockFile0ErrorCode
2025-06-17 14:31:20,951 [ERROR] LogOutputStream:75 - [STDERR_REDIRECT] WARNING: Could not lock System prefs. Unix error code 2.
2025-06-17 14:31:20,951 [ERROR] LogOutputStream:75 - [STDERR_REDIRECT] 
2025-06-17 14:31:20,952 [ERROR] LogOutputStream:75 - [STDERR_REDIRECT] Jun 17, 2025 2:31:20 PM java.util.prefs.FileSystemPreferences syncWorld
2025-06-17 14:31:20,952 [ERROR] LogOutputStream:75 - [STDERR_REDIRECT] WARNING: Couldn't flush system prefs: java.util.prefs.BackingStoreException: Couldn't get file lock.
2025-06-17 14:31:20,952 [ERROR] LogOutputStream:75 - [STDERR_REDIRECT] 
2025-06-17 14:31:50,951 [ERROR] LogOutputStream:75 - [STDERR_REDIRECT] Jun 17, 2025 2:31:50 PM java.util.prefs.FileSystemPreferences checkLockFile0ErrorCode
2025-06-17 14:31:50,951 [ERROR] LogOutputStream:75 - [STDERR_REDIRECT] WARNING: Could not lock System prefs. Unix error code 2.
2025-06-17 14:31:50,951 [ERROR] LogOutputStream:75 - [STDERR_REDIRECT] 
2025-06-17 14:31:50,952 [ERROR] LogOutputStream:75 - [STDERR_REDIRECT] Jun 17, 2025 2:31:50 PM java.util.prefs.FileSystemPreferences syncWorld
2025-06-17 14:31:50,952 [ERROR] LogOutputStream:75 - [STDERR_REDIRECT] WARNING: Couldn't flush system prefs: java.util.prefs.BackingStoreException: Couldn't get file lock.
2025-06-17 14:31:50,952 [ERROR] LogOutputStream:75 - [STDERR_REDIRECT] 
2025-06-17 14:32:20,951 [ERROR] LogOutputStream:75 - [STDERR_REDIRECT] Jun 17, 2025 2:32:20 PM java.util.prefs.FileSystemPreferences checkLockFile0ErrorCode
2025-06-17 14:32:20,951 [ERROR] LogOutputStream:75 - [STDERR_REDIRECT] WARNING: Could not lock System prefs. Unix error code 2.
2025-06-17 14:32:20,951 [ERROR] LogOutputStream:75 - [STDERR_REDIRECT] 
2025-06-17 14:32:20,952 [ERROR] LogOutputStream:75 - [STDERR_REDIRECT] Jun 17, 2025 2:32:20 PM java.util.prefs.FileSystemPreferences syncWorld
2025-06-17 14:32:20,952 [ERROR] LogOutputStream:75 - [STDERR_REDIRECT] WARNING: Couldn't flush system prefs: java.util.prefs.BackingStoreException: Couldn't get file lock.
2025-06-17 14:32:20,952 [ERROR] LogOutputStream:75 - [STDERR_REDIRECT] 
2025-06-17 14:32:50,951 [ERROR] LogOutputStream:75 - [STDERR_REDIRECT] Jun 17, 2025 2:32:50 PM java.util.prefs.FileSystemPreferences checkLockFile0ErrorCode
2025-06-17 14:32:50,951 [ERROR] LogOutputStream:75 - [STDERR_REDIRECT] WARNING: Could not lock System prefs. Unix error code 2.
2025-06-17 14:32:50,951 [ERROR] LogOutputStream:75 - [STDERR_REDIRECT] 
2025-06-17 14:32:50,951 [ERROR] LogOutputStream:75 - [STDERR_REDIRECT] Jun 17, 2025 2:32:50 PM java.util.prefs.FileSystemPreferences syncWorld
2025-06-17 14:32:50,951 [ERROR] LogOutputStream:75 - [STDERR_REDIRECT] WARNING: Couldn't flush system prefs: java.util.prefs.BackingStoreException: Couldn't get file lock.
2025-06-17 14:32:50,951 [ERROR] LogOutputStream:75 - [STDERR_REDIRECT] 
2025-06-17 14:33:20,951 [ERROR] LogOutputStream:75 - [STDERR_REDIRECT] Jun 17, 2025 2:33:20 PM java.util.prefs.FileSystemPreferences checkLockFile0ErrorCode
2025-06-17 14:33:20,951 [ERROR] LogOutputStream:75 - [STDERR_REDIRECT] WARNING: Could not lock System prefs. Unix error code 2.
2025-06-17 14:33:20,951 [ERROR] LogOutputStream:75 - [STDERR_REDIRECT] 
2025-06-17 14:33:20,952 [ERROR] LogOutputStream:75 - [STDERR_REDIRECT] Jun 17, 2025 2:33:20 PM java.util.prefs.FileSystemPreferences syncWorld
2025-06-17 14:33:20,952 [ERROR] LogOutputStream:75 - [STDERR_REDIRECT] WARNING: Couldn't flush system prefs: java.util.prefs.BackingStoreException: Couldn't get file lock.
2025-06-17 14:33:20,952 [ERROR] LogOutputStream:75 - [STDERR_REDIRECT] 
2025-06-17 14:33:50,952 [ERROR] LogOutputStream:75 - [STDERR_REDIRECT] Jun 17, 2025 2:33:50 PM java.util.prefs.FileSystemPreferences checkLockFile0ErrorCode
2025-06-17 14:33:50,952 [ERROR] LogOutputStream:75 - [STDERR_REDIRECT] WARNING: Could not lock System prefs. Unix error code 2.
2025-06-17 14:33:50,952 [ERROR] LogOutputStream:75 - [STDERR_REDIRECT] 
2025-06-17 14:33:50,952 [ERROR] LogOutputStream:75 - [STDERR_REDIRECT] Jun 17, 2025 2:33:50 PM java.util.prefs.FileSystemPreferences syncWorld
2025-06-17 14:33:50,952 [ERROR] LogOutputStream:75 - [STDERR_REDIRECT] WARNING: Couldn't flush system prefs: java.util.prefs.BackingStoreException: Couldn't get file lock.
2025-06-17 14:33:50,952 [ERROR] LogOutputStream:75 - [STDERR_REDIRECT] 
2025-06-17 14:34:20,953 [ERROR] LogOutputStream:75 - [STDERR_REDIRECT] Jun 17, 2025 2:34:20 PM java.util.prefs.FileSystemPreferences checkLockFile0ErrorCode
2025-06-17 14:34:20,953 [ERROR] LogOutputStream:75 - [STDERR_REDIRECT] WARNING: Could not lock System prefs. Unix error code 2.
2025-06-17 14:34:20,953 [ERROR] LogOutputStream:75 - [STDERR_REDIRECT] 
2025-06-17 14:34:20,954 [ERROR] LogOutputStream:75 - [STDERR_REDIRECT] Jun 17, 2025 2:34:20 PM java.util.prefs.FileSystemPreferences syncWorld
2025-06-17 14:34:20,954 [ERROR] LogOutputStream:75 - [STDERR_REDIRECT] WARNING: Couldn't flush system prefs: java.util.prefs.BackingStoreException: Couldn't get file lock.
2025-06-17 14:34:20,954 [ERROR] LogOutputStream:75 - [STDERR_REDIRECT] 
2025-06-17 14:34:50,954 [ERROR] LogOutputStream:75 - [STDERR_REDIRECT] Jun 17, 2025 2:34:50 PM java.util.prefs.FileSystemPreferences checkLockFile0ErrorCode
2025-06-17 14:34:50,954 [ERROR] LogOutputStream:75 - [STDERR_REDIRECT] WARNING: Could not lock System prefs. Unix error code 2.
2025-06-17 14:34:50,954 [ERROR] LogOutputStream:75 - [STDERR_REDIRECT] 
2025-06-17 14:34:50,954 [ERROR] LogOutputStream:75 - [STDERR_REDIRECT] Jun 17, 2025 2:34:50 PM java.util.prefs.FileSystemPreferences syncWorld
2025-06-17 14:34:50,954 [ERROR] LogOutputStream:75 - [STDERR_REDIRECT] WARNING: Couldn't flush system prefs: java.util.prefs.BackingStoreException: Couldn't get file lock.
2025-06-17 14:34:50,954 [ERROR] LogOutputStream:75 - [STDERR_REDIRECT] 
2025-06-17 14:35:20,954 [ERROR] LogOutputStream:75 - [STDERR_REDIRECT] Jun 17, 2025 2:35:20 PM java.util.prefs.FileSystemPreferences checkLockFile0ErrorCode
2025-06-17 14:35:20,954 [ERROR] LogOutputStream:75 - [STDERR_REDIRECT] WARNING: Could not lock System prefs. Unix error code 2.
2025-06-17 14:35:20,954 [ERROR] LogOutputStream:75 - [STDERR_REDIRECT] 
2025-06-17 14:35:20,955 [ERROR] LogOutputStream:75 - [STDERR_REDIRECT] Jun 17, 2025 2:35:20 PM java.util.prefs.FileSystemPreferences syncWorld
2025-06-17 14:35:20,955 [ERROR] LogOutputStream:75 - [STDERR_REDIRECT] WARNING: Couldn't flush system prefs: java.util.prefs.BackingStoreException: Couldn't get file lock.
2025-06-17 14:35:20,955 [ERROR] LogOutputStream:75 - [STDERR_REDIRECT] 
2025-06-17 14:35:50,954 [ERROR] LogOutputStream:75 - [STDERR_REDIRECT] Jun 17, 2025 2:35:50 PM java.util.prefs.FileSystemPreferences checkLockFile0ErrorCode
2025-06-17 14:35:50,954 [ERROR] LogOutputStream:75 - [STDERR_REDIRECT] WARNING: Could not lock System prefs. Unix error code 2.
2025-06-17 14:35:50,954 [ERROR] LogOutputStream:75 - [STDERR_REDIRECT] 
2025-06-17 14:35:50,955 [ERROR] LogOutputStream:75 - [STDERR_REDIRECT] Jun 17, 2025 2:35:50 PM java.util.prefs.FileSystemPreferences syncWorld
2025-06-17 14:35:50,955 [ERROR] LogOutputStream:75 - [STDERR_REDIRECT] WARNING: Couldn't flush system prefs: java.util.prefs.BackingStoreException: Couldn't get file lock.
2025-06-17 14:35:50,955 [ERROR] LogOutputStream:75 - [STDERR_REDIRECT] 
2025-06-17 14:36:20,954 [ERROR] LogOutputStream:75 - [STDERR_REDIRECT] Jun 17, 2025 2:36:20 PM java.util.prefs.FileSystemPreferences checkLockFile0ErrorCode
2025-06-17 14:36:20,954 [ERROR] LogOutputStream:75 - [STDERR_REDIRECT] WARNING: Could not lock System prefs. Unix error code 2.
2025-06-17 14:36:20,954 [ERROR] LogOutputStream:75 - [STDERR_REDIRECT] 
2025-06-17 14:36:20,955 [ERROR] LogOutputStream:75 - [STDERR_REDIRECT] Jun 17, 2025 2:36:20 PM java.util.prefs.FileSystemPreferences syncWorld
2025-06-17 14:36:20,955 [ERROR] LogOutputStream:75 - [STDERR_REDIRECT] WARNING: Couldn't flush system prefs: java.util.prefs.BackingStoreException: Couldn't get file lock.
2025-06-17 14:36:20,955 [ERROR] LogOutputStream:75 - [STDERR_REDIRECT] 
2025-06-17 14:36:50,955 [ERROR] LogOutputStream:75 - [STDERR_REDIRECT] Jun 17, 2025 2:36:50 PM java.util.prefs.FileSystemPreferences checkLockFile0ErrorCode
2025-06-17 14:36:50,955 [ERROR] LogOutputStream:75 - [STDERR_REDIRECT] WARNING: Could not lock System prefs. Unix error code 2.
2025-06-17 14:36:50,955 [ERROR] LogOutputStream:75 - [STDERR_REDIRECT] 
2025-06-17 14:36:50,955 [ERROR] LogOutputStream:75 - [STDERR_REDIRECT] Jun 17, 2025 2:36:50 PM java.util.prefs.FileSystemPreferences syncWorld
2025-06-17 14:36:50,955 [ERROR] LogOutputStream:75 - [STDERR_REDIRECT] WARNING: Couldn't flush system prefs: java.util.prefs.BackingStoreException: Couldn't get file lock.
2025-06-17 14:36:50,955 [ERROR] LogOutputStream:75 - [STDERR_REDIRECT] 
2025-06-17 14:37:20,954 [ERROR] LogOutputStream:75 - [STDERR_REDIRECT] Jun 17, 2025 2:37:20 PM java.util.prefs.FileSystemPreferences checkLockFile0ErrorCode
2025-06-17 14:37:20,954 [ERROR] LogOutputStream:75 - [STDERR_REDIRECT] WARNING: Could not lock System prefs. Unix error code 2.
2025-06-17 14:37:20,955 [ERROR] LogOutputStream:75 - [STDERR_REDIRECT] 
2025-06-17 14:37:20,955 [ERROR] LogOutputStream:75 - [STDERR_REDIRECT] Jun 17, 2025 2:37:20 PM java.util.prefs.FileSystemPreferences syncWorld
2025-06-17 14:37:20,955 [ERROR] LogOutputStream:75 - [STDERR_REDIRECT] WARNING: Couldn't flush system prefs: java.util.prefs.BackingStoreException: Couldn't get file lock.
2025-06-17 14:37:20,955 [ERROR] LogOutputStream:75 - [STDERR_REDIRECT] 
2025-06-17 14:37:50,954 [ERROR] LogOutputStream:75 - [STDERR_REDIRECT] Jun 17, 2025 2:37:50 PM java.util.prefs.FileSystemPreferences checkLockFile0ErrorCode
2025-06-17 14:37:50,954 [ERROR] LogOutputStream:75 - [STDERR_REDIRECT] WARNING: Could not lock System prefs. Unix error code 2.
2025-06-17 14:37:50,954 [ERROR] LogOutputStream:75 - [STDERR_REDIRECT] 
2025-06-17 14:37:50,954 [ERROR] LogOutputStream:75 - [STDERR_REDIRECT] Jun 17, 2025 2:37:50 PM java.util.prefs.FileSystemPreferences syncWorld
2025-06-17 14:37:50,954 [ERROR] LogOutputStream:75 - [STDERR_REDIRECT] WARNING: Couldn't flush system prefs: java.util.prefs.BackingStoreException: Couldn't get file lock.
2025-06-17 14:37:50,954 [ERROR] LogOutputStream:75 - [STDERR_REDIRECT] 
2025-06-17 14:38:20,954 [ERROR] LogOutputStream:75 - [STDERR_REDIRECT] Jun 17, 2025 2:38:20 PM java.util.prefs.FileSystemPreferences checkLockFile0ErrorCode
2025-06-17 14:38:20,954 [ERROR] LogOutputStream:75 - [STDERR_REDIRECT] WARNING: Could not lock System prefs. Unix error code 2.
2025-06-17 14:38:20,955 [ERROR] LogOutputStream:75 - [STDERR_REDIRECT] 
2025-06-17 14:38:20,955 [ERROR] LogOutputStream:75 - [STDERR_REDIRECT] Jun 17, 2025 2:38:20 PM java.util.prefs.FileSystemPreferences syncWorld
2025-06-17 14:38:20,955 [ERROR] LogOutputStream:75 - [STDERR_REDIRECT] WARNING: Couldn't flush system prefs: java.util.prefs.BackingStoreException: Couldn't get file lock.
2025-06-17 14:38:20,955 [ERROR] LogOutputStream:75 - [STDERR_REDIRECT] 
2025-06-17 14:38:50,955 [ERROR] LogOutputStream:75 - [STDERR_REDIRECT] Jun 17, 2025 2:38:50 PM java.util.prefs.FileSystemPreferences checkLockFile0ErrorCode
2025-06-17 14:38:50,955 [ERROR] LogOutputStream:75 - [STDERR_REDIRECT] WARNING: Could not lock System prefs. Unix error code 2.
2025-06-17 14:38:50,955 [ERROR] LogOutputStream:75 - [STDERR_REDIRECT] 
2025-06-17 14:38:50,955 [ERROR] LogOutputStream:75 - [STDERR_REDIRECT] Jun 17, 2025 2:38:50 PM java.util.prefs.FileSystemPreferences syncWorld
2025-06-17 14:38:50,955 [ERROR] LogOutputStream:75 - [STDERR_REDIRECT] WARNING: Couldn't flush system prefs: java.util.prefs.BackingStoreException: Couldn't get file lock.
2025-06-17 14:38:50,955 [ERROR] LogOutputStream:75 - [STDERR_REDIRECT] 
2025-06-17 14:39:20,955 [ERROR] LogOutputStream:75 - [STDERR_REDIRECT] Jun 17, 2025 2:39:20 PM java.util.prefs.FileSystemPreferences checkLockFile0ErrorCode
2025-06-17 14:39:20,955 [ERROR] LogOutputStream:75 - [STDERR_REDIRECT] WARNING: Could not lock System prefs. Unix error code 2.
2025-06-17 14:39:20,955 [ERROR] LogOutputStream:75 - [STDERR_REDIRECT] 
2025-06-17 14:39:20,956 [ERROR] LogOutputStream:75 - [STDERR_REDIRECT] Jun 17, 2025 2:39:20 PM java.util.prefs.FileSystemPreferences syncWorld
2025-06-17 14:39:20,956 [ERROR] LogOutputStream:75 - [STDERR_REDIRECT] WARNING: Couldn't flush system prefs: java.util.prefs.BackingStoreException: Couldn't get file lock.
2025-06-17 14:39:20,956 [ERROR] LogOutputStream:75 - [STDERR_REDIRECT] 
2025-06-17 14:39:50,955 [ERROR] LogOutputStream:75 - [STDERR_REDIRECT] Jun 17, 2025 2:39:50 PM java.util.prefs.FileSystemPreferences checkLockFile0ErrorCode
2025-06-17 14:39:50,956 [ERROR] LogOutputStream:75 - [STDERR_REDIRECT] WARNING: Could not lock System prefs. Unix error code 2.
2025-06-17 14:39:50,956 [ERROR] LogOutputStream:75 - [STDERR_REDIRECT] 
2025-06-17 14:39:50,956 [ERROR] LogOutputStream:75 - [STDERR_REDIRECT] Jun 17, 2025 2:39:50 PM java.util.prefs.FileSystemPreferences syncWorld
2025-06-17 14:39:50,956 [ERROR] LogOutputStream:75 - [STDERR_REDIRECT] WARNING: Couldn't flush system prefs: java.util.prefs.BackingStoreException: Couldn't get file lock.
2025-06-17 14:39:50,956 [ERROR] LogOutputStream:75 - [STDERR_REDIRECT] 
2025-06-17 14:40:20,955 [ERROR] LogOutputStream:75 - [STDERR_REDIRECT] Jun 17, 2025 2:40:20 PM java.util.prefs.FileSystemPreferences checkLockFile0ErrorCode
2025-06-17 14:40:20,956 [ERROR] LogOutputStream:75 - [STDERR_REDIRECT] WARNING: Could not lock System prefs. Unix error code 2.
2025-06-17 14:40:20,956 [ERROR] LogOutputStream:75 - [STDERR_REDIRECT] 
2025-06-17 14:40:20,956 [ERROR] LogOutputStream:75 - [STDERR_REDIRECT] Jun 17, 2025 2:40:20 PM java.util.prefs.FileSystemPreferences syncWorld
2025-06-17 14:40:20,956 [ERROR] LogOutputStream:75 - [STDERR_REDIRECT] WARNING: Couldn't flush system prefs: java.util.prefs.BackingStoreException: Couldn't get file lock.
2025-06-17 14:40:20,956 [ERROR] LogOutputStream:75 - [STDERR_REDIRECT] 
2025-06-17 14:40:50,955 [ERROR] LogOutputStream:75 - [STDERR_REDIRECT] Jun 17, 2025 2:40:50 PM java.util.prefs.FileSystemPreferences checkLockFile0ErrorCode
2025-06-17 14:40:50,956 [ERROR] LogOutputStream:75 - [STDERR_REDIRECT] WARNING: Could not lock System prefs. Unix error code 2.
2025-06-17 14:40:50,956 [ERROR] LogOutputStream:75 - [STDERR_REDIRECT] 
2025-06-17 14:40:50,956 [ERROR] LogOutputStream:75 - [STDERR_REDIRECT] Jun 17, 2025 2:40:50 PM java.util.prefs.FileSystemPreferences syncWorld
2025-06-17 14:40:50,956 [ERROR] LogOutputStream:75 - [STDERR_REDIRECT] WARNING: Couldn't flush system prefs: java.util.prefs.BackingStoreException: Couldn't get file lock.
2025-06-17 14:40:50,956 [ERROR] LogOutputStream:75 - [STDERR_REDIRECT] 
2025-06-17 14:41:20,955 [ERROR] LogOutputStream:75 - [STDERR_REDIRECT] Jun 17, 2025 2:41:20 PM java.util.prefs.FileSystemPreferences checkLockFile0ErrorCode
2025-06-17 14:41:20,955 [ERROR] LogOutputStream:75 - [STDERR_REDIRECT] WARNING: Could not lock System prefs. Unix error code 2.
2025-06-17 14:41:20,955 [ERROR] LogOutputStream:75 - [STDERR_REDIRECT] 
2025-06-17 14:41:20,956 [ERROR] LogOutputStream:75 - [STDERR_REDIRECT] Jun 17, 2025 2:41:20 PM java.util.prefs.FileSystemPreferences syncWorld
2025-06-17 14:41:20,956 [ERROR] LogOutputStream:75 - [STDERR_REDIRECT] WARNING: Couldn't flush system prefs: java.util.prefs.BackingStoreException: Couldn't get file lock.
2025-06-17 14:41:20,956 [ERROR] LogOutputStream:75 - [STDERR_REDIRECT] 
2025-06-17 14:41:50,954 [ERROR] LogOutputStream:75 - [STDERR_REDIRECT] Jun 17, 2025 2:41:50 PM java.util.prefs.FileSystemPreferences checkLockFile0ErrorCode
2025-06-17 14:41:50,954 [ERROR] LogOutputStream:75 - [STDERR_REDIRECT] WARNING: Could not lock System prefs. Unix error code 2.
2025-06-17 14:41:50,955 [ERROR] LogOutputStream:75 - [STDERR_REDIRECT] 
2025-06-17 14:41:50,955 [ERROR] LogOutputStream:75 - [STDERR_REDIRECT] Jun 17, 2025 2:41:50 PM java.util.prefs.FileSystemPreferences syncWorld
2025-06-17 14:41:50,955 [ERROR] LogOutputStream:75 - [STDERR_REDIRECT] WARNING: Couldn't flush system prefs: java.util.prefs.BackingStoreException: Couldn't get file lock.
2025-06-17 14:41:50,955 [ERROR] LogOutputStream:75 - [STDERR_REDIRECT] 
2025-06-17 14:42:20,955 [ERROR] LogOutputStream:75 - [STDERR_REDIRECT] Jun 17, 2025 2:42:20 PM java.util.prefs.FileSystemPreferences checkLockFile0ErrorCode
2025-06-17 14:42:20,955 [ERROR] LogOutputStream:75 - [STDERR_REDIRECT] WARNING: Could not lock System prefs. Unix error code 2.
2025-06-17 14:42:20,955 [ERROR] LogOutputStream:75 - [STDERR_REDIRECT] 
2025-06-17 14:42:20,956 [ERROR] LogOutputStream:75 - [STDERR_REDIRECT] Jun 17, 2025 2:42:20 PM java.util.prefs.FileSystemPreferences syncWorld
2025-06-17 14:42:20,956 [ERROR] LogOutputStream:75 - [STDERR_REDIRECT] WARNING: Couldn't flush system prefs: java.util.prefs.BackingStoreException: Couldn't get file lock.
2025-06-17 14:42:20,956 [ERROR] LogOutputStream:75 - [STDERR_REDIRECT] 
2025-06-17 14:42:50,956 [ERROR] LogOutputStream:75 - [STDERR_REDIRECT] Jun 17, 2025 2:42:50 PM java.util.prefs.FileSystemPreferences checkLockFile0ErrorCode
2025-06-17 14:42:50,956 [ERROR] LogOutputStream:75 - [STDERR_REDIRECT] WARNING: Could not lock System prefs. Unix error code 2.
2025-06-17 14:42:50,956 [ERROR] LogOutputStream:75 - [STDERR_REDIRECT] 
2025-06-17 14:42:50,956 [ERROR] LogOutputStream:75 - [STDERR_REDIRECT] Jun 17, 2025 2:42:50 PM java.util.prefs.FileSystemPreferences syncWorld
2025-06-17 14:42:50,956 [ERROR] LogOutputStream:75 - [STDERR_REDIRECT] WARNING: Couldn't flush system prefs: java.util.prefs.BackingStoreException: Couldn't get file lock.
2025-06-17 14:42:50,956 [ERROR] LogOutputStream:75 - [STDERR_REDIRECT] 
2025-06-17 14:43:20,956 [ERROR] LogOutputStream:75 - [STDERR_REDIRECT] Jun 17, 2025 2:43:20 PM java.util.prefs.FileSystemPreferences checkLockFile0ErrorCode
2025-06-17 14:43:20,956 [ERROR] LogOutputStream:75 - [STDERR_REDIRECT] WARNING: Could not lock System prefs. Unix error code 2.
2025-06-17 14:43:20,956 [ERROR] LogOutputStream:75 - [STDERR_REDIRECT] 
2025-06-17 14:43:20,956 [ERROR] LogOutputStream:75 - [STDERR_REDIRECT] Jun 17, 2025 2:43:20 PM java.util.prefs.FileSystemPreferences syncWorld
2025-06-17 14:43:20,956 [ERROR] LogOutputStream:75 - [STDERR_REDIRECT] WARNING: Couldn't flush system prefs: java.util.prefs.BackingStoreException: Couldn't get file lock.
2025-06-17 14:43:20,956 [ERROR] LogOutputStream:75 - [STDERR_REDIRECT] 
2025-06-17 14:43:50,956 [ERROR] LogOutputStream:75 - [STDERR_REDIRECT] Jun 17, 2025 2:43:50 PM java.util.prefs.FileSystemPreferences checkLockFile0ErrorCode
2025-06-17 14:43:50,956 [ERROR] LogOutputStream:75 - [STDERR_REDIRECT] WARNING: Could not lock System prefs. Unix error code 2.
2025-06-17 14:43:50,956 [ERROR] LogOutputStream:75 - [STDERR_REDIRECT] 
2025-06-17 14:43:50,956 [ERROR] LogOutputStream:75 - [STDERR_REDIRECT] Jun 17, 2025 2:43:50 PM java.util.prefs.FileSystemPreferences syncWorld
2025-06-17 14:43:50,957 [ERROR] LogOutputStream:75 - [STDERR_REDIRECT] WARNING: Couldn't flush system prefs: java.util.prefs.BackingStoreException: Couldn't get file lock.
2025-06-17 14:43:50,957 [ERROR] LogOutputStream:75 - [STDERR_REDIRECT] 
2025-06-17 14:44:20,957 [ERROR] LogOutputStream:75 - [STDERR_REDIRECT] Jun 17, 2025 2:44:20 PM java.util.prefs.FileSystemPreferences checkLockFile0ErrorCode
2025-06-17 14:44:20,957 [ERROR] LogOutputStream:75 - [STDERR_REDIRECT] WARNING: Could not lock System prefs. Unix error code 2.
2025-06-17 14:44:20,957 [ERROR] LogOutputStream:75 - [STDERR_REDIRECT] 
2025-06-17 14:44:20,957 [ERROR] LogOutputStream:75 - [STDERR_REDIRECT] Jun 17, 2025 2:44:20 PM java.util.prefs.FileSystemPreferences syncWorld
2025-06-17 14:44:20,957 [ERROR] LogOutputStream:75 - [STDERR_REDIRECT] WARNING: Couldn't flush system prefs: java.util.prefs.BackingStoreException: Couldn't get file lock.
2025-06-17 14:44:20,957 [ERROR] LogOutputStream:75 - [STDERR_REDIRECT] 
2025-06-17 14:44:50,957 [ERROR] LogOutputStream:75 - [STDERR_REDIRECT] Jun 17, 2025 2:44:50 PM java.util.prefs.FileSystemPreferences checkLockFile0ErrorCode
2025-06-17 14:44:50,958 [ERROR] LogOutputStream:75 - [STDERR_REDIRECT] WARNING: Could not lock System prefs. Unix error code 2.
2025-06-17 14:44:50,958 [ERROR] LogOutputStream:75 - [STDERR_REDIRECT] 
2025-06-17 14:44:50,958 [ERROR] LogOutputStream:75 - [STDERR_REDIRECT] Jun 17, 2025 2:44:50 PM java.util.prefs.FileSystemPreferences syncWorld
2025-06-17 14:44:50,958 [ERROR] LogOutputStream:75 - [STDERR_REDIRECT] WARNING: Couldn't flush system prefs: java.util.prefs.BackingStoreException: Couldn't get file lock.
2025-06-17 14:44:50,958 [ERROR] LogOutputStream:75 - [STDERR_REDIRECT] 
2025-06-17 14:45:20,957 [ERROR] LogOutputStream:75 - [STDERR_REDIRECT] Jun 17, 2025 2:45:20 PM java.util.prefs.FileSystemPreferences checkLockFile0ErrorCode
2025-06-17 14:45:20,958 [ERROR] LogOutputStream:75 - [STDERR_REDIRECT] WARNING: Could not lock System prefs. Unix error code 2.
2025-06-17 14:45:20,958 [ERROR] LogOutputStream:75 - [STDERR_REDIRECT] 
2025-06-17 14:45:20,958 [ERROR] LogOutputStream:75 - [STDERR_REDIRECT] Jun 17, 2025 2:45:20 PM java.util.prefs.FileSystemPreferences syncWorld
2025-06-17 14:45:20,958 [ERROR] LogOutputStream:75 - [STDERR_REDIRECT] WARNING: Couldn't flush system prefs: java.util.prefs.BackingStoreException: Couldn't get file lock.
2025-06-17 14:45:20,958 [ERROR] LogOutputStream:75 - [STDERR_REDIRECT] 
2025-06-17 14:45:50,957 [ERROR] LogOutputStream:75 - [STDERR_REDIRECT] Jun 17, 2025 2:45:50 PM java.util.prefs.FileSystemPreferences checkLockFile0ErrorCode
2025-06-17 14:45:50,957 [ERROR] LogOutputStream:75 - [STDERR_REDIRECT] WARNING: Could not lock System prefs. Unix error code 2.
2025-06-17 14:45:50,957 [ERROR] LogOutputStream:75 - [STDERR_REDIRECT] 
2025-06-17 14:45:50,958 [ERROR] LogOutputStream:75 - [STDERR_REDIRECT] Jun 17, 2025 2:45:50 PM java.util.prefs.FileSystemPreferences syncWorld
2025-06-17 14:45:50,958 [ERROR] LogOutputStream:75 - [STDERR_REDIRECT] WARNING: Couldn't flush system prefs: java.util.prefs.BackingStoreException: Couldn't get file lock.
2025-06-17 14:45:50,958 [ERROR] LogOutputStream:75 - [STDERR_REDIRECT] 
2025-06-17 14:46:20,957 [ERROR] LogOutputStream:75 - [STDERR_REDIRECT] Jun 17, 2025 2:46:20 PM java.util.prefs.FileSystemPreferences checkLockFile0ErrorCode
2025-06-17 14:46:20,957 [ERROR] LogOutputStream:75 - [STDERR_REDIRECT] WARNING: Could not lock System prefs. Unix error code 2.
2025-06-17 14:46:20,958 [ERROR] LogOutputStream:75 - [STDERR_REDIRECT] 
2025-06-17 14:46:20,958 [ERROR] LogOutputStream:75 - [STDERR_REDIRECT] Jun 17, 2025 2:46:20 PM java.util.prefs.FileSystemPreferences syncWorld
2025-06-17 14:46:20,958 [ERROR] LogOutputStream:75 - [STDERR_REDIRECT] WARNING: Couldn't flush system prefs: java.util.prefs.BackingStoreException: Couldn't get file lock.
2025-06-17 14:46:20,958 [ERROR] LogOutputStream:75 - [STDERR_REDIRECT] 
2025-06-17 14:46:50,958 [ERROR] LogOutputStream:75 - [STDERR_REDIRECT] Jun 17, 2025 2:46:50 PM java.util.prefs.FileSystemPreferences checkLockFile0ErrorCode
2025-06-17 14:46:50,958 [ERROR] LogOutputStream:75 - [STDERR_REDIRECT] WARNING: Could not lock System prefs. Unix error code 2.
2025-06-17 14:46:50,959 [ERROR] LogOutputStream:75 - [STDERR_REDIRECT] 
2025-06-17 14:46:50,959 [ERROR] LogOutputStream:75 - [STDERR_REDIRECT] Jun 17, 2025 2:46:50 PM java.util.prefs.FileSystemPreferences syncWorld
2025-06-17 14:46:50,959 [ERROR] LogOutputStream:75 - [STDERR_REDIRECT] WARNING: Couldn't flush system prefs: java.util.prefs.BackingStoreException: Couldn't get file lock.
2025-06-17 14:46:50,960 [ERROR] LogOutputStream:75 - [STDERR_REDIRECT] 
2025-06-17 14:47:20,957 [ERROR] LogOutputStream:75 - [STDERR_REDIRECT] Jun 17, 2025 2:47:20 PM java.util.prefs.FileSystemPreferences checkLockFile0ErrorCode
2025-06-17 14:47:20,957 [ERROR] LogOutputStream:75 - [STDERR_REDIRECT] WARNING: Could not lock System prefs. Unix error code 2.
2025-06-17 14:47:20,958 [ERROR] LogOutputStream:75 - [STDERR_REDIRECT] 
2025-06-17 14:47:20,958 [ERROR] LogOutputStream:75 - [STDERR_REDIRECT] Jun 17, 2025 2:47:20 PM java.util.prefs.FileSystemPreferences syncWorld
2025-06-17 14:47:20,958 [ERROR] LogOutputStream:75 - [STDERR_REDIRECT] WARNING: Couldn't flush system prefs: java.util.prefs.BackingStoreException: Couldn't get file lock.
2025-06-17 14:47:20,958 [ERROR] LogOutputStream:75 - [STDERR_REDIRECT] 
2025-06-17 14:47:50,957 [ERROR] LogOutputStream:75 - [STDERR_REDIRECT] Jun 17, 2025 2:47:50 PM java.util.prefs.FileSystemPreferences checkLockFile0ErrorCode
2025-06-17 14:47:50,957 [ERROR] LogOutputStream:75 - [STDERR_REDIRECT] WARNING: Could not lock System prefs. Unix error code 2.
2025-06-17 14:47:50,957 [ERROR] LogOutputStream:75 - [STDERR_REDIRECT] 
2025-06-17 14:47:50,958 [ERROR] LogOutputStream:75 - [STDERR_REDIRECT] Jun 17, 2025 2:47:50 PM java.util.prefs.FileSystemPreferences syncWorld
2025-06-17 14:47:50,958 [ERROR] LogOutputStream:75 - [STDERR_REDIRECT] WARNING: Couldn't flush system prefs: java.util.prefs.BackingStoreException: Couldn't get file lock.
2025-06-17 14:47:50,958 [ERROR] LogOutputStream:75 - [STDERR_REDIRECT] 
2025-06-17 14:48:20,958 [ERROR] LogOutputStream:75 - [STDERR_REDIRECT] Jun 17, 2025 2:48:20 PM java.util.prefs.FileSystemPreferences checkLockFile0ErrorCode
2025-06-17 14:48:20,958 [ERROR] LogOutputStream:75 - [STDERR_REDIRECT] WARNING: Could not lock System prefs. Unix error code 2.
2025-06-17 14:48:20,958 [ERROR] LogOutputStream:75 - [STDERR_REDIRECT] 
2025-06-17 14:48:20,958 [ERROR] LogOutputStream:75 - [STDERR_REDIRECT] Jun 17, 2025 2:48:20 PM java.util.prefs.FileSystemPreferences syncWorld
2025-06-17 14:48:20,958 [ERROR] LogOutputStream:75 - [STDERR_REDIRECT] WARNING: Couldn't flush system prefs: java.util.prefs.BackingStoreException: Couldn't get file lock.
2025-06-17 14:48:20,958 [ERROR] LogOutputStream:75 - [STDERR_REDIRECT] 
2025-06-17 14:48:50,958 [ERROR] LogOutputStream:75 - [STDERR_REDIRECT] Jun 17, 2025 2:48:50 PM java.util.prefs.FileSystemPreferences checkLockFile0ErrorCode
2025-06-17 14:48:50,958 [ERROR] LogOutputStream:75 - [STDERR_REDIRECT] WARNING: Could not lock System prefs. Unix error code 2.
2025-06-17 14:48:50,958 [ERROR] LogOutputStream:75 - [STDERR_REDIRECT] 
2025-06-17 14:48:50,959 [ERROR] LogOutputStream:75 - [STDERR_REDIRECT] Jun 17, 2025 2:48:50 PM java.util.prefs.FileSystemPreferences syncWorld
2025-06-17 14:48:50,959 [ERROR] LogOutputStream:75 - [STDERR_REDIRECT] WARNING: Couldn't flush system prefs: java.util.prefs.BackingStoreException: Couldn't get file lock.
2025-06-17 14:48:50,959 [ERROR] LogOutputStream:75 - [STDERR_REDIRECT] 
2025-06-17 14:49:20,958 [ERROR] LogOutputStream:75 - [STDERR_REDIRECT] Jun 17, 2025 2:49:20 PM java.util.prefs.FileSystemPreferences checkLockFile0ErrorCode
2025-06-17 14:49:20,958 [ERROR] LogOutputStream:75 - [STDERR_REDIRECT] WARNING: Could not lock System prefs. Unix error code 2.
2025-06-17 14:49:20,958 [ERROR] LogOutputStream:75 - [STDERR_REDIRECT] 
2025-06-17 14:49:20,958 [ERROR] LogOutputStream:75 - [STDERR_REDIRECT] Jun 17, 2025 2:49:20 PM java.util.prefs.FileSystemPreferences syncWorld
2025-06-17 14:49:20,958 [ERROR] LogOutputStream:75 - [STDERR_REDIRECT] WARNING: Couldn't flush system prefs: java.util.prefs.BackingStoreException: Couldn't get file lock.
2025-06-17 14:49:20,958 [ERROR] LogOutputStream:75 - [STDERR_REDIRECT] 
2025-06-17 14:49:50,959 [ERROR] LogOutputStream:75 - [STDERR_REDIRECT] Jun 17, 2025 2:49:50 PM java.util.prefs.FileSystemPreferences checkLockFile0ErrorCode
2025-06-17 14:49:50,959 [ERROR] LogOutputStream:75 - [STDERR_REDIRECT] WARNING: Could not lock System prefs. Unix error code 2.
2025-06-17 14:49:50,959 [ERROR] LogOutputStream:75 - [STDERR_REDIRECT] 
2025-06-17 14:49:50,960 [ERROR] LogOutputStream:75 - [STDERR_REDIRECT] Jun 17, 2025 2:49:50 PM java.util.prefs.FileSystemPreferences syncWorld
2025-06-17 14:49:50,960 [ERROR] LogOutputStream:75 - [STDERR_REDIRECT] WARNING: Couldn't flush system prefs: java.util.prefs.BackingStoreException: Couldn't get file lock.
2025-06-17 14:49:50,960 [ERROR] LogOutputStream:75 - [STDERR_REDIRECT] 
2025-06-17 14:50:20,958 [ERROR] LogOutputStream:75 - [STDERR_REDIRECT] Jun 17, 2025 2:50:20 PM java.util.prefs.FileSystemPreferences checkLockFile0ErrorCode
2025-06-17 14:50:20,958 [ERROR] LogOutputStream:75 - [STDERR_REDIRECT] WARNING: Could not lock System prefs. Unix error code 2.
2025-06-17 14:50:20,958 [ERROR] LogOutputStream:75 - [STDERR_REDIRECT] 
2025-06-17 14:50:20,959 [ERROR] LogOutputStream:75 - [STDERR_REDIRECT] Jun 17, 2025 2:50:20 PM java.util.prefs.FileSystemPreferences syncWorld
2025-06-17 14:50:20,959 [ERROR] LogOutputStream:75 - [STDERR_REDIRECT] WARNING: Couldn't flush system prefs: java.util.prefs.BackingStoreException: Couldn't get file lock.
2025-06-17 14:50:20,959 [ERROR] LogOutputStream:75 - [STDERR_REDIRECT] 
2025-06-17 14:50:50,959 [ERROR] LogOutputStream:75 - [STDERR_REDIRECT] Jun 17, 2025 2:50:50 PM java.util.prefs.FileSystemPreferences checkLockFile0ErrorCode
2025-06-17 14:50:50,959 [ERROR] LogOutputStream:75 - [STDERR_REDIRECT] WARNING: Could not lock System prefs. Unix error code 2.
2025-06-17 14:50:50,959 [ERROR] LogOutputStream:75 - [STDERR_REDIRECT] 
2025-06-17 14:50:50,959 [ERROR] LogOutputStream:75 - [STDERR_REDIRECT] Jun 17, 2025 2:50:50 PM java.util.prefs.FileSystemPreferences syncWorld
2025-06-17 14:50:50,960 [ERROR] LogOutputStream:75 - [STDERR_REDIRECT] WARNING: Couldn't flush system prefs: java.util.prefs.BackingStoreException: Couldn't get file lock.
2025-06-17 14:50:50,960 [ERROR] LogOutputStream:75 - [STDERR_REDIRECT] 
2025-06-17 14:51:20,959 [ERROR] LogOutputStream:75 - [STDERR_REDIRECT] Jun 17, 2025 2:51:20 PM java.util.prefs.FileSystemPreferences checkLockFile0ErrorCode
2025-06-17 14:51:20,960 [ERROR] LogOutputStream:75 - [STDERR_REDIRECT] WARNING: Could not lock System prefs. Unix error code 2.
2025-06-17 14:51:20,960 [ERROR] LogOutputStream:75 - [STDERR_REDIRECT] 
2025-06-17 14:51:20,960 [ERROR] LogOutputStream:75 - [STDERR_REDIRECT] Jun 17, 2025 2:51:20 PM java.util.prefs.FileSystemPreferences syncWorld
2025-06-17 14:51:20,960 [ERROR] LogOutputStream:75 - [STDERR_REDIRECT] WARNING: Couldn't flush system prefs: java.util.prefs.BackingStoreException: Couldn't get file lock.
2025-06-17 14:51:20,960 [ERROR] LogOutputStream:75 - [STDERR_REDIRECT] 
2025-06-17 14:51:50,959 [ERROR] LogOutputStream:75 - [STDERR_REDIRECT] Jun 17, 2025 2:51:50 PM java.util.prefs.FileSystemPreferences checkLockFile0ErrorCode
2025-06-17 14:51:50,960 [ERROR] LogOutputStream:75 - [STDERR_REDIRECT] WARNING: Could not lock System prefs. Unix error code 2.
2025-06-17 14:51:50,960 [ERROR] LogOutputStream:75 - [STDERR_REDIRECT] 
2025-06-17 14:51:50,960 [ERROR] LogOutputStream:75 - [STDERR_REDIRECT] Jun 17, 2025 2:51:50 PM java.util.prefs.FileSystemPreferences syncWorld
2025-06-17 14:51:50,960 [ERROR] LogOutputStream:75 - [STDERR_REDIRECT] WARNING: Couldn't flush system prefs: java.util.prefs.BackingStoreException: Couldn't get file lock.
2025-06-17 14:51:50,960 [ERROR] LogOutputStream:75 - [STDERR_REDIRECT] 
2025-06-17 14:52:20,959 [ERROR] LogOutputStream:75 - [STDERR_REDIRECT] Jun 17, 2025 2:52:20 PM java.util.prefs.FileSystemPreferences checkLockFile0ErrorCode
2025-06-17 14:52:20,959 [ERROR] LogOutputStream:75 - [STDERR_REDIRECT] WARNING: Could not lock System prefs. Unix error code 2.
2025-06-17 14:52:20,959 [ERROR] LogOutputStream:75 - [STDERR_REDIRECT] 
2025-06-17 14:52:20,960 [ERROR] LogOutputStream:75 - [STDERR_REDIRECT] Jun 17, 2025 2:52:20 PM java.util.prefs.FileSystemPreferences syncWorld
2025-06-17 14:52:20,960 [ERROR] LogOutputStream:75 - [STDERR_REDIRECT] WARNING: Couldn't flush system prefs: java.util.prefs.BackingStoreException: Couldn't get file lock.
2025-06-17 14:52:20,960 [ERROR] LogOutputStream:75 - [STDERR_REDIRECT] 
2025-06-17 14:52:50,959 [ERROR] LogOutputStream:75 - [STDERR_REDIRECT] Jun 17, 2025 2:52:50 PM java.util.prefs.FileSystemPreferences checkLockFile0ErrorCode
2025-06-17 14:52:50,959 [ERROR] LogOutputStream:75 - [STDERR_REDIRECT] WARNING: Could not lock System prefs. Unix error code 2.
2025-06-17 14:52:50,959 [ERROR] LogOutputStream:75 - [STDERR_REDIRECT] 
2025-06-17 14:52:50,960 [ERROR] LogOutputStream:75 - [STDERR_REDIRECT] Jun 17, 2025 2:52:50 PM java.util.prefs.FileSystemPreferences syncWorld
2025-06-17 14:52:50,960 [ERROR] LogOutputStream:75 - [STDERR_REDIRECT] WARNING: Couldn't flush system prefs: java.util.prefs.BackingStoreException: Couldn't get file lock.
2025-06-17 14:52:50,960 [ERROR] LogOutputStream:75 - [STDERR_REDIRECT] 
2025-06-17 14:53:20,959 [ERROR] LogOutputStream:75 - [STDERR_REDIRECT] Jun 17, 2025 2:53:20 PM java.util.prefs.FileSystemPreferences checkLockFile0ErrorCode
2025-06-17 14:53:20,959 [ERROR] LogOutputStream:75 - [STDERR_REDIRECT] WARNING: Could not lock System prefs. Unix error code 2.
2025-06-17 14:53:20,960 [ERROR] LogOutputStream:75 - [STDERR_REDIRECT] 
2025-06-17 14:53:20,960 [ERROR] LogOutputStream:75 - [STDERR_REDIRECT] Jun 17, 2025 2:53:20 PM java.util.prefs.FileSystemPreferences syncWorld
2025-06-17 14:53:20,960 [ERROR] LogOutputStream:75 - [STDERR_REDIRECT] WARNING: Couldn't flush system prefs: java.util.prefs.BackingStoreException: Couldn't get file lock.
2025-06-17 14:53:20,960 [ERROR] LogOutputStream:75 - [STDERR_REDIRECT] 
2025-06-17 14:53:50,960 [ERROR] LogOutputStream:75 - [STDERR_REDIRECT] Jun 17, 2025 2:53:50 PM java.util.prefs.FileSystemPreferences checkLockFile0ErrorCode
2025-06-17 14:53:50,960 [ERROR] LogOutputStream:75 - [STDERR_REDIRECT] WARNING: Could not lock System prefs. Unix error code 2.
2025-06-17 14:53:50,960 [ERROR] LogOutputStream:75 - [STDERR_REDIRECT] 
2025-06-17 14:53:50,960 [ERROR] LogOutputStream:75 - [STDERR_REDIRECT] Jun 17, 2025 2:53:50 PM java.util.prefs.FileSystemPreferences syncWorld
2025-06-17 14:53:50,960 [ERROR] LogOutputStream:75 - [STDERR_REDIRECT] WARNING: Couldn't flush system prefs: java.util.prefs.BackingStoreException: Couldn't get file lock.
2025-06-17 14:53:50,961 [ERROR] LogOutputStream:75 - [STDERR_REDIRECT] 
2025-06-17 14:54:20,959 [ERROR] LogOutputStream:75 - [STDERR_REDIRECT] Jun 17, 2025 2:54:20 PM java.util.prefs.FileSystemPreferences checkLockFile0ErrorCode
2025-06-17 14:54:20,959 [ERROR] LogOutputStream:75 - [STDERR_REDIRECT] WARNING: Could not lock System prefs. Unix error code 2.
2025-06-17 14:54:20,959 [ERROR] LogOutputStream:75 - [STDERR_REDIRECT] 
2025-06-17 14:54:20,959 [ERROR] LogOutputStream:75 - [STDERR_REDIRECT] Jun 17, 2025 2:54:20 PM java.util.prefs.FileSystemPreferences syncWorld
2025-06-17 14:54:20,960 [ERROR] LogOutputStream:75 - [STDERR_REDIRECT] WARNING: Couldn't flush system prefs: java.util.prefs.BackingStoreException: Couldn't get file lock.
2025-06-17 14:54:20,960 [ERROR] LogOutputStream:75 - [STDERR_REDIRECT] 
2025-06-17 14:54:50,959 [ERROR] LogOutputStream:75 - [STDERR_REDIRECT] Jun 17, 2025 2:54:50 PM java.util.prefs.FileSystemPreferences checkLockFile0ErrorCode
2025-06-17 14:54:50,959 [ERROR] LogOutputStream:75 - [STDERR_REDIRECT] WARNING: Could not lock System prefs. Unix error code 2.
2025-06-17 14:54:50,959 [ERROR] LogOutputStream:75 - [STDERR_REDIRECT] 
2025-06-17 14:54:50,959 [ERROR] LogOutputStream:75 - [STDERR_REDIRECT] Jun 17, 2025 2:54:50 PM java.util.prefs.FileSystemPreferences syncWorld
2025-06-17 14:54:50,959 [ERROR] LogOutputStream:75 - [STDERR_REDIRECT] WARNING: Couldn't flush system prefs: java.util.prefs.BackingStoreException: Couldn't get file lock.
2025-06-17 14:54:50,959 [ERROR] LogOutputStream:75 - [STDERR_REDIRECT] 
2025-06-17 14:55:20,960 [ERROR] LogOutputStream:75 - [STDERR_REDIRECT] Jun 17, 2025 2:55:20 PM java.util.prefs.FileSystemPreferences checkLockFile0ErrorCode
2025-06-17 14:55:20,960 [ERROR] LogOutputStream:75 - [STDERR_REDIRECT] WARNING: Could not lock System prefs. Unix error code 2.
2025-06-17 14:55:20,960 [ERROR] LogOutputStream:75 - [STDERR_REDIRECT] 
2025-06-17 14:55:20,960 [ERROR] LogOutputStream:75 - [STDERR_REDIRECT] Jun 17, 2025 2:55:20 PM java.util.prefs.FileSystemPreferences syncWorld
2025-06-17 14:55:20,960 [ERROR] LogOutputStream:75 - [STDERR_REDIRECT] WARNING: Couldn't flush system prefs: java.util.prefs.BackingStoreException: Couldn't get file lock.
2025-06-17 14:55:20,960 [ERROR] LogOutputStream:75 - [STDERR_REDIRECT] 
2025-06-17 14:55:50,959 [ERROR] LogOutputStream:75 - [STDERR_REDIRECT] Jun 17, 2025 2:55:50 PM java.util.prefs.FileSystemPreferences checkLockFile0ErrorCode
2025-06-17 14:55:50,959 [ERROR] LogOutputStream:75 - [STDERR_REDIRECT] WARNING: Could not lock System prefs. Unix error code 2.
2025-06-17 14:55:50,959 [ERROR] LogOutputStream:75 - [STDERR_REDIRECT] 
2025-06-17 14:55:50,960 [ERROR] LogOutputStream:75 - [STDERR_REDIRECT] Jun 17, 2025 2:55:50 PM java.util.prefs.FileSystemPreferences syncWorld
2025-06-17 14:55:50,960 [ERROR] LogOutputStream:75 - [STDERR_REDIRECT] WARNING: Couldn't flush system prefs: java.util.prefs.BackingStoreException: Couldn't get file lock.
2025-06-17 14:55:50,960 [ERROR] LogOutputStream:75 - [STDERR_REDIRECT] 
2025-06-17 14:56:20,959 [ERROR] LogOutputStream:75 - [STDERR_REDIRECT] Jun 17, 2025 2:56:20 PM java.util.prefs.FileSystemPreferences checkLockFile0ErrorCode
2025-06-17 14:56:20,959 [ERROR] LogOutputStream:75 - [STDERR_REDIRECT] WARNING: Could not lock System prefs. Unix error code 2.
2025-06-17 14:56:20,959 [ERROR] LogOutputStream:75 - [STDERR_REDIRECT] 
2025-06-17 14:56:20,960 [ERROR] LogOutputStream:75 - [STDERR_REDIRECT] Jun 17, 2025 2:56:20 PM java.util.prefs.FileSystemPreferences syncWorld
2025-06-17 14:56:20,960 [ERROR] LogOutputStream:75 - [STDERR_REDIRECT] WARNING: Couldn't flush system prefs: java.util.prefs.BackingStoreException: Couldn't get file lock.
2025-06-17 14:56:20,960 [ERROR] LogOutputStream:75 - [STDERR_REDIRECT] 
2025-06-17 14:56:50,959 [ERROR] LogOutputStream:75 - [STDERR_REDIRECT] Jun 17, 2025 2:56:50 PM java.util.prefs.FileSystemPreferences checkLockFile0ErrorCode
2025-06-17 14:56:50,960 [ERROR] LogOutputStream:75 - [STDERR_REDIRECT] WARNING: Could not lock System prefs. Unix error code 2.
2025-06-17 14:56:50,960 [ERROR] LogOutputStream:75 - [STDERR_REDIRECT] 
2025-06-17 14:56:50,960 [ERROR] LogOutputStream:75 - [STDERR_REDIRECT] Jun 17, 2025 2:56:50 PM java.util.prefs.FileSystemPreferences syncWorld
2025-06-17 14:56:50,960 [ERROR] LogOutputStream:75 - [STDERR_REDIRECT] WARNING: Couldn't flush system prefs: java.util.prefs.BackingStoreException: Couldn't get file lock.
2025-06-17 14:56:50,960 [ERROR] LogOutputStream:75 - [STDERR_REDIRECT] 
2025-06-17 14:57:20,959 [ERROR] LogOutputStream:75 - [STDERR_REDIRECT] Jun 17, 2025 2:57:20 PM java.util.prefs.FileSystemPreferences checkLockFile0ErrorCode
2025-06-17 14:57:20,959 [ERROR] LogOutputStream:75 - [STDERR_REDIRECT] WARNING: Could not lock System prefs. Unix error code 2.
2025-06-17 14:57:20,959 [ERROR] LogOutputStream:75 - [STDERR_REDIRECT] 
2025-06-17 14:57:20,959 [ERROR] LogOutputStream:75 - [STDERR_REDIRECT] Jun 17, 2025 2:57:20 PM java.util.prefs.FileSystemPreferences syncWorld
2025-06-17 14:57:20,959 [ERROR] LogOutputStream:75 - [STDERR_REDIRECT] WARNING: Couldn't flush system prefs: java.util.prefs.BackingStoreException: Couldn't get file lock.
2025-06-17 14:57:20,959 [ERROR] LogOutputStream:75 - [STDERR_REDIRECT] 
2025-06-17 14:57:50,959 [ERROR] LogOutputStream:75 - [STDERR_REDIRECT] Jun 17, 2025 2:57:50 PM java.util.prefs.FileSystemPreferences checkLockFile0ErrorCode
2025-06-17 14:57:50,960 [ERROR] LogOutputStream:75 - [STDERR_REDIRECT] WARNING: Could not lock System prefs. Unix error code 2.
2025-06-17 14:57:50,960 [ERROR] LogOutputStream:75 - [STDERR_REDIRECT] 
2025-06-17 14:57:50,960 [ERROR] LogOutputStream:75 - [STDERR_REDIRECT] Jun 17, 2025 2:57:50 PM java.util.prefs.FileSystemPreferences syncWorld
2025-06-17 14:57:50,960 [ERROR] LogOutputStream:75 - [STDERR_REDIRECT] WARNING: Couldn't flush system prefs: java.util.prefs.BackingStoreException: Couldn't get file lock.
2025-06-17 14:57:50,960 [ERROR] LogOutputStream:75 - [STDERR_REDIRECT] 
2025-06-17 14:58:20,961 [ERROR] LogOutputStream:75 - [STDERR_REDIRECT] Jun 17, 2025 2:58:20 PM java.util.prefs.FileSystemPreferences checkLockFile0ErrorCode
2025-06-17 14:58:20,961 [ERROR] LogOutputStream:75 - [STDERR_REDIRECT] WARNING: Could not lock System prefs. Unix error code 2.
2025-06-17 14:58:20,961 [ERROR] LogOutputStream:75 - [STDERR_REDIRECT] 
2025-06-17 14:58:20,961 [ERROR] LogOutputStream:75 - [STDERR_REDIRECT] Jun 17, 2025 2:58:20 PM java.util.prefs.FileSystemPreferences syncWorld
2025-06-17 14:58:20,961 [ERROR] LogOutputStream:75 - [STDERR_REDIRECT] WARNING: Couldn't flush system prefs: java.util.prefs.BackingStoreException: Couldn't get file lock.
2025-06-17 14:58:20,962 [ERROR] LogOutputStream:75 - [STDERR_REDIRECT] 
2025-06-17 14:58:50,961 [ERROR] LogOutputStream:75 - [STDERR_REDIRECT] Jun 17, 2025 2:58:50 PM java.util.prefs.FileSystemPreferences checkLockFile0ErrorCode
2025-06-17 14:58:50,961 [ERROR] LogOutputStream:75 - [STDERR_REDIRECT] WARNING: Could not lock System prefs. Unix error code 2.
2025-06-17 14:58:50,961 [ERROR] LogOutputStream:75 - [STDERR_REDIRECT] 
2025-06-17 14:58:50,961 [ERROR] LogOutputStream:75 - [STDERR_REDIRECT] Jun 17, 2025 2:58:50 PM java.util.prefs.FileSystemPreferences syncWorld
2025-06-17 14:58:50,962 [ERROR] LogOutputStream:75 - [STDERR_REDIRECT] WARNING: Couldn't flush system prefs: java.util.prefs.BackingStoreException: Couldn't get file lock.
2025-06-17 14:58:50,962 [ERROR] LogOutputStream:75 - [STDERR_REDIRECT] 
2025-06-17 14:59:20,961 [ERROR] LogOutputStream:75 - [STDERR_REDIRECT] Jun 17, 2025 2:59:20 PM java.util.prefs.FileSystemPreferences checkLockFile0ErrorCode
2025-06-17 14:59:20,961 [ERROR] LogOutputStream:75 - [STDERR_REDIRECT] WARNING: Could not lock System prefs. Unix error code 2.
2025-06-17 14:59:20,961 [ERROR] LogOutputStream:75 - [STDERR_REDIRECT] 
2025-06-17 14:59:20,961 [ERROR] LogOutputStream:75 - [STDERR_REDIRECT] Jun 17, 2025 2:59:20 PM java.util.prefs.FileSystemPreferences syncWorld
2025-06-17 14:59:20,961 [ERROR] LogOutputStream:75 - [STDERR_REDIRECT] WARNING: Couldn't flush system prefs: java.util.prefs.BackingStoreException: Couldn't get file lock.
2025-06-17 14:59:20,961 [ERROR] LogOutputStream:75 - [STDERR_REDIRECT] 
2025-06-17 14:59:50,962 [ERROR] LogOutputStream:75 - [STDERR_REDIRECT] Jun 17, 2025 2:59:50 PM java.util.prefs.FileSystemPreferences checkLockFile0ErrorCode
2025-06-17 14:59:50,962 [ERROR] LogOutputStream:75 - [STDERR_REDIRECT] WARNING: Could not lock System prefs. Unix error code 2.
2025-06-17 14:59:50,962 [ERROR] LogOutputStream:75 - [STDERR_REDIRECT] 
2025-06-17 14:59:50,962 [ERROR] LogOutputStream:75 - [STDERR_REDIRECT] Jun 17, 2025 2:59:50 PM java.util.prefs.FileSystemPreferences syncWorld
2025-06-17 14:59:50,962 [ERROR] LogOutputStream:75 - [STDERR_REDIRECT] WARNING: Couldn't flush system prefs: java.util.prefs.BackingStoreException: Couldn't get file lock.
2025-06-17 14:59:50,962 [ERROR] LogOutputStream:75 - [STDERR_REDIRECT] 
2025-06-17 15:00:20,962 [ERROR] LogOutputStream:75 - [STDERR_REDIRECT] Jun 17, 2025 3:00:20 PM java.util.prefs.FileSystemPreferences checkLockFile0ErrorCode
2025-06-17 15:00:20,962 [ERROR] LogOutputStream:75 - [STDERR_REDIRECT] WARNING: Could not lock System prefs. Unix error code 2.
2025-06-17 15:00:20,962 [ERROR] LogOutputStream:75 - [STDERR_REDIRECT] 
2025-06-17 15:00:20,962 [ERROR] LogOutputStream:75 - [STDERR_REDIRECT] Jun 17, 2025 3:00:20 PM java.util.prefs.FileSystemPreferences syncWorld
2025-06-17 15:00:20,963 [ERROR] LogOutputStream:75 - [STDERR_REDIRECT] WARNING: Couldn't flush system prefs: java.util.prefs.BackingStoreException: Couldn't get file lock.
2025-06-17 15:00:20,963 [ERROR] LogOutputStream:75 - [STDERR_REDIRECT] 
2025-06-17 15:00:50,962 [ERROR] LogOutputStream:75 - [STDERR_REDIRECT] Jun 17, 2025 3:00:50 PM java.util.prefs.FileSystemPreferences checkLockFile0ErrorCode
2025-06-17 15:00:50,962 [ERROR] LogOutputStream:75 - [STDERR_REDIRECT] WARNING: Could not lock System prefs. Unix error code 2.
2025-06-17 15:00:50,962 [ERROR] LogOutputStream:75 - [STDERR_REDIRECT] 
2025-06-17 15:00:50,962 [ERROR] LogOutputStream:75 - [STDERR_REDIRECT] Jun 17, 2025 3:00:50 PM java.util.prefs.FileSystemPreferences syncWorld
2025-06-17 15:00:50,963 [ERROR] LogOutputStream:75 - [STDERR_REDIRECT] WARNING: Couldn't flush system prefs: java.util.prefs.BackingStoreException: Couldn't get file lock.
2025-06-17 15:00:50,963 [ERROR] LogOutputStream:75 - [STDERR_REDIRECT] 
2025-06-17 15:01:20,962 [ERROR] LogOutputStream:75 - [STDERR_REDIRECT] Jun 17, 2025 3:01:20 PM java.util.prefs.FileSystemPreferences checkLockFile0ErrorCode
2025-06-17 15:01:20,962 [ERROR] LogOutputStream:75 - [STDERR_REDIRECT] WARNING: Could not lock System prefs. Unix error code 2.
2025-06-17 15:01:20,963 [ERROR] LogOutputStream:75 - [STDERR_REDIRECT] 
2025-06-17 15:01:20,963 [ERROR] LogOutputStream:75 - [STDERR_REDIRECT] Jun 17, 2025 3:01:20 PM java.util.prefs.FileSystemPreferences syncWorld
2025-06-17 15:01:20,963 [ERROR] LogOutputStream:75 - [STDERR_REDIRECT] WARNING: Couldn't flush system prefs: java.util.prefs.BackingStoreException: Couldn't get file lock.
2025-06-17 15:01:20,963 [ERROR] LogOutputStream:75 - [STDERR_REDIRECT] 
2025-06-17 15:01:50,963 [ERROR] LogOutputStream:75 - [STDERR_REDIRECT] Jun 17, 2025 3:01:50 PM java.util.prefs.FileSystemPreferences checkLockFile0ErrorCode
2025-06-17 15:01:50,963 [ERROR] LogOutputStream:75 - [STDERR_REDIRECT] WARNING: Could not lock System prefs. Unix error code 2.
2025-06-17 15:01:50,963 [ERROR] LogOutputStream:75 - [STDERR_REDIRECT] 
2025-06-17 15:01:50,963 [ERROR] LogOutputStream:75 - [STDERR_REDIRECT] Jun 17, 2025 3:01:50 PM java.util.prefs.FileSystemPreferences syncWorld
2025-06-17 15:01:50,963 [ERROR] LogOutputStream:75 - [STDERR_REDIRECT] WARNING: Couldn't flush system prefs: java.util.prefs.BackingStoreException: Couldn't get file lock.
2025-06-17 15:01:50,963 [ERROR] LogOutputStream:75 - [STDERR_REDIRECT] 
2025-06-17 15:02:20,963 [ERROR] LogOutputStream:75 - [STDERR_REDIRECT] Jun 17, 2025 3:02:20 PM java.util.prefs.FileSystemPreferences checkLockFile0ErrorCode
2025-06-17 15:02:20,963 [ERROR] LogOutputStream:75 - [STDERR_REDIRECT] WARNING: Could not lock System prefs. Unix error code 2.
2025-06-17 15:02:20,963 [ERROR] LogOutputStream:75 - [STDERR_REDIRECT] 
2025-06-17 15:02:20,964 [ERROR] LogOutputStream:75 - [STDERR_REDIRECT] Jun 17, 2025 3:02:20 PM java.util.prefs.FileSystemPreferences syncWorld
2025-06-17 15:02:20,964 [ERROR] LogOutputStream:75 - [STDERR_REDIRECT] WARNING: Couldn't flush system prefs: java.util.prefs.BackingStoreException: Couldn't get file lock.
2025-06-17 15:02:20,964 [ERROR] LogOutputStream:75 - [STDERR_REDIRECT] 
2025-06-17 15:02:50,963 [ERROR] LogOutputStream:75 - [STDERR_REDIRECT] Jun 17, 2025 3:02:50 PM java.util.prefs.FileSystemPreferences checkLockFile0ErrorCode
2025-06-17 15:02:50,964 [ERROR] LogOutputStream:75 - [STDERR_REDIRECT] WARNING: Could not lock System prefs. Unix error code 2.
2025-06-17 15:02:50,964 [ERROR] LogOutputStream:75 - [STDERR_REDIRECT] 
2025-06-17 15:02:50,964 [ERROR] LogOutputStream:75 - [STDERR_REDIRECT] Jun 17, 2025 3:02:50 PM java.util.prefs.FileSystemPreferences syncWorld
2025-06-17 15:02:50,964 [ERROR] LogOutputStream:75 - [STDERR_REDIRECT] WARNING: Couldn't flush system prefs: java.util.prefs.BackingStoreException: Couldn't get file lock.
2025-06-17 15:02:50,964 [ERROR] LogOutputStream:75 - [STDERR_REDIRECT] 
2025-06-17 15:03:20,965 [ERROR] LogOutputStream:75 - [STDERR_REDIRECT] Jun 17, 2025 3:03:20 PM java.util.prefs.FileSystemPreferences checkLockFile0ErrorCode
2025-06-17 15:03:20,965 [ERROR] LogOutputStream:75 - [STDERR_REDIRECT] WARNING: Could not lock System prefs. Unix error code 2.
2025-06-17 15:03:20,965 [ERROR] LogOutputStream:75 - [STDERR_REDIRECT] 
2025-06-17 15:03:20,966 [ERROR] LogOutputStream:75 - [STDERR_REDIRECT] Jun 17, 2025 3:03:20 PM java.util.prefs.FileSystemPreferences syncWorld
2025-06-17 15:03:20,966 [ERROR] LogOutputStream:75 - [STDERR_REDIRECT] WARNING: Couldn't flush system prefs: java.util.prefs.BackingStoreException: Couldn't get file lock.
2025-06-17 15:03:20,966 [ERROR] LogOutputStream:75 - [STDERR_REDIRECT] 
2025-06-17 15:03:50,965 [ERROR] LogOutputStream:75 - [STDERR_REDIRECT] Jun 17, 2025 3:03:50 PM java.util.prefs.FileSystemPreferences checkLockFile0ErrorCode
2025-06-17 15:03:50,965 [ERROR] LogOutputStream:75 - [STDERR_REDIRECT] WARNING: Could not lock System prefs. Unix error code 2.
2025-06-17 15:03:50,965 [ERROR] LogOutputStream:75 - [STDERR_REDIRECT] 
2025-06-17 15:03:50,966 [ERROR] LogOutputStream:75 - [STDERR_REDIRECT] Jun 17, 2025 3:03:50 PM java.util.prefs.FileSystemPreferences syncWorld
2025-06-17 15:03:50,966 [ERROR] LogOutputStream:75 - [STDERR_REDIRECT] WARNING: Couldn't flush system prefs: java.util.prefs.BackingStoreException: Couldn't get file lock.
2025-06-17 15:03:50,966 [ERROR] LogOutputStream:75 - [STDERR_REDIRECT] 
2025-06-17 15:04:20,964 [ERROR] LogOutputStream:75 - [STDERR_REDIRECT] Jun 17, 2025 3:04:20 PM java.util.prefs.FileSystemPreferences checkLockFile0ErrorCode
2025-06-17 15:04:20,964 [ERROR] LogOutputStream:75 - [STDERR_REDIRECT] WARNING: Could not lock System prefs. Unix error code 2.
2025-06-17 15:04:20,964 [ERROR] LogOutputStream:75 - [STDERR_REDIRECT] 
2025-06-17 15:04:20,964 [ERROR] LogOutputStream:75 - [STDERR_REDIRECT] Jun 17, 2025 3:04:20 PM java.util.prefs.FileSystemPreferences syncWorld
2025-06-17 15:04:20,964 [ERROR] LogOutputStream:75 - [STDERR_REDIRECT] WARNING: Couldn't flush system prefs: java.util.prefs.BackingStoreException: Couldn't get file lock.
2025-06-17 15:04:20,964 [ERROR] LogOutputStream:75 - [STDERR_REDIRECT] 
2025-06-17 15:04:50,965 [ERROR] LogOutputStream:75 - [STDERR_REDIRECT] Jun 17, 2025 3:04:50 PM java.util.prefs.FileSystemPreferences checkLockFile0ErrorCode
2025-06-17 15:04:50,965 [ERROR] LogOutputStream:75 - [STDERR_REDIRECT] WARNING: Could not lock System prefs. Unix error code 2.
2025-06-17 15:04:50,965 [ERROR] LogOutputStream:75 - [STDERR_REDIRECT] 
2025-06-17 15:04:50,965 [ERROR] LogOutputStream:75 - [STDERR_REDIRECT] Jun 17, 2025 3:04:50 PM java.util.prefs.FileSystemPreferences syncWorld
2025-06-17 15:04:50,966 [ERROR] LogOutputStream:75 - [STDERR_REDIRECT] WARNING: Couldn't flush system prefs: java.util.prefs.BackingStoreException: Couldn't get file lock.
2025-06-17 15:04:50,966 [ERROR] LogOutputStream:75 - [STDERR_REDIRECT] 
2025-06-17 15:05:20,965 [ERROR] LogOutputStream:75 - [STDERR_REDIRECT] Jun 17, 2025 3:05:20 PM java.util.prefs.FileSystemPreferences checkLockFile0ErrorCode
2025-06-17 15:05:20,966 [ERROR] LogOutputStream:75 - [STDERR_REDIRECT] WARNING: Could not lock System prefs. Unix error code 2.
2025-06-17 15:05:20,966 [ERROR] LogOutputStream:75 - [STDERR_REDIRECT] 
2025-06-17 15:05:20,966 [ERROR] LogOutputStream:75 - [STDERR_REDIRECT] Jun 17, 2025 3:05:20 PM java.util.prefs.FileSystemPreferences syncWorld
2025-06-17 15:05:20,974 [ERROR] LogOutputStream:75 - [STDERR_REDIRECT] WARNING: Couldn't flush system prefs: java.util.prefs.BackingStoreException: Couldn't get file lock.
2025-06-17 15:05:20,975 [ERROR] LogOutputStream:75 - [STDERR_REDIRECT] 
2025-06-17 15:05:50,965 [ERROR] LogOutputStream:75 - [STDERR_REDIRECT] Jun 17, 2025 3:05:50 PM java.util.prefs.FileSystemPreferences checkLockFile0ErrorCode
2025-06-17 15:05:50,965 [ERROR] LogOutputStream:75 - [STDERR_REDIRECT] WARNING: Could not lock System prefs. Unix error code 2.
2025-06-17 15:05:50,965 [ERROR] LogOutputStream:75 - [STDERR_REDIRECT] 
2025-06-17 15:05:50,966 [ERROR] LogOutputStream:75 - [STDERR_REDIRECT] Jun 17, 2025 3:05:50 PM java.util.prefs.FileSystemPreferences syncWorld
2025-06-17 15:05:50,966 [ERROR] LogOutputStream:75 - [STDERR_REDIRECT] WARNING: Couldn't flush system prefs: java.util.prefs.BackingStoreException: Couldn't get file lock.
2025-06-17 15:05:50,966 [ERROR] LogOutputStream:75 - [STDERR_REDIRECT] 
2025-06-17 15:06:20,966 [ERROR] LogOutputStream:75 - [STDERR_REDIRECT] Jun 17, 2025 3:06:20 PM java.util.prefs.FileSystemPreferences checkLockFile0ErrorCode
2025-06-17 15:06:20,966 [ERROR] LogOutputStream:75 - [STDERR_REDIRECT] WARNING: Could not lock System prefs. Unix error code 2.
2025-06-17 15:06:20,966 [ERROR] LogOutputStream:75 - [STDERR_REDIRECT] 
2025-06-17 15:06:20,966 [ERROR] LogOutputStream:75 - [STDERR_REDIRECT] Jun 17, 2025 3:06:20 PM java.util.prefs.FileSystemPreferences syncWorld
2025-06-17 15:06:20,967 [ERROR] LogOutputStream:75 - [STDERR_REDIRECT] WARNING: Couldn't flush system prefs: java.util.prefs.BackingStoreException: Couldn't get file lock.
2025-06-17 15:06:20,967 [ERROR] LogOutputStream:75 - [STDERR_REDIRECT] 
2025-06-17 15:06:50,965 [ERROR] LogOutputStream:75 - [STDERR_REDIRECT] Jun 17, 2025 3:06:50 PM java.util.prefs.FileSystemPreferences checkLockFile0ErrorCode
2025-06-17 15:06:50,966 [ERROR] LogOutputStream:75 - [STDERR_REDIRECT] WARNING: Could not lock System prefs. Unix error code 2.
2025-06-17 15:06:50,966 [ERROR] LogOutputStream:75 - [STDERR_REDIRECT] 
2025-06-17 15:06:50,966 [ERROR] LogOutputStream:75 - [STDERR_REDIRECT] Jun 17, 2025 3:06:50 PM java.util.prefs.FileSystemPreferences syncWorld
2025-06-17 15:06:50,966 [ERROR] LogOutputStream:75 - [STDERR_REDIRECT] WARNING: Couldn't flush system prefs: java.util.prefs.BackingStoreException: Couldn't get file lock.
2025-06-17 15:06:50,966 [ERROR] LogOutputStream:75 - [STDERR_REDIRECT] 
2025-06-17 15:07:20,966 [ERROR] LogOutputStream:75 - [STDERR_REDIRECT] Jun 17, 2025 3:07:20 PM java.util.prefs.FileSystemPreferences checkLockFile0ErrorCode
2025-06-17 15:07:20,966 [ERROR] LogOutputStream:75 - [STDERR_REDIRECT] WARNING: Could not lock System prefs. Unix error code 2.
2025-06-17 15:07:20,966 [ERROR] LogOutputStream:75 - [STDERR_REDIRECT] 
2025-06-17 15:07:20,966 [ERROR] LogOutputStream:75 - [STDERR_REDIRECT] Jun 17, 2025 3:07:20 PM java.util.prefs.FileSystemPreferences syncWorld
2025-06-17 15:07:20,966 [ERROR] LogOutputStream:75 - [STDERR_REDIRECT] WARNING: Couldn't flush system prefs: java.util.prefs.BackingStoreException: Couldn't get file lock.
2025-06-17 15:07:20,966 [ERROR] LogOutputStream:75 - [STDERR_REDIRECT] 
2025-06-17 15:07:50,966 [ERROR] LogOutputStream:75 - [STDERR_REDIRECT] Jun 17, 2025 3:07:50 PM java.util.prefs.FileSystemPreferences checkLockFile0ErrorCode
2025-06-17 15:07:50,966 [ERROR] LogOutputStream:75 - [STDERR_REDIRECT] WARNING: Could not lock System prefs. Unix error code 2.
2025-06-17 15:07:50,967 [ERROR] LogOutputStream:75 - [STDERR_REDIRECT] 
2025-06-17 15:07:50,967 [ERROR] LogOutputStream:75 - [STDERR_REDIRECT] Jun 17, 2025 3:07:50 PM java.util.prefs.FileSystemPreferences syncWorld
2025-06-17 15:07:50,967 [ERROR] LogOutputStream:75 - [STDERR_REDIRECT] WARNING: Couldn't flush system prefs: java.util.prefs.BackingStoreException: Couldn't get file lock.
2025-06-17 15:07:50,967 [ERROR] LogOutputStream:75 - [STDERR_REDIRECT] 
2025-06-17 15:08:20,967 [ERROR] LogOutputStream:75 - [STDERR_REDIRECT] Jun 17, 2025 3:08:20 PM java.util.prefs.FileSystemPreferences checkLockFile0ErrorCode
2025-06-17 15:08:20,967 [ERROR] LogOutputStream:75 - [STDERR_REDIRECT] WARNING: Could not lock System prefs. Unix error code 2.
2025-06-17 15:08:20,967 [ERROR] LogOutputStream:75 - [STDERR_REDIRECT] 
2025-06-17 15:08:20,967 [ERROR] LogOutputStream:75 - [STDERR_REDIRECT] Jun 17, 2025 3:08:20 PM java.util.prefs.FileSystemPreferences syncWorld
2025-06-17 15:08:20,967 [ERROR] LogOutputStream:75 - [STDERR_REDIRECT] WARNING: Couldn't flush system prefs: java.util.prefs.BackingStoreException: Couldn't get file lock.
2025-06-17 15:08:20,967 [ERROR] LogOutputStream:75 - [STDERR_REDIRECT] 
2025-06-17 15:08:50,967 [ERROR] LogOutputStream:75 - [STDERR_REDIRECT] Jun 17, 2025 3:08:50 PM java.util.prefs.FileSystemPreferences checkLockFile0ErrorCode
2025-06-17 15:08:50,967 [ERROR] LogOutputStream:75 - [STDERR_REDIRECT] WARNING: Could not lock System prefs. Unix error code 2.
2025-06-17 15:08:50,967 [ERROR] LogOutputStream:75 - [STDERR_REDIRECT] 
2025-06-17 15:08:50,967 [ERROR] LogOutputStream:75 - [STDERR_REDIRECT] Jun 17, 2025 3:08:50 PM java.util.prefs.FileSystemPreferences syncWorld
2025-06-17 15:08:50,968 [ERROR] LogOutputStream:75 - [STDERR_REDIRECT] WARNING: Couldn't flush system prefs: java.util.prefs.BackingStoreException: Couldn't get file lock.
2025-06-17 15:08:50,968 [ERROR] LogOutputStream:75 - [STDERR_REDIRECT] 
2025-06-17 15:09:20,966 [ERROR] LogOutputStream:75 - [STDERR_REDIRECT] Jun 17, 2025 3:09:20 PM java.util.prefs.FileSystemPreferences checkLockFile0ErrorCode
2025-06-17 15:09:20,966 [ERROR] LogOutputStream:75 - [STDERR_REDIRECT] WARNING: Could not lock System prefs. Unix error code 2.
2025-06-17 15:09:20,967 [ERROR] LogOutputStream:75 - [STDERR_REDIRECT] 
2025-06-17 15:09:20,967 [ERROR] LogOutputStream:75 - [STDERR_REDIRECT] Jun 17, 2025 3:09:20 PM java.util.prefs.FileSystemPreferences syncWorld
2025-06-17 15:09:20,967 [ERROR] LogOutputStream:75 - [STDERR_REDIRECT] WARNING: Couldn't flush system prefs: java.util.prefs.BackingStoreException: Couldn't get file lock.
2025-06-17 15:09:20,967 [ERROR] LogOutputStream:75 - [STDERR_REDIRECT] 
2025-06-17 15:09:50,967 [ERROR] LogOutputStream:75 - [STDERR_REDIRECT] Jun 17, 2025 3:09:50 PM java.util.prefs.FileSystemPreferences checkLockFile0ErrorCode
2025-06-17 15:09:50,967 [ERROR] LogOutputStream:75 - [STDERR_REDIRECT] WARNING: Could not lock System prefs. Unix error code 2.
2025-06-17 15:09:50,967 [ERROR] LogOutputStream:75 - [STDERR_REDIRECT] 
2025-06-17 15:09:50,967 [ERROR] LogOutputStream:75 - [STDERR_REDIRECT] Jun 17, 2025 3:09:50 PM java.util.prefs.FileSystemPreferences syncWorld
2025-06-17 15:09:50,967 [ERROR] LogOutputStream:75 - [STDERR_REDIRECT] WARNING: Couldn't flush system prefs: java.util.prefs.BackingStoreException: Couldn't get file lock.
2025-06-17 15:09:50,967 [ERROR] LogOutputStream:75 - [STDERR_REDIRECT] 
2025-06-17 15:10:20,968 [ERROR] LogOutputStream:75 - [STDERR_REDIRECT] Jun 17, 2025 3:10:20 PM java.util.prefs.FileSystemPreferences checkLockFile0ErrorCode
2025-06-17 15:10:20,968 [ERROR] LogOutputStream:75 - [STDERR_REDIRECT] WARNING: Could not lock System prefs. Unix error code 2.
2025-06-17 15:10:20,968 [ERROR] LogOutputStream:75 - [STDERR_REDIRECT] 
2025-06-17 15:10:20,968 [ERROR] LogOutputStream:75 - [STDERR_REDIRECT] Jun 17, 2025 3:10:20 PM java.util.prefs.FileSystemPreferences syncWorld
2025-06-17 15:10:20,968 [ERROR] LogOutputStream:75 - [STDERR_REDIRECT] WARNING: Couldn't flush system prefs: java.util.prefs.BackingStoreException: Couldn't get file lock.
2025-06-17 15:10:20,968 [ERROR] LogOutputStream:75 - [STDERR_REDIRECT] 
2025-06-17 15:10:50,968 [ERROR] LogOutputStream:75 - [STDERR_REDIRECT] Jun 17, 2025 3:10:50 PM java.util.prefs.FileSystemPreferences checkLockFile0ErrorCode
2025-06-17 15:10:50,968 [ERROR] LogOutputStream:75 - [STDERR_REDIRECT] WARNING: Could not lock System prefs. Unix error code 2.
2025-06-17 15:10:50,968 [ERROR] LogOutputStream:75 - [STDERR_REDIRECT] 
2025-06-17 15:10:50,968 [ERROR] LogOutputStream:75 - [STDERR_REDIRECT] Jun 17, 2025 3:10:50 PM java.util.prefs.FileSystemPreferences syncWorld
2025-06-17 15:10:50,968 [ERROR] LogOutputStream:75 - [STDERR_REDIRECT] WARNING: Couldn't flush system prefs: java.util.prefs.BackingStoreException: Couldn't get file lock.
2025-06-17 15:10:50,968 [ERROR] LogOutputStream:75 - [STDERR_REDIRECT] 
2025-06-17 15:11:20,970 [ERROR] LogOutputStream:75 - [STDERR_REDIRECT] Jun 17, 2025 3:11:20 PM java.util.prefs.FileSystemPreferences checkLockFile0ErrorCode
2025-06-17 15:11:20,970 [ERROR] LogOutputStream:75 - [STDERR_REDIRECT] WARNING: Could not lock System prefs. Unix error code 2.
2025-06-17 15:11:20,970 [ERROR] LogOutputStream:75 - [STDERR_REDIRECT] 
2025-06-17 15:11:20,970 [ERROR] LogOutputStream:75 - [STDERR_REDIRECT] Jun 17, 2025 3:11:20 PM java.util.prefs.FileSystemPreferences syncWorld
2025-06-17 15:11:20,970 [ERROR] LogOutputStream:75 - [STDERR_REDIRECT] WARNING: Couldn't flush system prefs: java.util.prefs.BackingStoreException: Couldn't get file lock.
2025-06-17 15:11:20,970 [ERROR] LogOutputStream:75 - [STDERR_REDIRECT] 
2025-06-17 15:11:50,971 [ERROR] LogOutputStream:75 - [STDERR_REDIRECT] Jun 17, 2025 3:11:50 PM java.util.prefs.FileSystemPreferences checkLockFile0ErrorCode
2025-06-17 15:11:50,971 [ERROR] LogOutputStream:75 - [STDERR_REDIRECT] WARNING: Could not lock System prefs. Unix error code 2.
2025-06-17 15:11:50,971 [ERROR] LogOutputStream:75 - [STDERR_REDIRECT] 
2025-06-17 15:11:50,972 [ERROR] LogOutputStream:75 - [STDERR_REDIRECT] Jun 17, 2025 3:11:50 PM java.util.prefs.FileSystemPreferences syncWorld
2025-06-17 15:11:50,972 [ERROR] LogOutputStream:75 - [STDERR_REDIRECT] WARNING: Couldn't flush system prefs: java.util.prefs.BackingStoreException: Couldn't get file lock.
2025-06-17 15:11:50,972 [ERROR] LogOutputStream:75 - [STDERR_REDIRECT] 
2025-06-17 15:12:20,971 [ERROR] LogOutputStream:75 - [STDERR_REDIRECT] Jun 17, 2025 3:12:20 PM java.util.prefs.FileSystemPreferences checkLockFile0ErrorCode
2025-06-17 15:12:20,971 [ERROR] LogOutputStream:75 - [STDERR_REDIRECT] WARNING: Could not lock System prefs. Unix error code 2.
2025-06-17 15:12:20,971 [ERROR] LogOutputStream:75 - [STDERR_REDIRECT] 
2025-06-17 15:12:20,971 [ERROR] LogOutputStream:75 - [STDERR_REDIRECT] Jun 17, 2025 3:12:20 PM java.util.prefs.FileSystemPreferences syncWorld
2025-06-17 15:12:20,971 [ERROR] LogOutputStream:75 - [STDERR_REDIRECT] WARNING: Couldn't flush system prefs: java.util.prefs.BackingStoreException: Couldn't get file lock.
2025-06-17 15:12:20,971 [ERROR] LogOutputStream:75 - [STDERR_REDIRECT] 
2025-06-17 15:12:50,972 [ERROR] LogOutputStream:75 - [STDERR_REDIRECT] Jun 17, 2025 3:12:50 PM java.util.prefs.FileSystemPreferences checkLockFile0ErrorCode
2025-06-17 15:12:50,972 [ERROR] LogOutputStream:75 - [STDERR_REDIRECT] WARNING: Could not lock System prefs. Unix error code 2.
2025-06-17 15:12:50,972 [ERROR] LogOutputStream:75 - [STDERR_REDIRECT] 
2025-06-17 15:12:50,972 [ERROR] LogOutputStream:75 - [STDERR_REDIRECT] Jun 17, 2025 3:12:50 PM java.util.prefs.FileSystemPreferences syncWorld
2025-06-17 15:12:50,973 [ERROR] LogOutputStream:75 - [STDERR_REDIRECT] WARNING: Couldn't flush system prefs: java.util.prefs.BackingStoreException: Couldn't get file lock.
2025-06-17 15:12:50,973 [ERROR] LogOutputStream:75 - [STDERR_REDIRECT] 
2025-06-17 15:13:20,971 [ERROR] LogOutputStream:75 - [STDERR_REDIRECT] Jun 17, 2025 3:13:20 PM java.util.prefs.FileSystemPreferences checkLockFile0ErrorCode
2025-06-17 15:13:20,971 [ERROR] LogOutputStream:75 - [STDERR_REDIRECT] WARNING: Could not lock System prefs. Unix error code 2.
2025-06-17 15:13:20,971 [ERROR] LogOutputStream:75 - [STDERR_REDIRECT] 
2025-06-17 15:13:20,971 [ERROR] LogOutputStream:75 - [STDERR_REDIRECT] Jun 17, 2025 3:13:20 PM java.util.prefs.FileSystemPreferences syncWorld
2025-06-17 15:13:20,971 [ERROR] LogOutputStream:75 - [STDERR_REDIRECT] WARNING: Couldn't flush system prefs: java.util.prefs.BackingStoreException: Couldn't get file lock.
2025-06-17 15:13:20,971 [ERROR] LogOutputStream:75 - [STDERR_REDIRECT] 
2025-06-17 15:13:50,972 [ERROR] LogOutputStream:75 - [STDERR_REDIRECT] Jun 17, 2025 3:13:50 PM java.util.prefs.FileSystemPreferences checkLockFile0ErrorCode
2025-06-17 15:13:50,972 [ERROR] LogOutputStream:75 - [STDERR_REDIRECT] WARNING: Could not lock System prefs. Unix error code 2.
2025-06-17 15:13:50,972 [ERROR] LogOutputStream:75 - [STDERR_REDIRECT] 
2025-06-17 15:13:50,972 [ERROR] LogOutputStream:75 - [STDERR_REDIRECT] Jun 17, 2025 3:13:50 PM java.util.prefs.FileSystemPreferences syncWorld
2025-06-17 15:13:50,972 [ERROR] LogOutputStream:75 - [STDERR_REDIRECT] WARNING: Couldn't flush system prefs: java.util.prefs.BackingStoreException: Couldn't get file lock.
2025-06-17 15:13:50,972 [ERROR] LogOutputStream:75 - [STDERR_REDIRECT] 
2025-06-17 15:14:20,973 [ERROR] LogOutputStream:75 - [STDERR_REDIRECT] Jun 17, 2025 3:14:20 PM java.util.prefs.FileSystemPreferences checkLockFile0ErrorCode
2025-06-17 15:14:20,973 [ERROR] LogOutputStream:75 - [STDERR_REDIRECT] WARNING: Could not lock System prefs. Unix error code 2.
2025-06-17 15:14:20,973 [ERROR] LogOutputStream:75 - [STDERR_REDIRECT] 
2025-06-17 15:14:20,974 [ERROR] LogOutputStream:75 - [STDERR_REDIRECT] Jun 17, 2025 3:14:20 PM java.util.prefs.FileSystemPreferences syncWorld
2025-06-17 15:14:20,974 [ERROR] LogOutputStream:75 - [STDERR_REDIRECT] WARNING: Couldn't flush system prefs: java.util.prefs.BackingStoreException: Couldn't get file lock.
2025-06-17 15:14:20,974 [ERROR] LogOutputStream:75 - [STDERR_REDIRECT] 
2025-06-17 15:14:50,974 [ERROR] LogOutputStream:75 - [STDERR_REDIRECT] Jun 17, 2025 3:14:50 PM java.util.prefs.FileSystemPreferences checkLockFile0ErrorCode
2025-06-17 15:14:50,974 [ERROR] LogOutputStream:75 - [STDERR_REDIRECT] WARNING: Could not lock System prefs. Unix error code 2.
2025-06-17 15:14:50,975 [ERROR] LogOutputStream:75 - [STDERR_REDIRECT] 
2025-06-17 15:14:50,975 [ERROR] LogOutputStream:75 - [STDERR_REDIRECT] Jun 17, 2025 3:14:50 PM java.util.prefs.FileSystemPreferences syncWorld
2025-06-17 15:14:50,975 [ERROR] LogOutputStream:75 - [STDERR_REDIRECT] WARNING: Couldn't flush system prefs: java.util.prefs.BackingStoreException: Couldn't get file lock.
2025-06-17 15:14:50,975 [ERROR] LogOutputStream:75 - [STDERR_REDIRECT] 
2025-06-17 15:15:20,973 [ERROR] LogOutputStream:75 - [STDERR_REDIRECT] Jun 17, 2025 3:15:20 PM java.util.prefs.FileSystemPreferences checkLockFile0ErrorCode
2025-06-17 15:15:20,973 [ERROR] LogOutputStream:75 - [STDERR_REDIRECT] WARNING: Could not lock System prefs. Unix error code 2.
2025-06-17 15:15:20,973 [ERROR] LogOutputStream:75 - [STDERR_REDIRECT] 
2025-06-17 15:15:20,974 [ERROR] LogOutputStream:75 - [STDERR_REDIRECT] Jun 17, 2025 3:15:20 PM java.util.prefs.FileSystemPreferences syncWorld
2025-06-17 15:15:20,974 [ERROR] LogOutputStream:75 - [STDERR_REDIRECT] WARNING: Couldn't flush system prefs: java.util.prefs.BackingStoreException: Couldn't get file lock.
2025-06-17 15:15:20,974 [ERROR] LogOutputStream:75 - [STDERR_REDIRECT] 
2025-06-17 15:15:50,974 [ERROR] LogOutputStream:75 - [STDERR_REDIRECT] Jun 17, 2025 3:15:50 PM java.util.prefs.FileSystemPreferences checkLockFile0ErrorCode
2025-06-17 15:15:50,974 [ERROR] LogOutputStream:75 - [STDERR_REDIRECT] WARNING: Could not lock System prefs. Unix error code 2.
2025-06-17 15:15:50,974 [ERROR] LogOutputStream:75 - [STDERR_REDIRECT] 
2025-06-17 15:15:50,974 [ERROR] LogOutputStream:75 - [STDERR_REDIRECT] Jun 17, 2025 3:15:50 PM java.util.prefs.FileSystemPreferences syncWorld
2025-06-17 15:15:50,974 [ERROR] LogOutputStream:75 - [STDERR_REDIRECT] WARNING: Couldn't flush system prefs: java.util.prefs.BackingStoreException: Couldn't get file lock.
2025-06-17 15:15:50,975 [ERROR] LogOutputStream:75 - [STDERR_REDIRECT] 
2025-06-17 15:16:20,973 [ERROR] LogOutputStream:75 - [STDERR_REDIRECT] Jun 17, 2025 3:16:20 PM java.util.prefs.FileSystemPreferences checkLockFile0ErrorCode
2025-06-17 15:16:20,973 [ERROR] LogOutputStream:75 - [STDERR_REDIRECT] WARNING: Could not lock System prefs. Unix error code 2.
2025-06-17 15:16:20,973 [ERROR] LogOutputStream:75 - [STDERR_REDIRECT] 
2025-06-17 15:16:20,974 [ERROR] LogOutputStream:75 - [STDERR_REDIRECT] Jun 17, 2025 3:16:20 PM java.util.prefs.FileSystemPreferences syncWorld
2025-06-17 15:16:20,974 [ERROR] LogOutputStream:75 - [STDERR_REDIRECT] WARNING: Couldn't flush system prefs: java.util.prefs.BackingStoreException: Couldn't get file lock.
2025-06-17 15:16:20,974 [ERROR] LogOutputStream:75 - [STDERR_REDIRECT] 
2025-06-17 15:16:50,973 [ERROR] LogOutputStream:75 - [STDERR_REDIRECT] Jun 17, 2025 3:16:50 PM java.util.prefs.FileSystemPreferences checkLockFile0ErrorCode
2025-06-17 15:16:50,974 [ERROR] LogOutputStream:75 - [STDERR_REDIRECT] WARNING: Could not lock System prefs. Unix error code 2.
2025-06-17 15:16:50,974 [ERROR] LogOutputStream:75 - [STDERR_REDIRECT] 
2025-06-17 15:16:50,974 [ERROR] LogOutputStream:75 - [STDERR_REDIRECT] Jun 17, 2025 3:16:50 PM java.util.prefs.FileSystemPreferences syncWorld
2025-06-17 15:16:50,975 [ERROR] LogOutputStream:75 - [STDERR_REDIRECT] WARNING: Couldn't flush system prefs: java.util.prefs.BackingStoreException: Couldn't get file lock.
2025-06-17 15:16:50,975 [ERROR] LogOutputStream:75 - [STDERR_REDIRECT] 
2025-06-17 15:17:20,972 [ERROR] LogOutputStream:75 - [STDERR_REDIRECT] Jun 17, 2025 3:17:20 PM java.util.prefs.FileSystemPreferences checkLockFile0ErrorCode
2025-06-17 15:17:20,972 [ERROR] LogOutputStream:75 - [STDERR_REDIRECT] WARNING: Could not lock System prefs. Unix error code 2.
2025-06-17 15:17:20,972 [ERROR] LogOutputStream:75 - [STDERR_REDIRECT] 
2025-06-17 15:17:20,973 [ERROR] LogOutputStream:75 - [STDERR_REDIRECT] Jun 17, 2025 3:17:20 PM java.util.prefs.FileSystemPreferences syncWorld
2025-06-17 15:17:20,973 [ERROR] LogOutputStream:75 - [STDERR_REDIRECT] WARNING: Couldn't flush system prefs: java.util.prefs.BackingStoreException: Couldn't get file lock.
2025-06-17 15:17:20,973 [ERROR] LogOutputStream:75 - [STDERR_REDIRECT] 
2025-06-17 15:17:50,973 [ERROR] LogOutputStream:75 - [STDERR_REDIRECT] Jun 17, 2025 3:17:50 PM java.util.prefs.FileSystemPreferences checkLockFile0ErrorCode
2025-06-17 15:17:50,973 [ERROR] LogOutputStream:75 - [STDERR_REDIRECT] WARNING: Could not lock System prefs. Unix error code 2.
2025-06-17 15:17:50,973 [ERROR] LogOutputStream:75 - [STDERR_REDIRECT] 
2025-06-17 15:17:50,974 [ERROR] LogOutputStream:75 - [STDERR_REDIRECT] Jun 17, 2025 3:17:50 PM java.util.prefs.FileSystemPreferences syncWorld
2025-06-17 15:17:50,974 [ERROR] LogOutputStream:75 - [STDERR_REDIRECT] WARNING: Couldn't flush system prefs: java.util.prefs.BackingStoreException: Couldn't get file lock.
2025-06-17 15:17:50,974 [ERROR] LogOutputStream:75 - [STDERR_REDIRECT] 
2025-06-17 15:18:20,973 [ERROR] LogOutputStream:75 - [STDERR_REDIRECT] Jun 17, 2025 3:18:20 PM java.util.prefs.FileSystemPreferences checkLockFile0ErrorCode
2025-06-17 15:18:20,973 [ERROR] LogOutputStream:75 - [STDERR_REDIRECT] WARNING: Could not lock System prefs. Unix error code 2.
2025-06-17 15:18:20,973 [ERROR] LogOutputStream:75 - [STDERR_REDIRECT] 
2025-06-17 15:18:20,974 [ERROR] LogOutputStream:75 - [STDERR_REDIRECT] Jun 17, 2025 3:18:20 PM java.util.prefs.FileSystemPreferences syncWorld
2025-06-17 15:18:20,974 [ERROR] LogOutputStream:75 - [STDERR_REDIRECT] WARNING: Couldn't flush system prefs: java.util.prefs.BackingStoreException: Couldn't get file lock.
2025-06-17 15:18:20,974 [ERROR] LogOutputStream:75 - [STDERR_REDIRECT] 
2025-06-17 15:18:50,973 [ERROR] LogOutputStream:75 - [STDERR_REDIRECT] Jun 17, 2025 3:18:50 PM java.util.prefs.FileSystemPreferences checkLockFile0ErrorCode
2025-06-17 15:18:50,973 [ERROR] LogOutputStream:75 - [STDERR_REDIRECT] WARNING: Could not lock System prefs. Unix error code 2.
2025-06-17 15:18:50,973 [ERROR] LogOutputStream:75 - [STDERR_REDIRECT] 
2025-06-17 15:18:50,973 [ERROR] LogOutputStream:75 - [STDERR_REDIRECT] Jun 17, 2025 3:18:50 PM java.util.prefs.FileSystemPreferences syncWorld
2025-06-17 15:18:50,973 [ERROR] LogOutputStream:75 - [STDERR_REDIRECT] WARNING: Couldn't flush system prefs: java.util.prefs.BackingStoreException: Couldn't get file lock.
2025-06-17 15:18:50,973 [ERROR] LogOutputStream:75 - [STDERR_REDIRECT] 
2025-06-17 15:19:20,973 [ERROR] LogOutputStream:75 - [STDERR_REDIRECT] Jun 17, 2025 3:19:20 PM java.util.prefs.FileSystemPreferences checkLockFile0ErrorCode
2025-06-17 15:19:20,973 [ERROR] LogOutputStream:75 - [STDERR_REDIRECT] WARNING: Could not lock System prefs. Unix error code 2.
2025-06-17 15:19:20,973 [ERROR] LogOutputStream:75 - [STDERR_REDIRECT] 
2025-06-17 15:19:20,973 [ERROR] LogOutputStream:75 - [STDERR_REDIRECT] Jun 17, 2025 3:19:20 PM java.util.prefs.FileSystemPreferences syncWorld
2025-06-17 15:19:20,973 [ERROR] LogOutputStream:75 - [STDERR_REDIRECT] WARNING: Couldn't flush system prefs: java.util.prefs.BackingStoreException: Couldn't get file lock.
2025-06-17 15:19:20,973 [ERROR] LogOutputStream:75 - [STDERR_REDIRECT] 
2025-06-17 15:19:50,974 [ERROR] LogOutputStream:75 - [STDERR_REDIRECT] Jun 17, 2025 3:19:50 PM java.util.prefs.FileSystemPreferences checkLockFile0ErrorCode
2025-06-17 15:19:50,975 [ERROR] LogOutputStream:75 - [STDERR_REDIRECT] WARNING: Could not lock System prefs. Unix error code 2.
2025-06-17 15:19:50,975 [ERROR] LogOutputStream:75 - [STDERR_REDIRECT] 
2025-06-17 15:19:50,975 [ERROR] LogOutputStream:75 - [STDERR_REDIRECT] Jun 17, 2025 3:19:50 PM java.util.prefs.FileSystemPreferences syncWorld
2025-06-17 15:19:50,975 [ERROR] LogOutputStream:75 - [STDERR_REDIRECT] WARNING: Couldn't flush system prefs: java.util.prefs.BackingStoreException: Couldn't get file lock.
2025-06-17 15:19:50,975 [ERROR] LogOutputStream:75 - [STDERR_REDIRECT] 
2025-06-17 15:20:20,974 [ERROR] LogOutputStream:75 - [STDERR_REDIRECT] Jun 17, 2025 3:20:20 PM java.util.prefs.FileSystemPreferences checkLockFile0ErrorCode
2025-06-17 15:20:20,974 [ERROR] LogOutputStream:75 - [STDERR_REDIRECT] WARNING: Could not lock System prefs. Unix error code 2.
2025-06-17 15:20:20,974 [ERROR] LogOutputStream:75 - [STDERR_REDIRECT] 
2025-06-17 15:20:20,974 [ERROR] LogOutputStream:75 - [STDERR_REDIRECT] Jun 17, 2025 3:20:20 PM java.util.prefs.FileSystemPreferences syncWorld
2025-06-17 15:20:20,975 [ERROR] LogOutputStream:75 - [STDERR_REDIRECT] WARNING: Couldn't flush system prefs: java.util.prefs.BackingStoreException: Couldn't get file lock.
2025-06-17 15:20:20,975 [ERROR] LogOutputStream:75 - [STDERR_REDIRECT] 
2025-06-17 15:20:50,974 [ERROR] LogOutputStream:75 - [STDERR_REDIRECT] Jun 17, 2025 3:20:50 PM java.util.prefs.FileSystemPreferences checkLockFile0ErrorCode
2025-06-17 15:20:50,975 [ERROR] LogOutputStream:75 - [STDERR_REDIRECT] WARNING: Could not lock System prefs. Unix error code 2.
2025-06-17 15:20:50,975 [ERROR] LogOutputStream:75 - [STDERR_REDIRECT] 
2025-06-17 15:20:50,975 [ERROR] LogOutputStream:75 - [STDERR_REDIRECT] Jun 17, 2025 3:20:50 PM java.util.prefs.FileSystemPreferences syncWorld
2025-06-17 15:20:50,975 [ERROR] LogOutputStream:75 - [STDERR_REDIRECT] WARNING: Couldn't flush system prefs: java.util.prefs.BackingStoreException: Couldn't get file lock.
2025-06-17 15:20:50,975 [ERROR] LogOutputStream:75 - [STDERR_REDIRECT] 
2025-06-17 15:21:20,974 [ERROR] LogOutputStream:75 - [STDERR_REDIRECT] Jun 17, 2025 3:21:20 PM java.util.prefs.FileSystemPreferences checkLockFile0ErrorCode
2025-06-17 15:21:20,974 [ERROR] LogOutputStream:75 - [STDERR_REDIRECT] WARNING: Could not lock System prefs. Unix error code 2.
2025-06-17 15:21:20,974 [ERROR] LogOutputStream:75 - [STDERR_REDIRECT] 
2025-06-17 15:21:20,975 [ERROR] LogOutputStream:75 - [STDERR_REDIRECT] Jun 17, 2025 3:21:20 PM java.util.prefs.FileSystemPreferences syncWorld
2025-06-17 15:21:20,975 [ERROR] LogOutputStream:75 - [STDERR_REDIRECT] WARNING: Couldn't flush system prefs: java.util.prefs.BackingStoreException: Couldn't get file lock.
2025-06-17 15:21:20,975 [ERROR] LogOutputStream:75 - [STDERR_REDIRECT] 
2025-06-17 15:21:50,974 [ERROR] LogOutputStream:75 - [STDERR_REDIRECT] Jun 17, 2025 3:21:50 PM java.util.prefs.FileSystemPreferences checkLockFile0ErrorCode
2025-06-17 15:21:50,974 [ERROR] LogOutputStream:75 - [STDERR_REDIRECT] WARNING: Could not lock System prefs. Unix error code 2.
2025-06-17 15:21:50,974 [ERROR] LogOutputStream:75 - [STDERR_REDIRECT] 
2025-06-17 15:21:50,974 [ERROR] LogOutputStream:75 - [STDERR_REDIRECT] Jun 17, 2025 3:21:50 PM java.util.prefs.FileSystemPreferences syncWorld
2025-06-17 15:21:50,974 [ERROR] LogOutputStream:75 - [STDERR_REDIRECT] WARNING: Couldn't flush system prefs: java.util.prefs.BackingStoreException: Couldn't get file lock.
2025-06-17 15:21:50,974 [ERROR] LogOutputStream:75 - [STDERR_REDIRECT] 
2025-06-17 15:22:20,974 [ERROR] LogOutputStream:75 - [STDERR_REDIRECT] Jun 17, 2025 3:22:20 PM java.util.prefs.FileSystemPreferences checkLockFile0ErrorCode
2025-06-17 15:22:20,975 [ERROR] LogOutputStream:75 - [STDERR_REDIRECT] WARNING: Could not lock System prefs. Unix error code 2.
2025-06-17 15:22:20,975 [ERROR] LogOutputStream:75 - [STDERR_REDIRECT] 
2025-06-17 15:22:20,975 [ERROR] LogOutputStream:75 - [STDERR_REDIRECT] Jun 17, 2025 3:22:20 PM java.util.prefs.FileSystemPreferences syncWorld
2025-06-17 15:22:20,975 [ERROR] LogOutputStream:75 - [STDERR_REDIRECT] WARNING: Couldn't flush system prefs: java.util.prefs.BackingStoreException: Couldn't get file lock.
2025-06-17 15:22:20,975 [ERROR] LogOutputStream:75 - [STDERR_REDIRECT] 
2025-06-17 15:22:50,976 [ERROR] LogOutputStream:75 - [STDERR_REDIRECT] Jun 17, 2025 3:22:50 PM java.util.prefs.FileSystemPreferences checkLockFile0ErrorCode
2025-06-17 15:22:50,976 [ERROR] LogOutputStream:75 - [STDERR_REDIRECT] WARNING: Could not lock System prefs. Unix error code 2.
2025-06-17 15:22:50,976 [ERROR] LogOutputStream:75 - [STDERR_REDIRECT] 
2025-06-17 15:22:50,976 [ERROR] LogOutputStream:75 - [STDERR_REDIRECT] Jun 17, 2025 3:22:50 PM java.util.prefs.FileSystemPreferences syncWorld
2025-06-17 15:22:50,976 [ERROR] LogOutputStream:75 - [STDERR_REDIRECT] WARNING: Couldn't flush system prefs: java.util.prefs.BackingStoreException: Couldn't get file lock.
2025-06-17 15:22:50,976 [ERROR] LogOutputStream:75 - [STDERR_REDIRECT] 
2025-06-17 15:23:20,975 [ERROR] LogOutputStream:75 - [STDERR_REDIRECT] Jun 17, 2025 3:23:20 PM java.util.prefs.FileSystemPreferences checkLockFile0ErrorCode
2025-06-17 15:23:20,975 [ERROR] LogOutputStream:75 - [STDERR_REDIRECT] WARNING: Could not lock System prefs. Unix error code 2.
2025-06-17 15:23:20,975 [ERROR] LogOutputStream:75 - [STDERR_REDIRECT] 
2025-06-17 15:23:20,975 [ERROR] LogOutputStream:75 - [STDERR_REDIRECT] Jun 17, 2025 3:23:20 PM java.util.prefs.FileSystemPreferences syncWorld
2025-06-17 15:23:20,975 [ERROR] LogOutputStream:75 - [STDERR_REDIRECT] WARNING: Couldn't flush system prefs: java.util.prefs.BackingStoreException: Couldn't get file lock.
2025-06-17 15:23:20,975 [ERROR] LogOutputStream:75 - [STDERR_REDIRECT] 
2025-06-17 15:23:50,975 [ERROR] LogOutputStream:75 - [STDERR_REDIRECT] Jun 17, 2025 3:23:50 PM java.util.prefs.FileSystemPreferences checkLockFile0ErrorCode
2025-06-17 15:23:50,976 [ERROR] LogOutputStream:75 - [STDERR_REDIRECT] WARNING: Could not lock System prefs. Unix error code 2.
2025-06-17 15:23:50,976 [ERROR] LogOutputStream:75 - [STDERR_REDIRECT] 
2025-06-17 15:23:50,976 [ERROR] LogOutputStream:75 - [STDERR_REDIRECT] Jun 17, 2025 3:23:50 PM java.util.prefs.FileSystemPreferences syncWorld
2025-06-17 15:23:50,976 [ERROR] LogOutputStream:75 - [STDERR_REDIRECT] WARNING: Couldn't flush system prefs: java.util.prefs.BackingStoreException: Couldn't get file lock.
2025-06-17 15:23:50,976 [ERROR] LogOutputStream:75 - [STDERR_REDIRECT] 
2025-06-17 15:24:20,975 [ERROR] LogOutputStream:75 - [STDERR_REDIRECT] Jun 17, 2025 3:24:20 PM java.util.prefs.FileSystemPreferences checkLockFile0ErrorCode
2025-06-17 15:24:20,975 [ERROR] LogOutputStream:75 - [STDERR_REDIRECT] WARNING: Could not lock System prefs. Unix error code 2.
2025-06-17 15:24:20,975 [ERROR] LogOutputStream:75 - [STDERR_REDIRECT] 
2025-06-17 15:24:20,976 [ERROR] LogOutputStream:75 - [STDERR_REDIRECT] Jun 17, 2025 3:24:20 PM java.util.prefs.FileSystemPreferences syncWorld
2025-06-17 15:24:20,976 [ERROR] LogOutputStream:75 - [STDERR_REDIRECT] WARNING: Couldn't flush system prefs: java.util.prefs.BackingStoreException: Couldn't get file lock.
2025-06-17 15:24:20,976 [ERROR] LogOutputStream:75 - [STDERR_REDIRECT] 
2025-06-17 15:24:50,975 [ERROR] LogOutputStream:75 - [STDERR_REDIRECT] Jun 17, 2025 3:24:50 PM java.util.prefs.FileSystemPreferences checkLockFile0ErrorCode
2025-06-17 15:24:50,975 [ERROR] LogOutputStream:75 - [STDERR_REDIRECT] WARNING: Could not lock System prefs. Unix error code 2.
2025-06-17 15:24:50,975 [ERROR] LogOutputStream:75 - [STDERR_REDIRECT] 
2025-06-17 15:24:50,975 [ERROR] LogOutputStream:75 - [STDERR_REDIRECT] Jun 17, 2025 3:24:50 PM java.util.prefs.FileSystemPreferences syncWorld
2025-06-17 15:24:50,975 [ERROR] LogOutputStream:75 - [STDERR_REDIRECT] WARNING: Couldn't flush system prefs: java.util.prefs.BackingStoreException: Couldn't get file lock.
2025-06-17 15:24:50,975 [ERROR] LogOutputStream:75 - [STDERR_REDIRECT] 
2025-06-17 15:25:20,975 [ERROR] LogOutputStream:75 - [STDERR_REDIRECT] Jun 17, 2025 3:25:20 PM java.util.prefs.FileSystemPreferences checkLockFile0ErrorCode
2025-06-17 15:25:20,975 [ERROR] LogOutputStream:75 - [STDERR_REDIRECT] WARNING: Could not lock System prefs. Unix error code 2.
2025-06-17 15:25:20,975 [ERROR] LogOutputStream:75 - [STDERR_REDIRECT] 
2025-06-17 15:25:20,975 [ERROR] LogOutputStream:75 - [STDERR_REDIRECT] Jun 17, 2025 3:25:20 PM java.util.prefs.FileSystemPreferences syncWorld
2025-06-17 15:25:20,976 [ERROR] LogOutputStream:75 - [STDERR_REDIRECT] WARNING: Couldn't flush system prefs: java.util.prefs.BackingStoreException: Couldn't get file lock.
2025-06-17 15:25:20,976 [ERROR] LogOutputStream:75 - [STDERR_REDIRECT] 
2025-06-17 15:25:50,975 [ERROR] LogOutputStream:75 - [STDERR_REDIRECT] Jun 17, 2025 3:25:50 PM java.util.prefs.FileSystemPreferences checkLockFile0ErrorCode
2025-06-17 15:25:50,975 [ERROR] LogOutputStream:75 - [STDERR_REDIRECT] WARNING: Could not lock System prefs. Unix error code 2.
2025-06-17 15:25:50,975 [ERROR] LogOutputStream:75 - [STDERR_REDIRECT] 
2025-06-17 15:25:50,975 [ERROR] LogOutputStream:75 - [STDERR_REDIRECT] Jun 17, 2025 3:25:50 PM java.util.prefs.FileSystemPreferences syncWorld
2025-06-17 15:25:50,975 [ERROR] LogOutputStream:75 - [STDERR_REDIRECT] WARNING: Couldn't flush system prefs: java.util.prefs.BackingStoreException: Couldn't get file lock.
2025-06-17 15:25:50,975 [ERROR] LogOutputStream:75 - [STDERR_REDIRECT] 
2025-06-17 15:26:20,975 [ERROR] LogOutputStream:75 - [STDERR_REDIRECT] Jun 17, 2025 3:26:20 PM java.util.prefs.FileSystemPreferences checkLockFile0ErrorCode
2025-06-17 15:26:20,976 [ERROR] LogOutputStream:75 - [STDERR_REDIRECT] WARNING: Could not lock System prefs. Unix error code 2.
2025-06-17 15:26:20,976 [ERROR] LogOutputStream:75 - [STDERR_REDIRECT] 
2025-06-17 15:26:20,976 [ERROR] LogOutputStream:75 - [STDERR_REDIRECT] Jun 17, 2025 3:26:20 PM java.util.prefs.FileSystemPreferences syncWorld
2025-06-17 15:26:20,976 [ERROR] LogOutputStream:75 - [STDERR_REDIRECT] WARNING: Couldn't flush system prefs: java.util.prefs.BackingStoreException: Couldn't get file lock.
2025-06-17 15:26:20,976 [ERROR] LogOutputStream:75 - [STDERR_REDIRECT] 
2025-06-17 15:26:50,975 [ERROR] LogOutputStream:75 - [STDERR_REDIRECT] Jun 17, 2025 3:26:50 PM java.util.prefs.FileSystemPreferences checkLockFile0ErrorCode
2025-06-17 15:26:50,976 [ERROR] LogOutputStream:75 - [STDERR_REDIRECT] WARNING: Could not lock System prefs. Unix error code 2.
2025-06-17 15:26:50,976 [ERROR] LogOutputStream:75 - [STDERR_REDIRECT] 
2025-06-17 15:26:50,976 [ERROR] LogOutputStream:75 - [STDERR_REDIRECT] Jun 17, 2025 3:26:50 PM java.util.prefs.FileSystemPreferences syncWorld
2025-06-17 15:26:50,976 [ERROR] LogOutputStream:75 - [STDERR_REDIRECT] WARNING: Couldn't flush system prefs: java.util.prefs.BackingStoreException: Couldn't get file lock.
2025-06-17 15:26:50,976 [ERROR] LogOutputStream:75 - [STDERR_REDIRECT] 
2025-06-17 15:27:20,975 [ERROR] LogOutputStream:75 - [STDERR_REDIRECT] Jun 17, 2025 3:27:20 PM java.util.prefs.FileSystemPreferences checkLockFile0ErrorCode
2025-06-17 15:27:20,975 [ERROR] LogOutputStream:75 - [STDERR_REDIRECT] WARNING: Could not lock System prefs. Unix error code 2.
2025-06-17 15:27:20,975 [ERROR] LogOutputStream:75 - [STDERR_REDIRECT] 
2025-06-17 15:27:20,976 [ERROR] LogOutputStream:75 - [STDERR_REDIRECT] Jun 17, 2025 3:27:20 PM java.util.prefs.FileSystemPreferences syncWorld
2025-06-17 15:27:20,976 [ERROR] LogOutputStream:75 - [STDERR_REDIRECT] WARNING: Couldn't flush system prefs: java.util.prefs.BackingStoreException: Couldn't get file lock.
2025-06-17 15:27:20,976 [ERROR] LogOutputStream:75 - [STDERR_REDIRECT] 
2025-06-17 15:27:50,975 [ERROR] LogOutputStream:75 - [STDERR_REDIRECT] Jun 17, 2025 3:27:50 PM java.util.prefs.FileSystemPreferences checkLockFile0ErrorCode
2025-06-17 15:27:50,976 [ERROR] LogOutputStream:75 - [STDERR_REDIRECT] WARNING: Could not lock System prefs. Unix error code 2.
2025-06-17 15:27:50,976 [ERROR] LogOutputStream:75 - [STDERR_REDIRECT] 
2025-06-17 15:27:50,976 [ERROR] LogOutputStream:75 - [STDERR_REDIRECT] Jun 17, 2025 3:27:50 PM java.util.prefs.FileSystemPreferences syncWorld
2025-06-17 15:27:50,976 [ERROR] LogOutputStream:75 - [STDERR_REDIRECT] WARNING: Couldn't flush system prefs: java.util.prefs.BackingStoreException: Couldn't get file lock.
2025-06-17 15:27:50,976 [ERROR] LogOutputStream:75 - [STDERR_REDIRECT] 
2025-06-17 15:28:20,975 [ERROR] LogOutputStream:75 - [STDERR_REDIRECT] Jun 17, 2025 3:28:20 PM java.util.prefs.FileSystemPreferences checkLockFile0ErrorCode
2025-06-17 15:28:20,976 [ERROR] LogOutputStream:75 - [STDERR_REDIRECT] WARNING: Could not lock System prefs. Unix error code 2.
2025-06-17 15:28:20,976 [ERROR] LogOutputStream:75 - [STDERR_REDIRECT] 
2025-06-17 15:28:20,976 [ERROR] LogOutputStream:75 - [STDERR_REDIRECT] Jun 17, 2025 3:28:20 PM java.util.prefs.FileSystemPreferences syncWorld
2025-06-17 15:28:20,976 [ERROR] LogOutputStream:75 - [STDERR_REDIRECT] WARNING: Couldn't flush system prefs: java.util.prefs.BackingStoreException: Couldn't get file lock.
2025-06-17 15:28:20,976 [ERROR] LogOutputStream:75 - [STDERR_REDIRECT] 
2025-06-17 15:28:50,976 [ERROR] LogOutputStream:75 - [STDERR_REDIRECT] Jun 17, 2025 3:28:50 PM java.util.prefs.FileSystemPreferences checkLockFile0ErrorCode
2025-06-17 15:28:50,976 [ERROR] LogOutputStream:75 - [STDERR_REDIRECT] WARNING: Could not lock System prefs. Unix error code 2.
2025-06-17 15:28:50,976 [ERROR] LogOutputStream:75 - [STDERR_REDIRECT] 
2025-06-17 15:28:50,977 [ERROR] LogOutputStream:75 - [STDERR_REDIRECT] Jun 17, 2025 3:28:50 PM java.util.prefs.FileSystemPreferences syncWorld
2025-06-17 15:28:50,977 [ERROR] LogOutputStream:75 - [STDERR_REDIRECT] WARNING: Couldn't flush system prefs: java.util.prefs.BackingStoreException: Couldn't get file lock.
2025-06-17 15:28:50,977 [ERROR] LogOutputStream:75 - [STDERR_REDIRECT] 
2025-06-17 15:29:20,976 [ERROR] LogOutputStream:75 - [STDERR_REDIRECT] Jun 17, 2025 3:29:20 PM java.util.prefs.FileSystemPreferences checkLockFile0ErrorCode
2025-06-17 15:29:20,976 [ERROR] LogOutputStream:75 - [STDERR_REDIRECT] WARNING: Could not lock System prefs. Unix error code 2.
2025-06-17 15:29:20,976 [ERROR] LogOutputStream:75 - [STDERR_REDIRECT] 
2025-06-17 15:29:20,976 [ERROR] LogOutputStream:75 - [STDERR_REDIRECT] Jun 17, 2025 3:29:20 PM java.util.prefs.FileSystemPreferences syncWorld
2025-06-17 15:29:20,977 [ERROR] LogOutputStream:75 - [STDERR_REDIRECT] WARNING: Couldn't flush system prefs: java.util.prefs.BackingStoreException: Couldn't get file lock.
2025-06-17 15:29:20,977 [ERROR] LogOutputStream:75 - [STDERR_REDIRECT] 
2025-06-17 15:29:50,976 [ERROR] LogOutputStream:75 - [STDERR_REDIRECT] Jun 17, 2025 3:29:50 PM java.util.prefs.FileSystemPreferences checkLockFile0ErrorCode
2025-06-17 15:29:50,976 [ERROR] LogOutputStream:75 - [STDERR_REDIRECT] WARNING: Could not lock System prefs. Unix error code 2.
2025-06-17 15:29:50,976 [ERROR] LogOutputStream:75 - [STDERR_REDIRECT] 
2025-06-17 15:29:50,976 [ERROR] LogOutputStream:75 - [STDERR_REDIRECT] Jun 17, 2025 3:29:50 PM java.util.prefs.FileSystemPreferences syncWorld
2025-06-17 15:29:50,976 [ERROR] LogOutputStream:75 - [STDERR_REDIRECT] WARNING: Couldn't flush system prefs: java.util.prefs.BackingStoreException: Couldn't get file lock.
2025-06-17 15:29:50,976 [ERROR] LogOutputStream:75 - [STDERR_REDIRECT] 
2025-06-17 15:30:20,977 [ERROR] LogOutputStream:75 - [STDERR_REDIRECT] Jun 17, 2025 3:30:20 PM java.util.prefs.FileSystemPreferences checkLockFile0ErrorCode
2025-06-17 15:30:20,977 [ERROR] LogOutputStream:75 - [STDERR_REDIRECT] WARNING: Could not lock System prefs. Unix error code 2.
2025-06-17 15:30:20,977 [ERROR] LogOutputStream:75 - [STDERR_REDIRECT] 
2025-06-17 15:30:20,977 [ERROR] LogOutputStream:75 - [STDERR_REDIRECT] Jun 17, 2025 3:30:20 PM java.util.prefs.FileSystemPreferences syncWorld
2025-06-17 15:30:20,977 [ERROR] LogOutputStream:75 - [STDERR_REDIRECT] WARNING: Couldn't flush system prefs: java.util.prefs.BackingStoreException: Couldn't get file lock.
2025-06-17 15:30:20,977 [ERROR] LogOutputStream:75 - [STDERR_REDIRECT] 
2025-06-17 15:30:50,976 [ERROR] LogOutputStream:75 - [STDERR_REDIRECT] Jun 17, 2025 3:30:50 PM java.util.prefs.FileSystemPreferences checkLockFile0ErrorCode
2025-06-17 15:30:50,976 [ERROR] LogOutputStream:75 - [STDERR_REDIRECT] WARNING: Could not lock System prefs. Unix error code 2.
2025-06-17 15:30:50,976 [ERROR] LogOutputStream:75 - [STDERR_REDIRECT] 
2025-06-17 15:30:50,976 [ERROR] LogOutputStream:75 - [STDERR_REDIRECT] Jun 17, 2025 3:30:50 PM java.util.prefs.FileSystemPreferences syncWorld
2025-06-17 15:30:50,976 [ERROR] LogOutputStream:75 - [STDERR_REDIRECT] WARNING: Couldn't flush system prefs: java.util.prefs.BackingStoreException: Couldn't get file lock.
2025-06-17 15:30:50,976 [ERROR] LogOutputStream:75 - [STDERR_REDIRECT] 
2025-06-17 15:31:20,976 [ERROR] LogOutputStream:75 - [STDERR_REDIRECT] Jun 17, 2025 3:31:20 PM java.util.prefs.FileSystemPreferences checkLockFile0ErrorCode
2025-06-17 15:31:20,976 [ERROR] LogOutputStream:75 - [STDERR_REDIRECT] WARNING: Could not lock System prefs. Unix error code 2.
2025-06-17 15:31:20,976 [ERROR] LogOutputStream:75 - [STDERR_REDIRECT] 
2025-06-17 15:31:20,977 [ERROR] LogOutputStream:75 - [STDERR_REDIRECT] Jun 17, 2025 3:31:20 PM java.util.prefs.FileSystemPreferences syncWorld
2025-06-17 15:31:20,977 [ERROR] LogOutputStream:75 - [STDERR_REDIRECT] WARNING: Couldn't flush system prefs: java.util.prefs.BackingStoreException: Couldn't get file lock.
2025-06-17 15:31:20,977 [ERROR] LogOutputStream:75 - [STDERR_REDIRECT] 
2025-06-17 15:31:50,976 [ERROR] LogOutputStream:75 - [STDERR_REDIRECT] Jun 17, 2025 3:31:50 PM java.util.prefs.FileSystemPreferences checkLockFile0ErrorCode
2025-06-17 15:31:50,977 [ERROR] LogOutputStream:75 - [STDERR_REDIRECT] WARNING: Could not lock System prefs. Unix error code 2.
2025-06-17 15:31:50,977 [ERROR] LogOutputStream:75 - [STDERR_REDIRECT] 
2025-06-17 15:31:50,977 [ERROR] LogOutputStream:75 - [STDERR_REDIRECT] Jun 17, 2025 3:31:50 PM java.util.prefs.FileSystemPreferences syncWorld
2025-06-17 15:31:50,977 [ERROR] LogOutputStream:75 - [STDERR_REDIRECT] WARNING: Couldn't flush system prefs: java.util.prefs.BackingStoreException: Couldn't get file lock.
2025-06-17 15:31:50,977 [ERROR] LogOutputStream:75 - [STDERR_REDIRECT] 
2025-06-17 15:32:20,976 [ERROR] LogOutputStream:75 - [STDERR_REDIRECT] Jun 17, 2025 3:32:20 PM java.util.prefs.FileSystemPreferences checkLockFile0ErrorCode
2025-06-17 15:32:20,976 [ERROR] LogOutputStream:75 - [STDERR_REDIRECT] WARNING: Could not lock System prefs. Unix error code 2.
2025-06-17 15:32:20,977 [ERROR] LogOutputStream:75 - [STDERR_REDIRECT] 
2025-06-17 15:32:20,977 [ERROR] LogOutputStream:75 - [STDERR_REDIRECT] Jun 17, 2025 3:32:20 PM java.util.prefs.FileSystemPreferences syncWorld
2025-06-17 15:32:20,977 [ERROR] LogOutputStream:75 - [STDERR_REDIRECT] WARNING: Couldn't flush system prefs: java.util.prefs.BackingStoreException: Couldn't get file lock.
2025-06-17 15:32:20,977 [ERROR] LogOutputStream:75 - [STDERR_REDIRECT] 
2025-06-17 15:32:50,976 [ERROR] LogOutputStream:75 - [STDERR_REDIRECT] Jun 17, 2025 3:32:50 PM java.util.prefs.FileSystemPreferences checkLockFile0ErrorCode
2025-06-17 15:32:50,976 [ERROR] LogOutputStream:75 - [STDERR_REDIRECT] WARNING: Could not lock System prefs. Unix error code 2.
2025-06-17 15:32:50,976 [ERROR] LogOutputStream:75 - [STDERR_REDIRECT] 
2025-06-17 15:32:50,976 [ERROR] LogOutputStream:75 - [STDERR_REDIRECT] Jun 17, 2025 3:32:50 PM java.util.prefs.FileSystemPreferences syncWorld
2025-06-17 15:32:50,977 [ERROR] LogOutputStream:75 - [STDERR_REDIRECT] WARNING: Couldn't flush system prefs: java.util.prefs.BackingStoreException: Couldn't get file lock.
2025-06-17 15:32:50,977 [ERROR] LogOutputStream:75 - [STDERR_REDIRECT] 
2025-06-17 15:33:20,976 [ERROR] LogOutputStream:75 - [STDERR_REDIRECT] Jun 17, 2025 3:33:20 PM java.util.prefs.FileSystemPreferences checkLockFile0ErrorCode
2025-06-17 15:33:20,976 [ERROR] LogOutputStream:75 - [STDERR_REDIRECT] WARNING: Could not lock System prefs. Unix error code 2.
2025-06-17 15:33:20,976 [ERROR] LogOutputStream:75 - [STDERR_REDIRECT] 
2025-06-17 15:33:20,976 [ERROR] LogOutputStream:75 - [STDERR_REDIRECT] Jun 17, 2025 3:33:20 PM java.util.prefs.FileSystemPreferences syncWorld
2025-06-17 15:33:20,976 [ERROR] LogOutputStream:75 - [STDERR_REDIRECT] WARNING: Couldn't flush system prefs: java.util.prefs.BackingStoreException: Couldn't get file lock.
2025-06-17 15:33:20,976 [ERROR] LogOutputStream:75 - [STDERR_REDIRECT] 
2025-06-17 15:33:50,977 [ERROR] LogOutputStream:75 - [STDERR_REDIRECT] Jun 17, 2025 3:33:50 PM java.util.prefs.FileSystemPreferences checkLockFile0ErrorCode
2025-06-17 15:33:50,977 [ERROR] LogOutputStream:75 - [STDERR_REDIRECT] WARNING: Could not lock System prefs. Unix error code 2.
2025-06-17 15:33:50,977 [ERROR] LogOutputStream:75 - [STDERR_REDIRECT] 
2025-06-17 15:33:50,978 [ERROR] LogOutputStream:75 - [STDERR_REDIRECT] Jun 17, 2025 3:33:50 PM java.util.prefs.FileSystemPreferences syncWorld
2025-06-17 15:33:50,978 [ERROR] LogOutputStream:75 - [STDERR_REDIRECT] WARNING: Couldn't flush system prefs: java.util.prefs.BackingStoreException: Couldn't get file lock.
2025-06-17 15:33:50,978 [ERROR] LogOutputStream:75 - [STDERR_REDIRECT] 
2025-06-17 15:34:20,978 [ERROR] LogOutputStream:75 - [STDERR_REDIRECT] Jun 17, 2025 3:34:20 PM java.util.prefs.FileSystemPreferences checkLockFile0ErrorCode
2025-06-17 15:34:20,978 [ERROR] LogOutputStream:75 - [STDERR_REDIRECT] WARNING: Could not lock System prefs. Unix error code 2.
2025-06-17 15:34:20,979 [ERROR] LogOutputStream:75 - [STDERR_REDIRECT] 
2025-06-17 15:34:20,979 [ERROR] LogOutputStream:75 - [STDERR_REDIRECT] Jun 17, 2025 3:34:20 PM java.util.prefs.FileSystemPreferences syncWorld
2025-06-17 15:34:20,979 [ERROR] LogOutputStream:75 - [STDERR_REDIRECT] WARNING: Couldn't flush system prefs: java.util.prefs.BackingStoreException: Couldn't get file lock.
2025-06-17 15:34:20,979 [ERROR] LogOutputStream:75 - [STDERR_REDIRECT] 
2025-06-17 15:34:50,978 [ERROR] LogOutputStream:75 - [STDERR_REDIRECT] Jun 17, 2025 3:34:50 PM java.util.prefs.FileSystemPreferences checkLockFile0ErrorCode
2025-06-17 15:34:50,978 [ERROR] LogOutputStream:75 - [STDERR_REDIRECT] WARNING: Could not lock System prefs. Unix error code 2.
2025-06-17 15:34:50,978 [ERROR] LogOutputStream:75 - [STDERR_REDIRECT] 
2025-06-17 15:34:50,979 [ERROR] LogOutputStream:75 - [STDERR_REDIRECT] Jun 17, 2025 3:34:50 PM java.util.prefs.FileSystemPreferences syncWorld
2025-06-17 15:34:50,979 [ERROR] LogOutputStream:75 - [STDERR_REDIRECT] WARNING: Couldn't flush system prefs: java.util.prefs.BackingStoreException: Couldn't get file lock.
2025-06-17 15:34:50,979 [ERROR] LogOutputStream:75 - [STDERR_REDIRECT] 
2025-06-17 15:35:20,978 [ERROR] LogOutputStream:75 - [STDERR_REDIRECT] Jun 17, 2025 3:35:20 PM java.util.prefs.FileSystemPreferences checkLockFile0ErrorCode
2025-06-17 15:35:20,978 [ERROR] LogOutputStream:75 - [STDERR_REDIRECT] WARNING: Could not lock System prefs. Unix error code 2.
2025-06-17 15:35:20,978 [ERROR] LogOutputStream:75 - [STDERR_REDIRECT] 
2025-06-17 15:35:20,979 [ERROR] LogOutputStream:75 - [STDERR_REDIRECT] Jun 17, 2025 3:35:20 PM java.util.prefs.FileSystemPreferences syncWorld
2025-06-17 15:35:20,979 [ERROR] LogOutputStream:75 - [STDERR_REDIRECT] WARNING: Couldn't flush system prefs: java.util.prefs.BackingStoreException: Couldn't get file lock.
2025-06-17 15:35:20,979 [ERROR] LogOutputStream:75 - [STDERR_REDIRECT] 
2025-06-17 15:35:50,978 [ERROR] LogOutputStream:75 - [STDERR_REDIRECT] Jun 17, 2025 3:35:50 PM java.util.prefs.FileSystemPreferences checkLockFile0ErrorCode
2025-06-17 15:35:50,979 [ERROR] LogOutputStream:75 - [STDERR_REDIRECT] WARNING: Could not lock System prefs. Unix error code 2.
2025-06-17 15:35:50,979 [ERROR] LogOutputStream:75 - [STDERR_REDIRECT] 
2025-06-17 15:35:50,979 [ERROR] LogOutputStream:75 - [STDERR_REDIRECT] Jun 17, 2025 3:35:50 PM java.util.prefs.FileSystemPreferences syncWorld
2025-06-17 15:35:50,979 [ERROR] LogOutputStream:75 - [STDERR_REDIRECT] WARNING: Couldn't flush system prefs: java.util.prefs.BackingStoreException: Couldn't get file lock.
2025-06-17 15:35:50,979 [ERROR] LogOutputStream:75 - [STDERR_REDIRECT] 
2025-06-17 15:36:20,978 [ERROR] LogOutputStream:75 - [STDERR_REDIRECT] Jun 17, 2025 3:36:20 PM java.util.prefs.FileSystemPreferences checkLockFile0ErrorCode
2025-06-17 15:36:20,978 [ERROR] LogOutputStream:75 - [STDERR_REDIRECT] WARNING: Could not lock System prefs. Unix error code 2.
2025-06-17 15:36:20,978 [ERROR] LogOutputStream:75 - [STDERR_REDIRECT] 
2025-06-17 15:36:20,979 [ERROR] LogOutputStream:75 - [STDERR_REDIRECT] Jun 17, 2025 3:36:20 PM java.util.prefs.FileSystemPreferences syncWorld
2025-06-17 15:36:20,979 [ERROR] LogOutputStream:75 - [STDERR_REDIRECT] WARNING: Couldn't flush system prefs: java.util.prefs.BackingStoreException: Couldn't get file lock.
2025-06-17 15:36:20,979 [ERROR] LogOutputStream:75 - [STDERR_REDIRECT] 
2025-06-17 15:36:50,978 [ERROR] LogOutputStream:75 - [STDERR_REDIRECT] Jun 17, 2025 3:36:50 PM java.util.prefs.FileSystemPreferences checkLockFile0ErrorCode
2025-06-17 15:36:50,978 [ERROR] LogOutputStream:75 - [STDERR_REDIRECT] WARNING: Could not lock System prefs. Unix error code 2.
2025-06-17 15:36:50,979 [ERROR] LogOutputStream:75 - [STDERR_REDIRECT] 
2025-06-17 15:36:50,979 [ERROR] LogOutputStream:75 - [STDERR_REDIRECT] Jun 17, 2025 3:36:50 PM java.util.prefs.FileSystemPreferences syncWorld
2025-06-17 15:36:50,979 [ERROR] LogOutputStream:75 - [STDERR_REDIRECT] WARNING: Couldn't flush system prefs: java.util.prefs.BackingStoreException: Couldn't get file lock.
2025-06-17 15:36:50,979 [ERROR] LogOutputStream:75 - [STDERR_REDIRECT] 
2025-06-17 15:37:20,979 [ERROR] LogOutputStream:75 - [STDERR_REDIRECT] Jun 17, 2025 3:37:20 PM java.util.prefs.FileSystemPreferences checkLockFile0ErrorCode
2025-06-17 15:37:20,979 [ERROR] LogOutputStream:75 - [STDERR_REDIRECT] WARNING: Could not lock System prefs. Unix error code 2.
2025-06-17 15:37:20,979 [ERROR] LogOutputStream:75 - [STDERR_REDIRECT] 
2025-06-17 15:37:20,979 [ERROR] LogOutputStream:75 - [STDERR_REDIRECT] Jun 17, 2025 3:37:20 PM java.util.prefs.FileSystemPreferences syncWorld
2025-06-17 15:37:20,979 [ERROR] LogOutputStream:75 - [STDERR_REDIRECT] WARNING: Couldn't flush system prefs: java.util.prefs.BackingStoreException: Couldn't get file lock.
2025-06-17 15:37:20,980 [ERROR] LogOutputStream:75 - [STDERR_REDIRECT] 
2025-06-17 15:37:50,978 [ERROR] LogOutputStream:75 - [STDERR_REDIRECT] Jun 17, 2025 3:37:50 PM java.util.prefs.FileSystemPreferences checkLockFile0ErrorCode
2025-06-17 15:37:50,978 [ERROR] LogOutputStream:75 - [STDERR_REDIRECT] WARNING: Could not lock System prefs. Unix error code 2.
2025-06-17 15:37:50,978 [ERROR] LogOutputStream:75 - [STDERR_REDIRECT] 
2025-06-17 15:37:50,978 [ERROR] LogOutputStream:75 - [STDERR_REDIRECT] Jun 17, 2025 3:37:50 PM java.util.prefs.FileSystemPreferences syncWorld
2025-06-17 15:37:50,978 [ERROR] LogOutputStream:75 - [STDERR_REDIRECT] WARNING: Couldn't flush system prefs: java.util.prefs.BackingStoreException: Couldn't get file lock.
2025-06-17 15:37:50,979 [ERROR] LogOutputStream:75 - [STDERR_REDIRECT] 
2025-06-17 15:38:20,978 [ERROR] LogOutputStream:75 - [STDERR_REDIRECT] Jun 17, 2025 3:38:20 PM java.util.prefs.FileSystemPreferences checkLockFile0ErrorCode
2025-06-17 15:38:20,978 [ERROR] LogOutputStream:75 - [STDERR_REDIRECT] WARNING: Could not lock System prefs. Unix error code 2.
2025-06-17 15:38:20,978 [ERROR] LogOutputStream:75 - [STDERR_REDIRECT] 
2025-06-17 15:38:20,978 [ERROR] LogOutputStream:75 - [STDERR_REDIRECT] Jun 17, 2025 3:38:20 PM java.util.prefs.FileSystemPreferences syncWorld
2025-06-17 15:38:20,979 [ERROR] LogOutputStream:75 - [STDERR_REDIRECT] WARNING: Couldn't flush system prefs: java.util.prefs.BackingStoreException: Couldn't get file lock.
2025-06-17 15:38:20,979 [ERROR] LogOutputStream:75 - [STDERR_REDIRECT] 
2025-06-17 15:38:50,978 [ERROR] LogOutputStream:75 - [STDERR_REDIRECT] Jun 17, 2025 3:38:50 PM java.util.prefs.FileSystemPreferences checkLockFile0ErrorCode
2025-06-17 15:38:50,978 [ERROR] LogOutputStream:75 - [STDERR_REDIRECT] WARNING: Could not lock System prefs. Unix error code 2.
2025-06-17 15:38:50,978 [ERROR] LogOutputStream:75 - [STDERR_REDIRECT] 
2025-06-17 15:38:50,978 [ERROR] LogOutputStream:75 - [STDERR_REDIRECT] Jun 17, 2025 3:38:50 PM java.util.prefs.FileSystemPreferences syncWorld
2025-06-17 15:38:50,978 [ERROR] LogOutputStream:75 - [STDERR_REDIRECT] WARNING: Couldn't flush system prefs: java.util.prefs.BackingStoreException: Couldn't get file lock.
2025-06-17 15:38:50,979 [ERROR] LogOutputStream:75 - [STDERR_REDIRECT] 
2025-06-17 15:39:20,978 [ERROR] LogOutputStream:75 - [STDERR_REDIRECT] Jun 17, 2025 3:39:20 PM java.util.prefs.FileSystemPreferences checkLockFile0ErrorCode
2025-06-17 15:39:20,978 [ERROR] LogOutputStream:75 - [STDERR_REDIRECT] WARNING: Could not lock System prefs. Unix error code 2.
2025-06-17 15:39:20,978 [ERROR] LogOutputStream:75 - [STDERR_REDIRECT] 
2025-06-17 15:39:20,978 [ERROR] LogOutputStream:75 - [STDERR_REDIRECT] Jun 17, 2025 3:39:20 PM java.util.prefs.FileSystemPreferences syncWorld
2025-06-17 15:39:20,978 [ERROR] LogOutputStream:75 - [STDERR_REDIRECT] WARNING: Couldn't flush system prefs: java.util.prefs.BackingStoreException: Couldn't get file lock.
2025-06-17 15:39:20,978 [ERROR] LogOutputStream:75 - [STDERR_REDIRECT] 
2025-06-17 15:39:50,979 [ERROR] LogOutputStream:75 - [STDERR_REDIRECT] Jun 17, 2025 3:39:50 PM java.util.prefs.FileSystemPreferences checkLockFile0ErrorCode
2025-06-17 15:39:50,979 [ERROR] LogOutputStream:75 - [STDERR_REDIRECT] WARNING: Could not lock System prefs. Unix error code 2.
2025-06-17 15:39:50,979 [ERROR] LogOutputStream:75 - [STDERR_REDIRECT] 
2025-06-17 15:39:50,979 [ERROR] LogOutputStream:75 - [STDERR_REDIRECT] Jun 17, 2025 3:39:50 PM java.util.prefs.FileSystemPreferences syncWorld
2025-06-17 15:39:50,979 [ERROR] LogOutputStream:75 - [STDERR_REDIRECT] WARNING: Couldn't flush system prefs: java.util.prefs.BackingStoreException: Couldn't get file lock.
2025-06-17 15:39:50,980 [ERROR] LogOutputStream:75 - [STDERR_REDIRECT] 
2025-06-17 15:40:20,978 [ERROR] LogOutputStream:75 - [STDERR_REDIRECT] Jun 17, 2025 3:40:20 PM java.util.prefs.FileSystemPreferences checkLockFile0ErrorCode
2025-06-17 15:40:20,979 [ERROR] LogOutputStream:75 - [STDERR_REDIRECT] WARNING: Could not lock System prefs. Unix error code 2.
2025-06-17 15:40:20,979 [ERROR] LogOutputStream:75 - [STDERR_REDIRECT] 
2025-06-17 15:40:20,979 [ERROR] LogOutputStream:75 - [STDERR_REDIRECT] Jun 17, 2025 3:40:20 PM java.util.prefs.FileSystemPreferences syncWorld
2025-06-17 15:40:20,979 [ERROR] LogOutputStream:75 - [STDERR_REDIRECT] WARNING: Couldn't flush system prefs: java.util.prefs.BackingStoreException: Couldn't get file lock.
2025-06-17 15:40:20,979 [ERROR] LogOutputStream:75 - [STDERR_REDIRECT] 
2025-06-17 15:40:50,978 [ERROR] LogOutputStream:75 - [STDERR_REDIRECT] Jun 17, 2025 3:40:50 PM java.util.prefs.FileSystemPreferences checkLockFile0ErrorCode
2025-06-17 15:40:50,978 [ERROR] LogOutputStream:75 - [STDERR_REDIRECT] WARNING: Could not lock System prefs. Unix error code 2.
2025-06-17 15:40:50,978 [ERROR] LogOutputStream:75 - [STDERR_REDIRECT] 
2025-06-17 15:40:50,979 [ERROR] LogOutputStream:75 - [STDERR_REDIRECT] Jun 17, 2025 3:40:50 PM java.util.prefs.FileSystemPreferences syncWorld
2025-06-17 15:40:50,979 [ERROR] LogOutputStream:75 - [STDERR_REDIRECT] WARNING: Couldn't flush system prefs: java.util.prefs.BackingStoreException: Couldn't get file lock.
2025-06-17 15:40:50,979 [ERROR] LogOutputStream:75 - [STDERR_REDIRECT] 
2025-06-17 15:41:20,977 [ERROR] LogOutputStream:75 - [STDERR_REDIRECT] Jun 17, 2025 3:41:20 PM java.util.prefs.FileSystemPreferences checkLockFile0ErrorCode
2025-06-17 15:41:20,977 [ERROR] LogOutputStream:75 - [STDERR_REDIRECT] WARNING: Could not lock System prefs. Unix error code 2.
2025-06-17 15:41:20,977 [ERROR] LogOutputStream:75 - [STDERR_REDIRECT] 
2025-06-17 15:41:20,978 [ERROR] LogOutputStream:75 - [STDERR_REDIRECT] Jun 17, 2025 3:41:20 PM java.util.prefs.FileSystemPreferences syncWorld
2025-06-17 15:41:20,978 [ERROR] LogOutputStream:75 - [STDERR_REDIRECT] WARNING: Couldn't flush system prefs: java.util.prefs.BackingStoreException: Couldn't get file lock.
2025-06-17 15:41:20,978 [ERROR] LogOutputStream:75 - [STDERR_REDIRECT] 
2025-06-17 15:41:50,978 [ERROR] LogOutputStream:75 - [STDERR_REDIRECT] Jun 17, 2025 3:41:50 PM java.util.prefs.FileSystemPreferences checkLockFile0ErrorCode
2025-06-17 15:41:50,978 [ERROR] LogOutputStream:75 - [STDERR_REDIRECT] WARNING: Could not lock System prefs. Unix error code 2.
2025-06-17 15:41:50,978 [ERROR] LogOutputStream:75 - [STDERR_REDIRECT] 
2025-06-17 15:41:50,979 [ERROR] LogOutputStream:75 - [STDERR_REDIRECT] Jun 17, 2025 3:41:50 PM java.util.prefs.FileSystemPreferences syncWorld
2025-06-17 15:41:50,979 [ERROR] LogOutputStream:75 - [STDERR_REDIRECT] WARNING: Couldn't flush system prefs: java.util.prefs.BackingStoreException: Couldn't get file lock.
2025-06-17 15:41:50,979 [ERROR] LogOutputStream:75 - [STDERR_REDIRECT] 
2025-06-17 15:42:20,978 [ERROR] LogOutputStream:75 - [STDERR_REDIRECT] Jun 17, 2025 3:42:20 PM java.util.prefs.FileSystemPreferences checkLockFile0ErrorCode
2025-06-17 15:42:20,978 [ERROR] LogOutputStream:75 - [STDERR_REDIRECT] WARNING: Could not lock System prefs. Unix error code 2.
2025-06-17 15:42:20,978 [ERROR] LogOutputStream:75 - [STDERR_REDIRECT] 
2025-06-17 15:42:20,978 [ERROR] LogOutputStream:75 - [STDERR_REDIRECT] Jun 17, 2025 3:42:20 PM java.util.prefs.FileSystemPreferences syncWorld
2025-06-17 15:42:20,978 [ERROR] LogOutputStream:75 - [STDERR_REDIRECT] WARNING: Couldn't flush system prefs: java.util.prefs.BackingStoreException: Couldn't get file lock.
2025-06-17 15:42:20,978 [ERROR] LogOutputStream:75 - [STDERR_REDIRECT] 
2025-06-17 15:42:50,978 [ERROR] LogOutputStream:75 - [STDERR_REDIRECT] Jun 17, 2025 3:42:50 PM java.util.prefs.FileSystemPreferences checkLockFile0ErrorCode
2025-06-17 15:42:50,978 [ERROR] LogOutputStream:75 - [STDERR_REDIRECT] WARNING: Could not lock System prefs. Unix error code 2.
2025-06-17 15:42:50,978 [ERROR] LogOutputStream:75 - [STDERR_REDIRECT] 
2025-06-17 15:42:50,978 [ERROR] LogOutputStream:75 - [STDERR_REDIRECT] Jun 17, 2025 3:42:50 PM java.util.prefs.FileSystemPreferences syncWorld
2025-06-17 15:42:50,978 [ERROR] LogOutputStream:75 - [STDERR_REDIRECT] WARNING: Couldn't flush system prefs: java.util.prefs.BackingStoreException: Couldn't get file lock.
2025-06-17 15:42:50,979 [ERROR] LogOutputStream:75 - [STDERR_REDIRECT] 
2025-06-17 15:43:20,978 [ERROR] LogOutputStream:75 - [STDERR_REDIRECT] Jun 17, 2025 3:43:20 PM java.util.prefs.FileSystemPreferences checkLockFile0ErrorCode
2025-06-17 15:43:20,978 [ERROR] LogOutputStream:75 - [STDERR_REDIRECT] WARNING: Could not lock System prefs. Unix error code 2.
2025-06-17 15:43:20,978 [ERROR] LogOutputStream:75 - [STDERR_REDIRECT] 
2025-06-17 15:43:20,978 [ERROR] LogOutputStream:75 - [STDERR_REDIRECT] Jun 17, 2025 3:43:20 PM java.util.prefs.FileSystemPreferences syncWorld
2025-06-17 15:43:20,978 [ERROR] LogOutputStream:75 - [STDERR_REDIRECT] WARNING: Couldn't flush system prefs: java.util.prefs.BackingStoreException: Couldn't get file lock.
2025-06-17 15:43:20,978 [ERROR] LogOutputStream:75 - [STDERR_REDIRECT] 
2025-06-17 15:43:50,978 [ERROR] LogOutputStream:75 - [STDERR_REDIRECT] Jun 17, 2025 3:43:50 PM java.util.prefs.FileSystemPreferences checkLockFile0ErrorCode
2025-06-17 15:43:50,979 [ERROR] LogOutputStream:75 - [STDERR_REDIRECT] WARNING: Could not lock System prefs. Unix error code 2.
2025-06-17 15:43:50,979 [ERROR] LogOutputStream:75 - [STDERR_REDIRECT] 
2025-06-17 15:43:50,979 [ERROR] LogOutputStream:75 - [STDERR_REDIRECT] Jun 17, 2025 3:43:50 PM java.util.prefs.FileSystemPreferences syncWorld
2025-06-17 15:43:50,979 [ERROR] LogOutputStream:75 - [STDERR_REDIRECT] WARNING: Couldn't flush system prefs: java.util.prefs.BackingStoreException: Couldn't get file lock.
2025-06-17 15:43:50,979 [ERROR] LogOutputStream:75 - [STDERR_REDIRECT] 
2025-06-17 15:44:20,977 [ERROR] LogOutputStream:75 - [STDERR_REDIRECT] Jun 17, 2025 3:44:20 PM java.util.prefs.FileSystemPreferences checkLockFile0ErrorCode
2025-06-17 15:44:20,977 [ERROR] LogOutputStream:75 - [STDERR_REDIRECT] WARNING: Could not lock System prefs. Unix error code 2.
2025-06-17 15:44:20,977 [ERROR] LogOutputStream:75 - [STDERR_REDIRECT] 
2025-06-17 15:44:20,978 [ERROR] LogOutputStream:75 - [STDERR_REDIRECT] Jun 17, 2025 3:44:20 PM java.util.prefs.FileSystemPreferences syncWorld
2025-06-17 15:44:20,978 [ERROR] LogOutputStream:75 - [STDERR_REDIRECT] WARNING: Couldn't flush system prefs: java.util.prefs.BackingStoreException: Couldn't get file lock.
2025-06-17 15:44:20,978 [ERROR] LogOutputStream:75 - [STDERR_REDIRECT] 
2025-06-17 15:44:50,978 [ERROR] LogOutputStream:75 - [STDERR_REDIRECT] Jun 17, 2025 3:44:50 PM java.util.prefs.FileSystemPreferences checkLockFile0ErrorCode
2025-06-17 15:44:50,978 [ERROR] LogOutputStream:75 - [STDERR_REDIRECT] WARNING: Could not lock System prefs. Unix error code 2.
2025-06-17 15:44:50,978 [ERROR] LogOutputStream:75 - [STDERR_REDIRECT] 
2025-06-17 15:44:50,979 [ERROR] LogOutputStream:75 - [STDERR_REDIRECT] Jun 17, 2025 3:44:50 PM java.util.prefs.FileSystemPreferences syncWorld
2025-06-17 15:44:50,979 [ERROR] LogOutputStream:75 - [STDERR_REDIRECT] WARNING: Couldn't flush system prefs: java.util.prefs.BackingStoreException: Couldn't get file lock.
2025-06-17 15:44:50,979 [ERROR] LogOutputStream:75 - [STDERR_REDIRECT] 
2025-06-17 15:45:20,978 [ERROR] LogOutputStream:75 - [STDERR_REDIRECT] Jun 17, 2025 3:45:20 PM java.util.prefs.FileSystemPreferences checkLockFile0ErrorCode
2025-06-17 15:45:20,978 [ERROR] LogOutputStream:75 - [STDERR_REDIRECT] WARNING: Could not lock System prefs. Unix error code 2.
2025-06-17 15:45:20,978 [ERROR] LogOutputStream:75 - [STDERR_REDIRECT] 
2025-06-17 15:45:20,978 [ERROR] LogOutputStream:75 - [STDERR_REDIRECT] Jun 17, 2025 3:45:20 PM java.util.prefs.FileSystemPreferences syncWorld
2025-06-17 15:45:20,979 [ERROR] LogOutputStream:75 - [STDERR_REDIRECT] WARNING: Couldn't flush system prefs: java.util.prefs.BackingStoreException: Couldn't get file lock.
2025-06-17 15:45:20,979 [ERROR] LogOutputStream:75 - [STDERR_REDIRECT] 
2025-06-17 15:45:50,978 [ERROR] LogOutputStream:75 - [STDERR_REDIRECT] Jun 17, 2025 3:45:50 PM java.util.prefs.FileSystemPreferences checkLockFile0ErrorCode
2025-06-17 15:45:50,978 [ERROR] LogOutputStream:75 - [STDERR_REDIRECT] WARNING: Could not lock System prefs. Unix error code 2.
2025-06-17 15:45:50,978 [ERROR] LogOutputStream:75 - [STDERR_REDIRECT] 
2025-06-17 15:45:50,979 [ERROR] LogOutputStream:75 - [STDERR_REDIRECT] Jun 17, 2025 3:45:50 PM java.util.prefs.FileSystemPreferences syncWorld
2025-06-17 15:45:50,979 [ERROR] LogOutputStream:75 - [STDERR_REDIRECT] WARNING: Couldn't flush system prefs: java.util.prefs.BackingStoreException: Couldn't get file lock.
2025-06-17 15:45:50,979 [ERROR] LogOutputStream:75 - [STDERR_REDIRECT] 
2025-06-17 15:46:20,978 [ERROR] LogOutputStream:75 - [STDERR_REDIRECT] Jun 17, 2025 3:46:20 PM java.util.prefs.FileSystemPreferences checkLockFile0ErrorCode
2025-06-17 15:46:20,979 [ERROR] LogOutputStream:75 - [STDERR_REDIRECT] WARNING: Could not lock System prefs. Unix error code 2.
2025-06-17 15:46:20,979 [ERROR] LogOutputStream:75 - [STDERR_REDIRECT] 
2025-06-17 15:46:20,979 [ERROR] LogOutputStream:75 - [STDERR_REDIRECT] Jun 17, 2025 3:46:20 PM java.util.prefs.FileSystemPreferences syncWorld
2025-06-17 15:46:20,979 [ERROR] LogOutputStream:75 - [STDERR_REDIRECT] WARNING: Couldn't flush system prefs: java.util.prefs.BackingStoreException: Couldn't get file lock.
2025-06-17 15:46:20,979 [ERROR] LogOutputStream:75 - [STDERR_REDIRECT] 
2025-06-17 15:46:50,979 [ERROR] LogOutputStream:75 - [STDERR_REDIRECT] Jun 17, 2025 3:46:50 PM java.util.prefs.FileSystemPreferences checkLockFile0ErrorCode
2025-06-17 15:46:50,979 [ERROR] LogOutputStream:75 - [STDERR_REDIRECT] WARNING: Could not lock System prefs. Unix error code 2.
2025-06-17 15:46:50,979 [ERROR] LogOutputStream:75 - [STDERR_REDIRECT] 
2025-06-17 15:46:50,979 [ERROR] LogOutputStream:75 - [STDERR_REDIRECT] Jun 17, 2025 3:46:50 PM java.util.prefs.FileSystemPreferences syncWorld
2025-06-17 15:46:50,979 [ERROR] LogOutputStream:75 - [STDERR_REDIRECT] WARNING: Couldn't flush system prefs: java.util.prefs.BackingStoreException: Couldn't get file lock.
2025-06-17 15:46:50,979 [ERROR] LogOutputStream:75 - [STDERR_REDIRECT] 
2025-06-17 15:47:20,978 [ERROR] LogOutputStream:75 - [STDERR_REDIRECT] Jun 17, 2025 3:47:20 PM java.util.prefs.FileSystemPreferences checkLockFile0ErrorCode
2025-06-17 15:47:20,979 [ERROR] LogOutputStream:75 - [STDERR_REDIRECT] WARNING: Could not lock System prefs. Unix error code 2.
2025-06-17 15:47:20,979 [ERROR] LogOutputStream:75 - [STDERR_REDIRECT] 
2025-06-17 15:47:20,979 [ERROR] LogOutputStream:75 - [STDERR_REDIRECT] Jun 17, 2025 3:47:20 PM java.util.prefs.FileSystemPreferences syncWorld
2025-06-17 15:47:20,979 [ERROR] LogOutputStream:75 - [STDERR_REDIRECT] WARNING: Couldn't flush system prefs: java.util.prefs.BackingStoreException: Couldn't get file lock.
2025-06-17 15:47:20,979 [ERROR] LogOutputStream:75 - [STDERR_REDIRECT] 
2025-06-17 15:47:50,978 [ERROR] LogOutputStream:75 - [STDERR_REDIRECT] Jun 17, 2025 3:47:50 PM java.util.prefs.FileSystemPreferences checkLockFile0ErrorCode
2025-06-17 15:47:50,978 [ERROR] LogOutputStream:75 - [STDERR_REDIRECT] WARNING: Could not lock System prefs. Unix error code 2.
2025-06-17 15:47:50,978 [ERROR] LogOutputStream:75 - [STDERR_REDIRECT] 
2025-06-17 15:47:50,979 [ERROR] LogOutputStream:75 - [STDERR_REDIRECT] Jun 17, 2025 3:47:50 PM java.util.prefs.FileSystemPreferences syncWorld
2025-06-17 15:47:50,979 [ERROR] LogOutputStream:75 - [STDERR_REDIRECT] WARNING: Couldn't flush system prefs: java.util.prefs.BackingStoreException: Couldn't get file lock.
2025-06-17 15:47:50,979 [ERROR] LogOutputStream:75 - [STDERR_REDIRECT] 
2025-06-17 15:48:20,978 [ERROR] LogOutputStream:75 - [STDERR_REDIRECT] Jun 17, 2025 3:48:20 PM java.util.prefs.FileSystemPreferences checkLockFile0ErrorCode
2025-06-17 15:48:20,978 [ERROR] LogOutputStream:75 - [STDERR_REDIRECT] WARNING: Could not lock System prefs. Unix error code 2.
2025-06-17 15:48:20,978 [ERROR] LogOutputStream:75 - [STDERR_REDIRECT] 
2025-06-17 15:48:20,978 [ERROR] LogOutputStream:75 - [STDERR_REDIRECT] Jun 17, 2025 3:48:20 PM java.util.prefs.FileSystemPreferences syncWorld
2025-06-17 15:48:20,978 [ERROR] LogOutputStream:75 - [STDERR_REDIRECT] WARNING: Couldn't flush system prefs: java.util.prefs.BackingStoreException: Couldn't get file lock.
2025-06-17 15:48:20,978 [ERROR] LogOutputStream:75 - [STDERR_REDIRECT] 
2025-06-17 15:48:50,979 [ERROR] LogOutputStream:75 - [STDERR_REDIRECT] Jun 17, 2025 3:48:50 PM java.util.prefs.FileSystemPreferences checkLockFile0ErrorCode
2025-06-17 15:48:50,979 [ERROR] LogOutputStream:75 - [STDERR_REDIRECT] WARNING: Could not lock System prefs. Unix error code 2.
2025-06-17 15:48:50,979 [ERROR] LogOutputStream:75 - [STDERR_REDIRECT] 
2025-06-17 15:48:50,979 [ERROR] LogOutputStream:75 - [STDERR_REDIRECT] Jun 17, 2025 3:48:50 PM java.util.prefs.FileSystemPreferences syncWorld
2025-06-17 15:48:50,979 [ERROR] LogOutputStream:75 - [STDERR_REDIRECT] WARNING: Couldn't flush system prefs: java.util.prefs.BackingStoreException: Couldn't get file lock.
2025-06-17 15:48:50,979 [ERROR] LogOutputStream:75 - [STDERR_REDIRECT] 
2025-06-17 15:49:20,979 [ERROR] LogOutputStream:75 - [STDERR_REDIRECT] Jun 17, 2025 3:49:20 PM java.util.prefs.FileSystemPreferences checkLockFile0ErrorCode
2025-06-17 15:49:20,980 [ERROR] LogOutputStream:75 - [STDERR_REDIRECT] WARNING: Could not lock System prefs. Unix error code 2.
2025-06-17 15:49:20,980 [ERROR] LogOutputStream:75 - [STDERR_REDIRECT] 
2025-06-17 15:49:20,980 [ERROR] LogOutputStream:75 - [STDERR_REDIRECT] Jun 17, 2025 3:49:20 PM java.util.prefs.FileSystemPreferences syncWorld
2025-06-17 15:49:20,980 [ERROR] LogOutputStream:75 - [STDERR_REDIRECT] WARNING: Couldn't flush system prefs: java.util.prefs.BackingStoreException: Couldn't get file lock.
2025-06-17 15:49:20,980 [ERROR] LogOutputStream:75 - [STDERR_REDIRECT] 
2025-06-17 15:49:50,980 [ERROR] LogOutputStream:75 - [STDERR_REDIRECT] Jun 17, 2025 3:49:50 PM java.util.prefs.FileSystemPreferences checkLockFile0ErrorCode
2025-06-17 15:49:50,980 [ERROR] LogOutputStream:75 - [STDERR_REDIRECT] WARNING: Could not lock System prefs. Unix error code 2.
2025-06-17 15:49:50,980 [ERROR] LogOutputStream:75 - [STDERR_REDIRECT] 
2025-06-17 15:49:50,980 [ERROR] LogOutputStream:75 - [STDERR_REDIRECT] Jun 17, 2025 3:49:50 PM java.util.prefs.FileSystemPreferences syncWorld
2025-06-17 15:49:50,980 [ERROR] LogOutputStream:75 - [STDERR_REDIRECT] WARNING: Couldn't flush system prefs: java.util.prefs.BackingStoreException: Couldn't get file lock.
2025-06-17 15:49:50,980 [ERROR] LogOutputStream:75 - [STDERR_REDIRECT] 
2025-06-17 15:50:20,981 [ERROR] LogOutputStream:75 - [STDERR_REDIRECT] Jun 17, 2025 3:50:20 PM java.util.prefs.FileSystemPreferences checkLockFile0ErrorCode
2025-06-17 15:50:20,981 [ERROR] LogOutputStream:75 - [STDERR_REDIRECT] WARNING: Could not lock System prefs. Unix error code 2.
2025-06-17 15:50:20,981 [ERROR] LogOutputStream:75 - [STDERR_REDIRECT] 
2025-06-17 15:50:20,981 [ERROR] LogOutputStream:75 - [STDERR_REDIRECT] Jun 17, 2025 3:50:20 PM java.util.prefs.FileSystemPreferences syncWorld
2025-06-17 15:50:20,989 [ERROR] LogOutputStream:75 - [STDERR_REDIRECT] WARNING: Couldn't flush system prefs: java.util.prefs.BackingStoreException: Couldn't get file lock.
2025-06-17 15:50:20,990 [ERROR] LogOutputStream:75 - [STDERR_REDIRECT] 
2025-06-17 15:50:50,981 [ERROR] LogOutputStream:75 - [STDERR_REDIRECT] Jun 17, 2025 3:50:50 PM java.util.prefs.FileSystemPreferences checkLockFile0ErrorCode
2025-06-17 15:50:50,981 [ERROR] LogOutputStream:75 - [STDERR_REDIRECT] WARNING: Could not lock System prefs. Unix error code 2.
2025-06-17 15:50:50,981 [ERROR] LogOutputStream:75 - [STDERR_REDIRECT] 
2025-06-17 15:50:50,982 [ERROR] LogOutputStream:75 - [STDERR_REDIRECT] Jun 17, 2025 3:50:50 PM java.util.prefs.FileSystemPreferences syncWorld
2025-06-17 15:50:50,982 [ERROR] LogOutputStream:75 - [STDERR_REDIRECT] WARNING: Couldn't flush system prefs: java.util.prefs.BackingStoreException: Couldn't get file lock.
2025-06-17 15:50:50,982 [ERROR] LogOutputStream:75 - [STDERR_REDIRECT] 
2025-06-17 15:51:20,982 [ERROR] LogOutputStream:75 - [STDERR_REDIRECT] Jun 17, 2025 3:51:20 PM java.util.prefs.FileSystemPreferences checkLockFile0ErrorCode
2025-06-17 15:51:20,982 [ERROR] LogOutputStream:75 - [STDERR_REDIRECT] WARNING: Could not lock System prefs. Unix error code 2.
2025-06-17 15:51:20,982 [ERROR] LogOutputStream:75 - [STDERR_REDIRECT] 
2025-06-17 15:51:20,982 [ERROR] LogOutputStream:75 - [STDERR_REDIRECT] Jun 17, 2025 3:51:20 PM java.util.prefs.FileSystemPreferences syncWorld
2025-06-17 15:51:20,982 [ERROR] LogOutputStream:75 - [STDERR_REDIRECT] WARNING: Couldn't flush system prefs: java.util.prefs.BackingStoreException: Couldn't get file lock.
2025-06-17 15:51:20,982 [ERROR] LogOutputStream:75 - [STDERR_REDIRECT] 
2025-06-17 15:51:50,982 [ERROR] LogOutputStream:75 - [STDERR_REDIRECT] Jun 17, 2025 3:51:50 PM java.util.prefs.FileSystemPreferences checkLockFile0ErrorCode
2025-06-17 15:51:50,982 [ERROR] LogOutputStream:75 - [STDERR_REDIRECT] WARNING: Could not lock System prefs. Unix error code 2.
2025-06-17 15:51:50,982 [ERROR] LogOutputStream:75 - [STDERR_REDIRECT] 
2025-06-17 15:51:50,983 [ERROR] LogOutputStream:75 - [STDERR_REDIRECT] Jun 17, 2025 3:51:50 PM java.util.prefs.FileSystemPreferences syncWorld
2025-06-17 15:51:50,983 [ERROR] LogOutputStream:75 - [STDERR_REDIRECT] WARNING: Couldn't flush system prefs: java.util.prefs.BackingStoreException: Couldn't get file lock.
2025-06-17 15:51:50,983 [ERROR] LogOutputStream:75 - [STDERR_REDIRECT] 
2025-06-17 15:52:20,982 [ERROR] LogOutputStream:75 - [STDERR_REDIRECT] Jun 17, 2025 3:52:20 PM java.util.prefs.FileSystemPreferences checkLockFile0ErrorCode
2025-06-17 15:52:20,982 [ERROR] LogOutputStream:75 - [STDERR_REDIRECT] WARNING: Could not lock System prefs. Unix error code 2.
2025-06-17 15:52:20,982 [ERROR] LogOutputStream:75 - [STDERR_REDIRECT] 
2025-06-17 15:52:20,982 [ERROR] LogOutputStream:75 - [STDERR_REDIRECT] Jun 17, 2025 3:52:20 PM java.util.prefs.FileSystemPreferences syncWorld
2025-06-17 15:52:20,982 [ERROR] LogOutputStream:75 - [STDERR_REDIRECT] WARNING: Couldn't flush system prefs: java.util.prefs.BackingStoreException: Couldn't get file lock.
2025-06-17 15:52:20,982 [ERROR] LogOutputStream:75 - [STDERR_REDIRECT] 
2025-06-17 15:52:50,983 [ERROR] LogOutputStream:75 - [STDERR_REDIRECT] Jun 17, 2025 3:52:50 PM java.util.prefs.FileSystemPreferences checkLockFile0ErrorCode
2025-06-17 15:52:50,983 [ERROR] LogOutputStream:75 - [STDERR_REDIRECT] WARNING: Could not lock System prefs. Unix error code 2.
2025-06-17 15:52:50,983 [ERROR] LogOutputStream:75 - [STDERR_REDIRECT] 
2025-06-17 15:52:50,983 [ERROR] LogOutputStream:75 - [STDERR_REDIRECT] Jun 17, 2025 3:52:50 PM java.util.prefs.FileSystemPreferences syncWorld
2025-06-17 15:52:50,983 [ERROR] LogOutputStream:75 - [STDERR_REDIRECT] WARNING: Couldn't flush system prefs: java.util.prefs.BackingStoreException: Couldn't get file lock.
2025-06-17 15:52:50,983 [ERROR] LogOutputStream:75 - [STDERR_REDIRECT] 
2025-06-17 15:53:20,983 [ERROR] LogOutputStream:75 - [STDERR_REDIRECT] Jun 17, 2025 3:53:20 PM java.util.prefs.FileSystemPreferences checkLockFile0ErrorCode
2025-06-17 15:53:20,983 [ERROR] LogOutputStream:75 - [STDERR_REDIRECT] WARNING: Could not lock System prefs. Unix error code 2.
2025-06-17 15:53:20,983 [ERROR] LogOutputStream:75 - [STDERR_REDIRECT] 
2025-06-17 15:53:20,983 [ERROR] LogOutputStream:75 - [STDERR_REDIRECT] Jun 17, 2025 3:53:20 PM java.util.prefs.FileSystemPreferences syncWorld
2025-06-17 15:53:20,983 [ERROR] LogOutputStream:75 - [STDERR_REDIRECT] WARNING: Couldn't flush system prefs: java.util.prefs.BackingStoreException: Couldn't get file lock.
2025-06-17 15:53:20,983 [ERROR] LogOutputStream:75 - [STDERR_REDIRECT] 
2025-06-17 15:53:50,983 [ERROR] LogOutputStream:75 - [STDERR_REDIRECT] Jun 17, 2025 3:53:50 PM java.util.prefs.FileSystemPreferences checkLockFile0ErrorCode
2025-06-17 15:53:50,983 [ERROR] LogOutputStream:75 - [STDERR_REDIRECT] WARNING: Could not lock System prefs. Unix error code 2.
2025-06-17 15:53:50,983 [ERROR] LogOutputStream:75 - [STDERR_REDIRECT] 
2025-06-17 15:53:50,983 [ERROR] LogOutputStream:75 - [STDERR_REDIRECT] Jun 17, 2025 3:53:50 PM java.util.prefs.FileSystemPreferences syncWorld
2025-06-17 15:53:50,983 [ERROR] LogOutputStream:75 - [STDERR_REDIRECT] WARNING: Couldn't flush system prefs: java.util.prefs.BackingStoreException: Couldn't get file lock.
2025-06-17 15:53:50,983 [ERROR] LogOutputStream:75 - [STDERR_REDIRECT] 
2025-06-17 15:54:20,983 [ERROR] LogOutputStream:75 - [STDERR_REDIRECT] Jun 17, 2025 3:54:20 PM java.util.prefs.FileSystemPreferences checkLockFile0ErrorCode
2025-06-17 15:54:20,983 [ERROR] LogOutputStream:75 - [STDERR_REDIRECT] WARNING: Could not lock System prefs. Unix error code 2.
2025-06-17 15:54:20,983 [ERROR] LogOutputStream:75 - [STDERR_REDIRECT] 
2025-06-17 15:54:20,984 [ERROR] LogOutputStream:75 - [STDERR_REDIRECT] Jun 17, 2025 3:54:20 PM java.util.prefs.FileSystemPreferences syncWorld
2025-06-17 15:54:20,984 [ERROR] LogOutputStream:75 - [STDERR_REDIRECT] WARNING: Couldn't flush system prefs: java.util.prefs.BackingStoreException: Couldn't get file lock.
2025-06-17 15:54:20,984 [ERROR] LogOutputStream:75 - [STDERR_REDIRECT] 
2025-06-17 15:54:50,983 [ERROR] LogOutputStream:75 - [STDERR_REDIRECT] Jun 17, 2025 3:54:50 PM java.util.prefs.FileSystemPreferences checkLockFile0ErrorCode
2025-06-17 15:54:50,984 [ERROR] LogOutputStream:75 - [STDERR_REDIRECT] WARNING: Could not lock System prefs. Unix error code 2.
2025-06-17 15:54:50,984 [ERROR] LogOutputStream:75 - [STDERR_REDIRECT] 
2025-06-17 15:54:50,984 [ERROR] LogOutputStream:75 - [STDERR_REDIRECT] Jun 17, 2025 3:54:50 PM java.util.prefs.FileSystemPreferences syncWorld
2025-06-17 15:54:50,984 [ERROR] LogOutputStream:75 - [STDERR_REDIRECT] WARNING: Couldn't flush system prefs: java.util.prefs.BackingStoreException: Couldn't get file lock.
2025-06-17 15:54:50,984 [ERROR] LogOutputStream:75 - [STDERR_REDIRECT] 
2025-06-17 15:55:20,983 [ERROR] LogOutputStream:75 - [STDERR_REDIRECT] Jun 17, 2025 3:55:20 PM java.util.prefs.FileSystemPreferences checkLockFile0ErrorCode
2025-06-17 15:55:20,984 [ERROR] LogOutputStream:75 - [STDERR_REDIRECT] WARNING: Could not lock System prefs. Unix error code 2.
2025-06-17 15:55:20,984 [ERROR] LogOutputStream:75 - [STDERR_REDIRECT] 
2025-06-17 15:55:20,984 [ERROR] LogOutputStream:75 - [STDERR_REDIRECT] Jun 17, 2025 3:55:20 PM java.util.prefs.FileSystemPreferences syncWorld
2025-06-17 15:55:20,984 [ERROR] LogOutputStream:75 - [STDERR_REDIRECT] WARNING: Couldn't flush system prefs: java.util.prefs.BackingStoreException: Couldn't get file lock.
2025-06-17 15:55:20,984 [ERROR] LogOutputStream:75 - [STDERR_REDIRECT] 
2025-06-17 15:55:50,983 [ERROR] LogOutputStream:75 - [STDERR_REDIRECT] Jun 17, 2025 3:55:50 PM java.util.prefs.FileSystemPreferences checkLockFile0ErrorCode
2025-06-17 15:55:50,983 [ERROR] LogOutputStream:75 - [STDERR_REDIRECT] WARNING: Could not lock System prefs. Unix error code 2.
2025-06-17 15:55:50,983 [ERROR] LogOutputStream:75 - [STDERR_REDIRECT] 
2025-06-17 15:55:50,983 [ERROR] LogOutputStream:75 - [STDERR_REDIRECT] Jun 17, 2025 3:55:50 PM java.util.prefs.FileSystemPreferences syncWorld
2025-06-17 15:55:50,983 [ERROR] LogOutputStream:75 - [STDERR_REDIRECT] WARNING: Couldn't flush system prefs: java.util.prefs.BackingStoreException: Couldn't get file lock.
2025-06-17 15:55:50,983 [ERROR] LogOutputStream:75 - [STDERR_REDIRECT] 
2025-06-17 15:56:20,984 [ERROR] LogOutputStream:75 - [STDERR_REDIRECT] Jun 17, 2025 3:56:20 PM java.util.prefs.FileSystemPreferences checkLockFile0ErrorCode
2025-06-17 15:56:20,985 [ERROR] LogOutputStream:75 - [STDERR_REDIRECT] WARNING: Could not lock System prefs. Unix error code 2.
2025-06-17 15:56:20,985 [ERROR] LogOutputStream:75 - [STDERR_REDIRECT] 
2025-06-17 15:56:20,985 [ERROR] LogOutputStream:75 - [STDERR_REDIRECT] Jun 17, 2025 3:56:20 PM java.util.prefs.FileSystemPreferences syncWorld
2025-06-17 15:56:20,985 [ERROR] LogOutputStream:75 - [STDERR_REDIRECT] WARNING: Couldn't flush system prefs: java.util.prefs.BackingStoreException: Couldn't get file lock.
2025-06-17 15:56:20,985 [ERROR] LogOutputStream:75 - [STDERR_REDIRECT] 
2025-06-17 15:56:50,984 [ERROR] LogOutputStream:75 - [STDERR_REDIRECT] Jun 17, 2025 3:56:50 PM java.util.prefs.FileSystemPreferences checkLockFile0ErrorCode
2025-06-17 15:56:50,985 [ERROR] LogOutputStream:75 - [STDERR_REDIRECT] WARNING: Could not lock System prefs. Unix error code 2.
2025-06-17 15:56:50,985 [ERROR] LogOutputStream:75 - [STDERR_REDIRECT] 
2025-06-17 15:56:50,985 [ERROR] LogOutputStream:75 - [STDERR_REDIRECT] Jun 17, 2025 3:56:50 PM java.util.prefs.FileSystemPreferences syncWorld
2025-06-17 15:56:50,985 [ERROR] LogOutputStream:75 - [STDERR_REDIRECT] WARNING: Couldn't flush system prefs: java.util.prefs.BackingStoreException: Couldn't get file lock.
2025-06-17 15:56:50,985 [ERROR] LogOutputStream:75 - [STDERR_REDIRECT] 
2025-06-17 15:57:20,985 [ERROR] LogOutputStream:75 - [STDERR_REDIRECT] Jun 17, 2025 3:57:20 PM java.util.prefs.FileSystemPreferences checkLockFile0ErrorCode
2025-06-17 15:57:20,985 [ERROR] LogOutputStream:75 - [STDERR_REDIRECT] WARNING: Could not lock System prefs. Unix error code 2.
2025-06-17 15:57:20,986 [ERROR] LogOutputStream:75 - [STDERR_REDIRECT] 
2025-06-17 15:57:20,986 [ERROR] LogOutputStream:75 - [STDERR_REDIRECT] Jun 17, 2025 3:57:20 PM java.util.prefs.FileSystemPreferences syncWorld
2025-06-17 15:57:20,986 [ERROR] LogOutputStream:75 - [STDERR_REDIRECT] WARNING: Couldn't flush system prefs: java.util.prefs.BackingStoreException: Couldn't get file lock.
2025-06-17 15:57:20,986 [ERROR] LogOutputStream:75 - [STDERR_REDIRECT] 
2025-06-17 15:57:50,986 [ERROR] LogOutputStream:75 - [STDERR_REDIRECT] Jun 17, 2025 3:57:50 PM java.util.prefs.FileSystemPreferences checkLockFile0ErrorCode
2025-06-17 15:57:50,986 [ERROR] LogOutputStream:75 - [STDERR_REDIRECT] WARNING: Could not lock System prefs. Unix error code 2.
2025-06-17 15:57:50,986 [ERROR] LogOutputStream:75 - [STDERR_REDIRECT] 
2025-06-17 15:57:50,986 [ERROR] LogOutputStream:75 - [STDERR_REDIRECT] Jun 17, 2025 3:57:50 PM java.util.prefs.FileSystemPreferences syncWorld
2025-06-17 15:57:50,986 [ERROR] LogOutputStream:75 - [STDERR_REDIRECT] WARNING: Couldn't flush system prefs: java.util.prefs.BackingStoreException: Couldn't get file lock.
2025-06-17 15:57:50,986 [ERROR] LogOutputStream:75 - [STDERR_REDIRECT] 
2025-06-17 15:58:20,986 [ERROR] LogOutputStream:75 - [STDERR_REDIRECT] Jun 17, 2025 3:58:20 PM java.util.prefs.FileSystemPreferences checkLockFile0ErrorCode
2025-06-17 15:58:20,986 [ERROR] LogOutputStream:75 - [STDERR_REDIRECT] WARNING: Could not lock System prefs. Unix error code 2.
2025-06-17 15:58:20,986 [ERROR] LogOutputStream:75 - [STDERR_REDIRECT] 
2025-06-17 15:58:20,986 [ERROR] LogOutputStream:75 - [STDERR_REDIRECT] Jun 17, 2025 3:58:20 PM java.util.prefs.FileSystemPreferences syncWorld
2025-06-17 15:58:20,986 [ERROR] LogOutputStream:75 - [STDERR_REDIRECT] WARNING: Couldn't flush system prefs: java.util.prefs.BackingStoreException: Couldn't get file lock.
2025-06-17 15:58:20,986 [ERROR] LogOutputStream:75 - [STDERR_REDIRECT] 
2025-06-17 15:58:50,986 [ERROR] LogOutputStream:75 - [STDERR_REDIRECT] Jun 17, 2025 3:58:50 PM java.util.prefs.FileSystemPreferences checkLockFile0ErrorCode
2025-06-17 15:58:50,986 [ERROR] LogOutputStream:75 - [STDERR_REDIRECT] WARNING: Could not lock System prefs. Unix error code 2.
2025-06-17 15:58:50,986 [ERROR] LogOutputStream:75 - [STDERR_REDIRECT] 
2025-06-17 15:58:50,986 [ERROR] LogOutputStream:75 - [STDERR_REDIRECT] Jun 17, 2025 3:58:50 PM java.util.prefs.FileSystemPreferences syncWorld
2025-06-17 15:58:50,987 [ERROR] LogOutputStream:75 - [STDERR_REDIRECT] WARNING: Couldn't flush system prefs: java.util.prefs.BackingStoreException: Couldn't get file lock.
2025-06-17 15:58:50,987 [ERROR] LogOutputStream:75 - [STDERR_REDIRECT] 
2025-06-17 15:59:20,986 [ERROR] LogOutputStream:75 - [STDERR_REDIRECT] Jun 17, 2025 3:59:20 PM java.util.prefs.FileSystemPreferences checkLockFile0ErrorCode
2025-06-17 15:59:20,986 [ERROR] LogOutputStream:75 - [STDERR_REDIRECT] WARNING: Could not lock System prefs. Unix error code 2.
2025-06-17 15:59:20,986 [ERROR] LogOutputStream:75 - [STDERR_REDIRECT] 
2025-06-17 15:59:20,986 [ERROR] LogOutputStream:75 - [STDERR_REDIRECT] Jun 17, 2025 3:59:20 PM java.util.prefs.FileSystemPreferences syncWorld
2025-06-17 15:59:20,987 [ERROR] LogOutputStream:75 - [STDERR_REDIRECT] WARNING: Couldn't flush system prefs: java.util.prefs.BackingStoreException: Couldn't get file lock.
2025-06-17 15:59:20,987 [ERROR] LogOutputStream:75 - [STDERR_REDIRECT] 
2025-06-17 15:59:50,986 [ERROR] LogOutputStream:75 - [STDERR_REDIRECT] Jun 17, 2025 3:59:50 PM java.util.prefs.FileSystemPreferences checkLockFile0ErrorCode
2025-06-17 15:59:50,986 [ERROR] LogOutputStream:75 - [STDERR_REDIRECT] WARNING: Could not lock System prefs. Unix error code 2.
2025-06-17 15:59:50,986 [ERROR] LogOutputStream:75 - [STDERR_REDIRECT] 
2025-06-17 15:59:50,986 [ERROR] LogOutputStream:75 - [STDERR_REDIRECT] Jun 17, 2025 3:59:50 PM java.util.prefs.FileSystemPreferences syncWorld
2025-06-17 15:59:50,987 [ERROR] LogOutputStream:75 - [STDERR_REDIRECT] WARNING: Couldn't flush system prefs: java.util.prefs.BackingStoreException: Couldn't get file lock.
2025-06-17 15:59:50,987 [ERROR] LogOutputStream:75 - [STDERR_REDIRECT] 
2025-06-17 16:00:20,985 [ERROR] LogOutputStream:75 - [STDERR_REDIRECT] Jun 17, 2025 4:00:20 PM java.util.prefs.FileSystemPreferences checkLockFile0ErrorCode
2025-06-17 16:00:20,986 [ERROR] LogOutputStream:75 - [STDERR_REDIRECT] WARNING: Could not lock System prefs. Unix error code 2.
2025-06-17 16:00:20,986 [ERROR] LogOutputStream:75 - [STDERR_REDIRECT] 
2025-06-17 16:00:20,986 [ERROR] LogOutputStream:75 - [STDERR_REDIRECT] Jun 17, 2025 4:00:20 PM java.util.prefs.FileSystemPreferences syncWorld
2025-06-17 16:00:20,986 [ERROR] LogOutputStream:75 - [STDERR_REDIRECT] WARNING: Couldn't flush system prefs: java.util.prefs.BackingStoreException: Couldn't get file lock.
2025-06-17 16:00:20,986 [ERROR] LogOutputStream:75 - [STDERR_REDIRECT] 
2025-06-17 16:00:50,986 [ERROR] LogOutputStream:75 - [STDERR_REDIRECT] Jun 17, 2025 4:00:50 PM java.util.prefs.FileSystemPreferences checkLockFile0ErrorCode
2025-06-17 16:00:50,986 [ERROR] LogOutputStream:75 - [STDERR_REDIRECT] WARNING: Could not lock System prefs. Unix error code 2.
2025-06-17 16:00:50,986 [ERROR] LogOutputStream:75 - [STDERR_REDIRECT] 
2025-06-17 16:00:50,986 [ERROR] LogOutputStream:75 - [STDERR_REDIRECT] Jun 17, 2025 4:00:50 PM java.util.prefs.FileSystemPreferences syncWorld
2025-06-17 16:00:50,986 [ERROR] LogOutputStream:75 - [STDERR_REDIRECT] WARNING: Couldn't flush system prefs: java.util.prefs.BackingStoreException: Couldn't get file lock.
2025-06-17 16:00:50,986 [ERROR] LogOutputStream:75 - [STDERR_REDIRECT] 
2025-06-17 16:01:20,985 [ERROR] LogOutputStream:75 - [STDERR_REDIRECT] Jun 17, 2025 4:01:20 PM java.util.prefs.FileSystemPreferences checkLockFile0ErrorCode
2025-06-17 16:01:20,986 [ERROR] LogOutputStream:75 - [STDERR_REDIRECT] WARNING: Could not lock System prefs. Unix error code 2.
2025-06-17 16:01:20,986 [ERROR] LogOutputStream:75 - [STDERR_REDIRECT] 
2025-06-17 16:01:20,986 [ERROR] LogOutputStream:75 - [STDERR_REDIRECT] Jun 17, 2025 4:01:20 PM java.util.prefs.FileSystemPreferences syncWorld
2025-06-17 16:01:20,986 [ERROR] LogOutputStream:75 - [STDERR_REDIRECT] WARNING: Couldn't flush system prefs: java.util.prefs.BackingStoreException: Couldn't get file lock.
2025-06-17 16:01:20,986 [ERROR] LogOutputStream:75 - [STDERR_REDIRECT] 
2025-06-17 16:01:50,986 [ERROR] LogOutputStream:75 - [STDERR_REDIRECT] Jun 17, 2025 4:01:50 PM java.util.prefs.FileSystemPreferences checkLockFile0ErrorCode
2025-06-17 16:01:50,986 [ERROR] LogOutputStream:75 - [STDERR_REDIRECT] WARNING: Could not lock System prefs. Unix error code 2.
2025-06-17 16:01:50,986 [ERROR] LogOutputStream:75 - [STDERR_REDIRECT] 
2025-06-17 16:01:50,986 [ERROR] LogOutputStream:75 - [STDERR_REDIRECT] Jun 17, 2025 4:01:50 PM java.util.prefs.FileSystemPreferences syncWorld
2025-06-17 16:01:50,987 [ERROR] LogOutputStream:75 - [STDERR_REDIRECT] WARNING: Couldn't flush system prefs: java.util.prefs.BackingStoreException: Couldn't get file lock.
2025-06-17 16:01:50,987 [ERROR] LogOutputStream:75 - [STDERR_REDIRECT] 
2025-06-17 16:02:20,986 [ERROR] LogOutputStream:75 - [STDERR_REDIRECT] Jun 17, 2025 4:02:20 PM java.util.prefs.FileSystemPreferences checkLockFile0ErrorCode
2025-06-17 16:02:20,986 [ERROR] LogOutputStream:75 - [STDERR_REDIRECT] WARNING: Could not lock System prefs. Unix error code 2.
2025-06-17 16:02:20,986 [ERROR] LogOutputStream:75 - [STDERR_REDIRECT] 
2025-06-17 16:02:20,986 [ERROR] LogOutputStream:75 - [STDERR_REDIRECT] Jun 17, 2025 4:02:20 PM java.util.prefs.FileSystemPreferences syncWorld
2025-06-17 16:02:20,986 [ERROR] LogOutputStream:75 - [STDERR_REDIRECT] WARNING: Couldn't flush system prefs: java.util.prefs.BackingStoreException: Couldn't get file lock.
2025-06-17 16:02:20,986 [ERROR] LogOutputStream:75 - [STDERR_REDIRECT] 
2025-06-17 16:02:50,986 [ERROR] LogOutputStream:75 - [STDERR_REDIRECT] Jun 17, 2025 4:02:50 PM java.util.prefs.FileSystemPreferences checkLockFile0ErrorCode
2025-06-17 16:02:50,986 [ERROR] LogOutputStream:75 - [STDERR_REDIRECT] WARNING: Could not lock System prefs. Unix error code 2.
2025-06-17 16:02:50,986 [ERROR] LogOutputStream:75 - [STDERR_REDIRECT] 
2025-06-17 16:02:50,986 [ERROR] LogOutputStream:75 - [STDERR_REDIRECT] Jun 17, 2025 4:02:50 PM java.util.prefs.FileSystemPreferences syncWorld
2025-06-17 16:02:50,986 [ERROR] LogOutputStream:75 - [STDERR_REDIRECT] WARNING: Couldn't flush system prefs: java.util.prefs.BackingStoreException: Couldn't get file lock.
2025-06-17 16:02:50,986 [ERROR] LogOutputStream:75 - [STDERR_REDIRECT] 
2025-06-17 16:03:20,987 [ERROR] LogOutputStream:75 - [STDERR_REDIRECT] Jun 17, 2025 4:03:20 PM java.util.prefs.FileSystemPreferences checkLockFile0ErrorCode
2025-06-17 16:03:20,987 [ERROR] LogOutputStream:75 - [STDERR_REDIRECT] WARNING: Could not lock System prefs. Unix error code 2.
2025-06-17 16:03:20,987 [ERROR] LogOutputStream:75 - [STDERR_REDIRECT] 
2025-06-17 16:03:20,987 [ERROR] LogOutputStream:75 - [STDERR_REDIRECT] Jun 17, 2025 4:03:20 PM java.util.prefs.FileSystemPreferences syncWorld
2025-06-17 16:03:20,988 [ERROR] LogOutputStream:75 - [STDERR_REDIRECT] WARNING: Couldn't flush system prefs: java.util.prefs.BackingStoreException: Couldn't get file lock.
2025-06-17 16:03:20,988 [ERROR] LogOutputStream:75 - [STDERR_REDIRECT] 
2025-06-17 16:03:50,987 [ERROR] LogOutputStream:75 - [STDERR_REDIRECT] Jun 17, 2025 4:03:50 PM java.util.prefs.FileSystemPreferences checkLockFile0ErrorCode
2025-06-17 16:03:50,987 [ERROR] LogOutputStream:75 - [STDERR_REDIRECT] WARNING: Could not lock System prefs. Unix error code 2.
2025-06-17 16:03:50,987 [ERROR] LogOutputStream:75 - [STDERR_REDIRECT] 
2025-06-17 16:03:50,987 [ERROR] LogOutputStream:75 - [STDERR_REDIRECT] Jun 17, 2025 4:03:50 PM java.util.prefs.FileSystemPreferences syncWorld
2025-06-17 16:03:50,987 [ERROR] LogOutputStream:75 - [STDERR_REDIRECT] WARNING: Couldn't flush system prefs: java.util.prefs.BackingStoreException: Couldn't get file lock.
2025-06-17 16:03:50,987 [ERROR] LogOutputStream:75 - [STDERR_REDIRECT] 
2025-06-17 16:04:20,987 [ERROR] LogOutputStream:75 - [STDERR_REDIRECT] Jun 17, 2025 4:04:20 PM java.util.prefs.FileSystemPreferences checkLockFile0ErrorCode
2025-06-17 16:04:20,987 [ERROR] LogOutputStream:75 - [STDERR_REDIRECT] WARNING: Could not lock System prefs. Unix error code 2.
2025-06-17 16:04:20,987 [ERROR] LogOutputStream:75 - [STDERR_REDIRECT] 
2025-06-17 16:04:20,987 [ERROR] LogOutputStream:75 - [STDERR_REDIRECT] Jun 17, 2025 4:04:20 PM java.util.prefs.FileSystemPreferences syncWorld
2025-06-17 16:04:20,987 [ERROR] LogOutputStream:75 - [STDERR_REDIRECT] WARNING: Couldn't flush system prefs: java.util.prefs.BackingStoreException: Couldn't get file lock.
2025-06-17 16:04:20,987 [ERROR] LogOutputStream:75 - [STDERR_REDIRECT] 
2025-06-17 16:04:50,988 [ERROR] LogOutputStream:75 - [STDERR_REDIRECT] Jun 17, 2025 4:04:50 PM java.util.prefs.FileSystemPreferences checkLockFile0ErrorCode
2025-06-17 16:04:50,988 [ERROR] LogOutputStream:75 - [STDERR_REDIRECT] WARNING: Could not lock System prefs. Unix error code 2.
2025-06-17 16:04:50,988 [ERROR] LogOutputStream:75 - [STDERR_REDIRECT] 
2025-06-17 16:04:50,988 [ERROR] LogOutputStream:75 - [STDERR_REDIRECT] Jun 17, 2025 4:04:50 PM java.util.prefs.FileSystemPreferences syncWorld
2025-06-17 16:04:50,989 [ERROR] LogOutputStream:75 - [STDERR_REDIRECT] WARNING: Couldn't flush system prefs: java.util.prefs.BackingStoreException: Couldn't get file lock.
2025-06-17 16:04:50,989 [ERROR] LogOutputStream:75 - [STDERR_REDIRECT] 
2025-06-17 16:05:20,987 [ERROR] LogOutputStream:75 - [STDERR_REDIRECT] Jun 17, 2025 4:05:20 PM java.util.prefs.FileSystemPreferences checkLockFile0ErrorCode
2025-06-17 16:05:20,987 [ERROR] LogOutputStream:75 - [STDERR_REDIRECT] WARNING: Could not lock System prefs. Unix error code 2.
2025-06-17 16:05:20,987 [ERROR] LogOutputStream:75 - [STDERR_REDIRECT] 
2025-06-17 16:05:20,987 [ERROR] LogOutputStream:75 - [STDERR_REDIRECT] Jun 17, 2025 4:05:20 PM java.util.prefs.FileSystemPreferences syncWorld
2025-06-17 16:05:20,987 [ERROR] LogOutputStream:75 - [STDERR_REDIRECT] WARNING: Couldn't flush system prefs: java.util.prefs.BackingStoreException: Couldn't get file lock.
2025-06-17 16:05:20,987 [ERROR] LogOutputStream:75 - [STDERR_REDIRECT] 
2025-06-17 16:05:50,988 [ERROR] LogOutputStream:75 - [STDERR_REDIRECT] Jun 17, 2025 4:05:50 PM java.util.prefs.FileSystemPreferences checkLockFile0ErrorCode
2025-06-17 16:05:50,988 [ERROR] LogOutputStream:75 - [STDERR_REDIRECT] WARNING: Could not lock System prefs. Unix error code 2.
2025-06-17 16:05:50,988 [ERROR] LogOutputStream:75 - [STDERR_REDIRECT] 
2025-06-17 16:05:50,989 [ERROR] LogOutputStream:75 - [STDERR_REDIRECT] Jun 17, 2025 4:05:50 PM java.util.prefs.FileSystemPreferences syncWorld
2025-06-17 16:05:50,989 [ERROR] LogOutputStream:75 - [STDERR_REDIRECT] WARNING: Couldn't flush system prefs: java.util.prefs.BackingStoreException: Couldn't get file lock.
2025-06-17 16:05:50,989 [ERROR] LogOutputStream:75 - [STDERR_REDIRECT] 
2025-06-17 16:06:20,988 [ERROR] LogOutputStream:75 - [STDERR_REDIRECT] Jun 17, 2025 4:06:20 PM java.util.prefs.FileSystemPreferences checkLockFile0ErrorCode
2025-06-17 16:06:20,988 [ERROR] LogOutputStream:75 - [STDERR_REDIRECT] WARNING: Could not lock System prefs. Unix error code 2.
2025-06-17 16:06:20,988 [ERROR] LogOutputStream:75 - [STDERR_REDIRECT] 
2025-06-17 16:06:20,989 [ERROR] LogOutputStream:75 - [STDERR_REDIRECT] Jun 17, 2025 4:06:20 PM java.util.prefs.FileSystemPreferences syncWorld
2025-06-17 16:06:20,989 [ERROR] LogOutputStream:75 - [STDERR_REDIRECT] WARNING: Couldn't flush system prefs: java.util.prefs.BackingStoreException: Couldn't get file lock.
2025-06-17 16:06:20,989 [ERROR] LogOutputStream:75 - [STDERR_REDIRECT] 
2025-06-17 16:06:50,989 [ERROR] LogOutputStream:75 - [STDERR_REDIRECT] Jun 17, 2025 4:06:50 PM java.util.prefs.FileSystemPreferences checkLockFile0ErrorCode
2025-06-17 16:06:50,989 [ERROR] LogOutputStream:75 - [STDERR_REDIRECT] WARNING: Could not lock System prefs. Unix error code 2.
2025-06-17 16:06:50,989 [ERROR] LogOutputStream:75 - [STDERR_REDIRECT] 
2025-06-17 16:06:50,990 [ERROR] LogOutputStream:75 - [STDERR_REDIRECT] Jun 17, 2025 4:06:50 PM java.util.prefs.FileSystemPreferences syncWorld
2025-06-17 16:06:50,990 [ERROR] LogOutputStream:75 - [STDERR_REDIRECT] WARNING: Couldn't flush system prefs: java.util.prefs.BackingStoreException: Couldn't get file lock.
2025-06-17 16:06:50,990 [ERROR] LogOutputStream:75 - [STDERR_REDIRECT] 
2025-06-17 16:07:20,990 [ERROR] LogOutputStream:75 - [STDERR_REDIRECT] Jun 17, 2025 4:07:20 PM java.util.prefs.FileSystemPreferences checkLockFile0ErrorCode
2025-06-17 16:07:20,991 [ERROR] LogOutputStream:75 - [STDERR_REDIRECT] WARNING: Could not lock System prefs. Unix error code 2.
2025-06-17 16:07:20,991 [ERROR] LogOutputStream:75 - [STDERR_REDIRECT] 
2025-06-17 16:07:20,991 [ERROR] LogOutputStream:75 - [STDERR_REDIRECT] Jun 17, 2025 4:07:20 PM java.util.prefs.FileSystemPreferences syncWorld
2025-06-17 16:07:20,991 [ERROR] LogOutputStream:75 - [STDERR_REDIRECT] WARNING: Couldn't flush system prefs: java.util.prefs.BackingStoreException: Couldn't get file lock.
2025-06-17 16:07:20,991 [ERROR] LogOutputStream:75 - [STDERR_REDIRECT] 
2025-06-17 16:07:50,990 [ERROR] LogOutputStream:75 - [STDERR_REDIRECT] Jun 17, 2025 4:07:50 PM java.util.prefs.FileSystemPreferences checkLockFile0ErrorCode
2025-06-17 16:07:50,990 [ERROR] LogOutputStream:75 - [STDERR_REDIRECT] WARNING: Could not lock System prefs. Unix error code 2.
2025-06-17 16:07:50,990 [ERROR] LogOutputStream:75 - [STDERR_REDIRECT] 
2025-06-17 16:07:50,990 [ERROR] LogOutputStream:75 - [STDERR_REDIRECT] Jun 17, 2025 4:07:50 PM java.util.prefs.FileSystemPreferences syncWorld
2025-06-17 16:07:50,990 [ERROR] LogOutputStream:75 - [STDERR_REDIRECT] WARNING: Couldn't flush system prefs: java.util.prefs.BackingStoreException: Couldn't get file lock.
2025-06-17 16:07:50,991 [ERROR] LogOutputStream:75 - [STDERR_REDIRECT] 
2025-06-17 16:08:20,988 [ERROR] LogOutputStream:75 - [STDERR_REDIRECT] Jun 17, 2025 4:08:20 PM java.util.prefs.FileSystemPreferences checkLockFile0ErrorCode
2025-06-17 16:08:20,989 [ERROR] LogOutputStream:75 - [STDERR_REDIRECT] WARNING: Could not lock System prefs. Unix error code 2.
2025-06-17 16:08:20,989 [ERROR] LogOutputStream:75 - [STDERR_REDIRECT] 
2025-06-17 16:08:20,989 [ERROR] LogOutputStream:75 - [STDERR_REDIRECT] Jun 17, 2025 4:08:20 PM java.util.prefs.FileSystemPreferences syncWorld
2025-06-17 16:08:20,990 [ERROR] LogOutputStream:75 - [STDERR_REDIRECT] WARNING: Couldn't flush system prefs: java.util.prefs.BackingStoreException: Couldn't get file lock.
2025-06-17 16:08:20,990 [ERROR] LogOutputStream:75 - [STDERR_REDIRECT] 
2025-06-17 16:08:50,988 [ERROR] LogOutputStream:75 - [STDERR_REDIRECT] Jun 17, 2025 4:08:50 PM java.util.prefs.FileSystemPreferences checkLockFile0ErrorCode
2025-06-17 16:08:50,988 [ERROR] LogOutputStream:75 - [STDERR_REDIRECT] WARNING: Could not lock System prefs. Unix error code 2.
2025-06-17 16:08:50,988 [ERROR] LogOutputStream:75 - [STDERR_REDIRECT] 
2025-06-17 16:08:50,988 [ERROR] LogOutputStream:75 - [STDERR_REDIRECT] Jun 17, 2025 4:08:50 PM java.util.prefs.FileSystemPreferences syncWorld
2025-06-17 16:08:50,989 [ERROR] LogOutputStream:75 - [STDERR_REDIRECT] WARNING: Couldn't flush system prefs: java.util.prefs.BackingStoreException: Couldn't get file lock.
2025-06-17 16:08:50,989 [ERROR] LogOutputStream:75 - [STDERR_REDIRECT] 
2025-06-17 16:09:20,988 [ERROR] LogOutputStream:75 - [STDERR_REDIRECT] Jun 17, 2025 4:09:20 PM java.util.prefs.FileSystemPreferences checkLockFile0ErrorCode
2025-06-17 16:09:20,988 [ERROR] LogOutputStream:75 - [STDERR_REDIRECT] WARNING: Could not lock System prefs. Unix error code 2.
2025-06-17 16:09:20,989 [ERROR] LogOutputStream:75 - [STDERR_REDIRECT] 
2025-06-17 16:09:20,989 [ERROR] LogOutputStream:75 - [STDERR_REDIRECT] Jun 17, 2025 4:09:20 PM java.util.prefs.FileSystemPreferences syncWorld
2025-06-17 16:09:20,989 [ERROR] LogOutputStream:75 - [STDERR_REDIRECT] WARNING: Couldn't flush system prefs: java.util.prefs.BackingStoreException: Couldn't get file lock.
2025-06-17 16:09:20,989 [ERROR] LogOutputStream:75 - [STDERR_REDIRECT] 
2025-06-17 16:09:50,988 [ERROR] LogOutputStream:75 - [STDERR_REDIRECT] Jun 17, 2025 4:09:50 PM java.util.prefs.FileSystemPreferences checkLockFile0ErrorCode
2025-06-17 16:09:50,988 [ERROR] LogOutputStream:75 - [STDERR_REDIRECT] WARNING: Could not lock System prefs. Unix error code 2.
2025-06-17 16:09:50,988 [ERROR] LogOutputStream:75 - [STDERR_REDIRECT] 
2025-06-17 16:09:50,988 [ERROR] LogOutputStream:75 - [STDERR_REDIRECT] Jun 17, 2025 4:09:50 PM java.util.prefs.FileSystemPreferences syncWorld
2025-06-17 16:09:50,988 [ERROR] LogOutputStream:75 - [STDERR_REDIRECT] WARNING: Couldn't flush system prefs: java.util.prefs.BackingStoreException: Couldn't get file lock.
2025-06-17 16:09:50,988 [ERROR] LogOutputStream:75 - [STDERR_REDIRECT] 
2025-06-17 16:10:20,989 [ERROR] LogOutputStream:75 - [STDERR_REDIRECT] Jun 17, 2025 4:10:20 PM java.util.prefs.FileSystemPreferences checkLockFile0ErrorCode
2025-06-17 16:10:20,989 [ERROR] LogOutputStream:75 - [STDERR_REDIRECT] WARNING: Could not lock System prefs. Unix error code 2.
2025-06-17 16:10:20,989 [ERROR] LogOutputStream:75 - [STDERR_REDIRECT] 
2025-06-17 16:10:20,989 [ERROR] LogOutputStream:75 - [STDERR_REDIRECT] Jun 17, 2025 4:10:20 PM java.util.prefs.FileSystemPreferences syncWorld
2025-06-17 16:10:20,989 [ERROR] LogOutputStream:75 - [STDERR_REDIRECT] WARNING: Couldn't flush system prefs: java.util.prefs.BackingStoreException: Couldn't get file lock.
2025-06-17 16:10:20,989 [ERROR] LogOutputStream:75 - [STDERR_REDIRECT] 
2025-06-17 16:10:50,988 [ERROR] LogOutputStream:75 - [STDERR_REDIRECT] Jun 17, 2025 4:10:50 PM java.util.prefs.FileSystemPreferences checkLockFile0ErrorCode
2025-06-17 16:10:50,988 [ERROR] LogOutputStream:75 - [STDERR_REDIRECT] WARNING: Could not lock System prefs. Unix error code 2.
2025-06-17 16:10:50,988 [ERROR] LogOutputStream:75 - [STDERR_REDIRECT] 
2025-06-17 16:10:50,988 [ERROR] LogOutputStream:75 - [STDERR_REDIRECT] Jun 17, 2025 4:10:50 PM java.util.prefs.FileSystemPreferences syncWorld
2025-06-17 16:10:50,988 [ERROR] LogOutputStream:75 - [STDERR_REDIRECT] WARNING: Couldn't flush system prefs: java.util.prefs.BackingStoreException: Couldn't get file lock.
2025-06-17 16:10:50,988 [ERROR] LogOutputStream:75 - [STDERR_REDIRECT] 
2025-06-17 16:11:20,990 [ERROR] LogOutputStream:75 - [STDERR_REDIRECT] Jun 17, 2025 4:11:20 PM java.util.prefs.FileSystemPreferences checkLockFile0ErrorCode
2025-06-17 16:11:20,990 [ERROR] LogOutputStream:75 - [STDERR_REDIRECT] WARNING: Could not lock System prefs. Unix error code 2.
2025-06-17 16:11:20,990 [ERROR] LogOutputStream:75 - [STDERR_REDIRECT] 
2025-06-17 16:11:20,990 [ERROR] LogOutputStream:75 - [STDERR_REDIRECT] Jun 17, 2025 4:11:20 PM java.util.prefs.FileSystemPreferences syncWorld
2025-06-17 16:11:20,991 [ERROR] LogOutputStream:75 - [STDERR_REDIRECT] WARNING: Couldn't flush system prefs: java.util.prefs.BackingStoreException: Couldn't get file lock.
2025-06-17 16:11:20,991 [ERROR] LogOutputStream:75 - [STDERR_REDIRECT] 
2025-06-17 16:11:50,989 [ERROR] LogOutputStream:75 - [STDERR_REDIRECT] Jun 17, 2025 4:11:50 PM java.util.prefs.FileSystemPreferences checkLockFile0ErrorCode
2025-06-17 16:11:50,989 [ERROR] LogOutputStream:75 - [STDERR_REDIRECT] WARNING: Could not lock System prefs. Unix error code 2.
2025-06-17 16:11:50,989 [ERROR] LogOutputStream:75 - [STDERR_REDIRECT] 
2025-06-17 16:11:50,989 [ERROR] LogOutputStream:75 - [STDERR_REDIRECT] Jun 17, 2025 4:11:50 PM java.util.prefs.FileSystemPreferences syncWorld
2025-06-17 16:11:50,989 [ERROR] LogOutputStream:75 - [STDERR_REDIRECT] WARNING: Couldn't flush system prefs: java.util.prefs.BackingStoreException: Couldn't get file lock.
2025-06-17 16:11:50,989 [ERROR] LogOutputStream:75 - [STDERR_REDIRECT] 
2025-06-17 16:12:20,990 [ERROR] LogOutputStream:75 - [STDERR_REDIRECT] Jun 17, 2025 4:12:20 PM java.util.prefs.FileSystemPreferences checkLockFile0ErrorCode
2025-06-17 16:12:20,990 [ERROR] LogOutputStream:75 - [STDERR_REDIRECT] WARNING: Could not lock System prefs. Unix error code 2.
2025-06-17 16:12:20,990 [ERROR] LogOutputStream:75 - [STDERR_REDIRECT] 
2025-06-17 16:12:20,990 [ERROR] LogOutputStream:75 - [STDERR_REDIRECT] Jun 17, 2025 4:12:20 PM java.util.prefs.FileSystemPreferences syncWorld
2025-06-17 16:12:20,991 [ERROR] LogOutputStream:75 - [STDERR_REDIRECT] WARNING: Couldn't flush system prefs: java.util.prefs.BackingStoreException: Couldn't get file lock.
2025-06-17 16:12:20,991 [ERROR] LogOutputStream:75 - [STDERR_REDIRECT] 
2025-06-17 16:12:50,990 [ERROR] LogOutputStream:75 - [STDERR_REDIRECT] Jun 17, 2025 4:12:50 PM java.util.prefs.FileSystemPreferences checkLockFile0ErrorCode
2025-06-17 16:12:50,990 [ERROR] LogOutputStream:75 - [STDERR_REDIRECT] WARNING: Could not lock System prefs. Unix error code 2.
2025-06-17 16:12:50,990 [ERROR] LogOutputStream:75 - [STDERR_REDIRECT] 
2025-06-17 16:12:50,990 [ERROR] LogOutputStream:75 - [STDERR_REDIRECT] Jun 17, 2025 4:12:50 PM java.util.prefs.FileSystemPreferences syncWorld
2025-06-17 16:12:50,991 [ERROR] LogOutputStream:75 - [STDERR_REDIRECT] WARNING: Couldn't flush system prefs: java.util.prefs.BackingStoreException: Couldn't get file lock.
2025-06-17 16:12:50,991 [ERROR] LogOutputStream:75 - [STDERR_REDIRECT] 
2025-06-17 16:13:20,989 [ERROR] LogOutputStream:75 - [STDERR_REDIRECT] Jun 17, 2025 4:13:20 PM java.util.prefs.FileSystemPreferences checkLockFile0ErrorCode
2025-06-17 16:13:20,990 [ERROR] LogOutputStream:75 - [STDERR_REDIRECT] WARNING: Could not lock System prefs. Unix error code 2.
2025-06-17 16:13:20,990 [ERROR] LogOutputStream:75 - [STDERR_REDIRECT] 
2025-06-17 16:13:20,990 [ERROR] LogOutputStream:75 - [STDERR_REDIRECT] Jun 17, 2025 4:13:20 PM java.util.prefs.FileSystemPreferences syncWorld
2025-06-17 16:13:20,990 [ERROR] LogOutputStream:75 - [STDERR_REDIRECT] WARNING: Couldn't flush system prefs: java.util.prefs.BackingStoreException: Couldn't get file lock.
2025-06-17 16:13:20,990 [ERROR] LogOutputStream:75 - [STDERR_REDIRECT] 
2025-06-17 16:13:50,989 [ERROR] LogOutputStream:75 - [STDERR_REDIRECT] Jun 17, 2025 4:13:50 PM java.util.prefs.FileSystemPreferences checkLockFile0ErrorCode
2025-06-17 16:13:50,989 [ERROR] LogOutputStream:75 - [STDERR_REDIRECT] WARNING: Could not lock System prefs. Unix error code 2.
2025-06-17 16:13:50,989 [ERROR] LogOutputStream:75 - [STDERR_REDIRECT] 
2025-06-17 16:13:50,989 [ERROR] LogOutputStream:75 - [STDERR_REDIRECT] Jun 17, 2025 4:13:50 PM java.util.prefs.FileSystemPreferences syncWorld
2025-06-17 16:13:50,989 [ERROR] LogOutputStream:75 - [STDERR_REDIRECT] WARNING: Couldn't flush system prefs: java.util.prefs.BackingStoreException: Couldn't get file lock.
2025-06-17 16:13:50,989 [ERROR] LogOutputStream:75 - [STDERR_REDIRECT] 
2025-06-17 16:14:20,990 [ERROR] LogOutputStream:75 - [STDERR_REDIRECT] Jun 17, 2025 4:14:20 PM java.util.prefs.FileSystemPreferences checkLockFile0ErrorCode
2025-06-17 16:14:20,990 [ERROR] LogOutputStream:75 - [STDERR_REDIRECT] WARNING: Could not lock System prefs. Unix error code 2.
2025-06-17 16:14:20,990 [ERROR] LogOutputStream:75 - [STDERR_REDIRECT] 
2025-06-17 16:14:20,990 [ERROR] LogOutputStream:75 - [STDERR_REDIRECT] Jun 17, 2025 4:14:20 PM java.util.prefs.FileSystemPreferences syncWorld
2025-06-17 16:14:20,990 [ERROR] LogOutputStream:75 - [STDERR_REDIRECT] WARNING: Couldn't flush system prefs: java.util.prefs.BackingStoreException: Couldn't get file lock.
2025-06-17 16:14:20,990 [ERROR] LogOutputStream:75 - [STDERR_REDIRECT] 
2025-06-17 16:14:50,991 [ERROR] LogOutputStream:75 - [STDERR_REDIRECT] Jun 17, 2025 4:14:50 PM java.util.prefs.FileSystemPreferences checkLockFile0ErrorCode
2025-06-17 16:14:50,991 [ERROR] LogOutputStream:75 - [STDERR_REDIRECT] WARNING: Could not lock System prefs. Unix error code 2.
2025-06-17 16:14:50,991 [ERROR] LogOutputStream:75 - [STDERR_REDIRECT] 
2025-06-17 16:14:50,991 [ERROR] LogOutputStream:75 - [STDERR_REDIRECT] Jun 17, 2025 4:14:50 PM java.util.prefs.FileSystemPreferences syncWorld
2025-06-17 16:14:50,991 [ERROR] LogOutputStream:75 - [STDERR_REDIRECT] WARNING: Couldn't flush system prefs: java.util.prefs.BackingStoreException: Couldn't get file lock.
2025-06-17 16:14:50,991 [ERROR] LogOutputStream:75 - [STDERR_REDIRECT] 
2025-06-17 16:15:20,991 [ERROR] LogOutputStream:75 - [STDERR_REDIRECT] Jun 17, 2025 4:15:20 PM java.util.prefs.FileSystemPreferences checkLockFile0ErrorCode
2025-06-17 16:15:20,992 [ERROR] LogOutputStream:75 - [STDERR_REDIRECT] WARNING: Could not lock System prefs. Unix error code 2.
2025-06-17 16:15:20,992 [ERROR] LogOutputStream:75 - [STDERR_REDIRECT] 
2025-06-17 16:15:20,992 [ERROR] LogOutputStream:75 - [STDERR_REDIRECT] Jun 17, 2025 4:15:20 PM java.util.prefs.FileSystemPreferences syncWorld
2025-06-17 16:15:20,992 [ERROR] LogOutputStream:75 - [STDERR_REDIRECT] WARNING: Couldn't flush system prefs: java.util.prefs.BackingStoreException: Couldn't get file lock.
2025-06-17 16:15:20,992 [ERROR] LogOutputStream:75 - [STDERR_REDIRECT] 
2025-06-17 16:15:50,992 [ERROR] LogOutputStream:75 - [STDERR_REDIRECT] Jun 17, 2025 4:15:50 PM java.util.prefs.FileSystemPreferences checkLockFile0ErrorCode
2025-06-17 16:15:50,992 [ERROR] LogOutputStream:75 - [STDERR_REDIRECT] WARNING: Could not lock System prefs. Unix error code 2.
2025-06-17 16:15:50,992 [ERROR] LogOutputStream:75 - [STDERR_REDIRECT] 
2025-06-17 16:15:50,993 [ERROR] LogOutputStream:75 - [STDERR_REDIRECT] Jun 17, 2025 4:15:50 PM java.util.prefs.FileSystemPreferences syncWorld
2025-06-17 16:15:50,993 [ERROR] LogOutputStream:75 - [STDERR_REDIRECT] WARNING: Couldn't flush system prefs: java.util.prefs.BackingStoreException: Couldn't get file lock.
2025-06-17 16:15:50,993 [ERROR] LogOutputStream:75 - [STDERR_REDIRECT] 
2025-06-17 16:16:20,992 [ERROR] LogOutputStream:75 - [STDERR_REDIRECT] Jun 17, 2025 4:16:20 PM java.util.prefs.FileSystemPreferences checkLockFile0ErrorCode
2025-06-17 16:16:20,993 [ERROR] LogOutputStream:75 - [STDERR_REDIRECT] WARNING: Could not lock System prefs. Unix error code 2.
2025-06-17 16:16:20,993 [ERROR] LogOutputStream:75 - [STDERR_REDIRECT] 
2025-06-17 16:16:20,993 [ERROR] LogOutputStream:75 - [STDERR_REDIRECT] Jun 17, 2025 4:16:20 PM java.util.prefs.FileSystemPreferences syncWorld
2025-06-17 16:16:20,993 [ERROR] LogOutputStream:75 - [STDERR_REDIRECT] WARNING: Couldn't flush system prefs: java.util.prefs.BackingStoreException: Couldn't get file lock.
2025-06-17 16:16:20,994 [ERROR] LogOutputStream:75 - [STDERR_REDIRECT] 
2025-06-17 16:16:50,992 [ERROR] LogOutputStream:75 - [STDERR_REDIRECT] Jun 17, 2025 4:16:50 PM java.util.prefs.FileSystemPreferences checkLockFile0ErrorCode
2025-06-17 16:16:50,992 [ERROR] LogOutputStream:75 - [STDERR_REDIRECT] WARNING: Could not lock System prefs. Unix error code 2.
2025-06-17 16:16:50,993 [ERROR] LogOutputStream:75 - [STDERR_REDIRECT] 
2025-06-17 16:16:50,993 [ERROR] LogOutputStream:75 - [STDERR_REDIRECT] Jun 17, 2025 4:16:50 PM java.util.prefs.FileSystemPreferences syncWorld
2025-06-17 16:16:50,993 [ERROR] LogOutputStream:75 - [STDERR_REDIRECT] WARNING: Couldn't flush system prefs: java.util.prefs.BackingStoreException: Couldn't get file lock.
2025-06-17 16:16:50,993 [ERROR] LogOutputStream:75 - [STDERR_REDIRECT] 
2025-06-17 16:17:20,993 [ERROR] LogOutputStream:75 - [STDERR_REDIRECT] Jun 17, 2025 4:17:20 PM java.util.prefs.FileSystemPreferences checkLockFile0ErrorCode
2025-06-17 16:17:20,994 [ERROR] LogOutputStream:75 - [STDERR_REDIRECT] WARNING: Could not lock System prefs. Unix error code 2.
2025-06-17 16:17:20,994 [ERROR] LogOutputStream:75 - [STDERR_REDIRECT] 
2025-06-17 16:17:20,995 [ERROR] LogOutputStream:75 - [STDERR_REDIRECT] Jun 17, 2025 4:17:20 PM java.util.prefs.FileSystemPreferences syncWorld
2025-06-17 16:17:20,995 [ERROR] LogOutputStream:75 - [STDERR_REDIRECT] WARNING: Couldn't flush system prefs: java.util.prefs.BackingStoreException: Couldn't get file lock.
2025-06-17 16:17:20,995 [ERROR] LogOutputStream:75 - [STDERR_REDIRECT] 
2025-06-17 16:17:50,992 [ERROR] LogOutputStream:75 - [STDERR_REDIRECT] Jun 17, 2025 4:17:50 PM java.util.prefs.FileSystemPreferences checkLockFile0ErrorCode
2025-06-17 16:17:50,993 [ERROR] LogOutputStream:75 - [STDERR_REDIRECT] WARNING: Could not lock System prefs. Unix error code 2.
2025-06-17 16:17:50,993 [ERROR] LogOutputStream:75 - [STDERR_REDIRECT] 
2025-06-17 16:17:50,993 [ERROR] LogOutputStream:75 - [STDERR_REDIRECT] Jun 17, 2025 4:17:50 PM java.util.prefs.FileSystemPreferences syncWorld
2025-06-17 16:17:50,993 [ERROR] LogOutputStream:75 - [STDERR_REDIRECT] WARNING: Couldn't flush system prefs: java.util.prefs.BackingStoreException: Couldn't get file lock.
2025-06-17 16:17:50,993 [ERROR] LogOutputStream:75 - [STDERR_REDIRECT] 
2025-06-17 16:18:20,992 [ERROR] LogOutputStream:75 - [STDERR_REDIRECT] Jun 17, 2025 4:18:20 PM java.util.prefs.FileSystemPreferences checkLockFile0ErrorCode
2025-06-17 16:18:20,992 [ERROR] LogOutputStream:75 - [STDERR_REDIRECT] WARNING: Could not lock System prefs. Unix error code 2.
2025-06-17 16:18:20,992 [ERROR] LogOutputStream:75 - [STDERR_REDIRECT] 
2025-06-17 16:18:20,992 [ERROR] LogOutputStream:75 - [STDERR_REDIRECT] Jun 17, 2025 4:18:20 PM java.util.prefs.FileSystemPreferences syncWorld
2025-06-17 16:18:20,992 [ERROR] LogOutputStream:75 - [STDERR_REDIRECT] WARNING: Couldn't flush system prefs: java.util.prefs.BackingStoreException: Couldn't get file lock.
2025-06-17 16:18:20,992 [ERROR] LogOutputStream:75 - [STDERR_REDIRECT] 
2025-06-17 16:18:50,993 [ERROR] LogOutputStream:75 - [STDERR_REDIRECT] Jun 17, 2025 4:18:50 PM java.util.prefs.FileSystemPreferences checkLockFile0ErrorCode
2025-06-17 16:18:50,993 [ERROR] LogOutputStream:75 - [STDERR_REDIRECT] WARNING: Could not lock System prefs. Unix error code 2.
2025-06-17 16:18:50,993 [ERROR] LogOutputStream:75 - [STDERR_REDIRECT] 
2025-06-17 16:18:50,993 [ERROR] LogOutputStream:75 - [STDERR_REDIRECT] Jun 17, 2025 4:18:50 PM java.util.prefs.FileSystemPreferences syncWorld
2025-06-17 16:18:50,993 [ERROR] LogOutputStream:75 - [STDERR_REDIRECT] WARNING: Couldn't flush system prefs: java.util.prefs.BackingStoreException: Couldn't get file lock.
2025-06-17 16:18:50,993 [ERROR] LogOutputStream:75 - [STDERR_REDIRECT] 
2025-06-17 16:19:20,994 [ERROR] LogOutputStream:75 - [STDERR_REDIRECT] Jun 17, 2025 4:19:20 PM java.util.prefs.FileSystemPreferences checkLockFile0ErrorCode
2025-06-17 16:19:20,994 [ERROR] LogOutputStream:75 - [STDERR_REDIRECT] WARNING: Could not lock System prefs. Unix error code 2.
2025-06-17 16:19:20,994 [ERROR] LogOutputStream:75 - [STDERR_REDIRECT] 
2025-06-17 16:19:20,995 [ERROR] LogOutputStream:75 - [STDERR_REDIRECT] Jun 17, 2025 4:19:20 PM java.util.prefs.FileSystemPreferences syncWorld
2025-06-17 16:19:20,995 [ERROR] LogOutputStream:75 - [STDERR_REDIRECT] WARNING: Couldn't flush system prefs: java.util.prefs.BackingStoreException: Couldn't get file lock.
2025-06-17 16:19:20,995 [ERROR] LogOutputStream:75 - [STDERR_REDIRECT] 
2025-06-17 16:19:50,994 [ERROR] LogOutputStream:75 - [STDERR_REDIRECT] Jun 17, 2025 4:19:50 PM java.util.prefs.FileSystemPreferences checkLockFile0ErrorCode
2025-06-17 16:19:50,995 [ERROR] LogOutputStream:75 - [STDERR_REDIRECT] WARNING: Could not lock System prefs. Unix error code 2.
2025-06-17 16:19:50,995 [ERROR] LogOutputStream:75 - [STDERR_REDIRECT] 
2025-06-17 16:19:50,995 [ERROR] LogOutputStream:75 - [STDERR_REDIRECT] Jun 17, 2025 4:19:50 PM java.util.prefs.FileSystemPreferences syncWorld
2025-06-17 16:19:50,995 [ERROR] LogOutputStream:75 - [STDERR_REDIRECT] WARNING: Couldn't flush system prefs: java.util.prefs.BackingStoreException: Couldn't get file lock.
2025-06-17 16:19:50,995 [ERROR] LogOutputStream:75 - [STDERR_REDIRECT] 
2025-06-17 16:20:20,995 [ERROR] LogOutputStream:75 - [STDERR_REDIRECT] Jun 17, 2025 4:20:20 PM java.util.prefs.FileSystemPreferences checkLockFile0ErrorCode
2025-06-17 16:20:20,995 [ERROR] LogOutputStream:75 - [STDERR_REDIRECT] WARNING: Could not lock System prefs. Unix error code 2.
2025-06-17 16:20:20,995 [ERROR] LogOutputStream:75 - [STDERR_REDIRECT] 
2025-06-17 16:20:20,995 [ERROR] LogOutputStream:75 - [STDERR_REDIRECT] Jun 17, 2025 4:20:20 PM java.util.prefs.FileSystemPreferences syncWorld
2025-06-17 16:20:20,995 [ERROR] LogOutputStream:75 - [STDERR_REDIRECT] WARNING: Couldn't flush system prefs: java.util.prefs.BackingStoreException: Couldn't get file lock.
2025-06-17 16:20:20,995 [ERROR] LogOutputStream:75 - [STDERR_REDIRECT] 
2025-06-17 16:20:50,995 [ERROR] LogOutputStream:75 - [STDERR_REDIRECT] Jun 17, 2025 4:20:50 PM java.util.prefs.FileSystemPreferences checkLockFile0ErrorCode
2025-06-17 16:20:50,995 [ERROR] LogOutputStream:75 - [STDERR_REDIRECT] WARNING: Could not lock System prefs. Unix error code 2.
2025-06-17 16:20:50,995 [ERROR] LogOutputStream:75 - [STDERR_REDIRECT] 
2025-06-17 16:20:50,995 [ERROR] LogOutputStream:75 - [STDERR_REDIRECT] Jun 17, 2025 4:20:50 PM java.util.prefs.FileSystemPreferences syncWorld
2025-06-17 16:20:50,995 [ERROR] LogOutputStream:75 - [STDERR_REDIRECT] WARNING: Couldn't flush system prefs: java.util.prefs.BackingStoreException: Couldn't get file lock.
2025-06-17 16:20:50,995 [ERROR] LogOutputStream:75 - [STDERR_REDIRECT] 
2025-06-17 16:21:20,994 [ERROR] LogOutputStream:75 - [STDERR_REDIRECT] Jun 17, 2025 4:21:20 PM java.util.prefs.FileSystemPreferences checkLockFile0ErrorCode
2025-06-17 16:21:20,994 [ERROR] LogOutputStream:75 - [STDERR_REDIRECT] WARNING: Could not lock System prefs. Unix error code 2.
2025-06-17 16:21:20,994 [ERROR] LogOutputStream:75 - [STDERR_REDIRECT] 
2025-06-17 16:21:20,995 [ERROR] LogOutputStream:75 - [STDERR_REDIRECT] Jun 17, 2025 4:21:20 PM java.util.prefs.FileSystemPreferences syncWorld
2025-06-17 16:21:20,995 [ERROR] LogOutputStream:75 - [STDERR_REDIRECT] WARNING: Couldn't flush system prefs: java.util.prefs.BackingStoreException: Couldn't get file lock.
2025-06-17 16:21:20,995 [ERROR] LogOutputStream:75 - [STDERR_REDIRECT] 
2025-06-17 16:21:50,994 [ERROR] LogOutputStream:75 - [STDERR_REDIRECT] Jun 17, 2025 4:21:50 PM java.util.prefs.FileSystemPreferences checkLockFile0ErrorCode
2025-06-17 16:21:50,994 [ERROR] LogOutputStream:75 - [STDERR_REDIRECT] WARNING: Could not lock System prefs. Unix error code 2.
2025-06-17 16:21:50,994 [ERROR] LogOutputStream:75 - [STDERR_REDIRECT] 
2025-06-17 16:21:50,995 [ERROR] LogOutputStream:75 - [STDERR_REDIRECT] Jun 17, 2025 4:21:50 PM java.util.prefs.FileSystemPreferences syncWorld
2025-06-17 16:21:50,995 [ERROR] LogOutputStream:75 - [STDERR_REDIRECT] WARNING: Couldn't flush system prefs: java.util.prefs.BackingStoreException: Couldn't get file lock.
2025-06-17 16:21:50,995 [ERROR] LogOutputStream:75 - [STDERR_REDIRECT] 
2025-06-17 16:22:20,994 [ERROR] LogOutputStream:75 - [STDERR_REDIRECT] Jun 17, 2025 4:22:20 PM java.util.prefs.FileSystemPreferences checkLockFile0ErrorCode
2025-06-17 16:22:20,994 [ERROR] LogOutputStream:75 - [STDERR_REDIRECT] WARNING: Could not lock System prefs. Unix error code 2.
2025-06-17 16:22:20,994 [ERROR] LogOutputStream:75 - [STDERR_REDIRECT] 
2025-06-17 16:22:20,994 [ERROR] LogOutputStream:75 - [STDERR_REDIRECT] Jun 17, 2025 4:22:20 PM java.util.prefs.FileSystemPreferences syncWorld
2025-06-17 16:22:20,994 [ERROR] LogOutputStream:75 - [STDERR_REDIRECT] WARNING: Couldn't flush system prefs: java.util.prefs.BackingStoreException: Couldn't get file lock.
2025-06-17 16:22:20,994 [ERROR] LogOutputStream:75 - [STDERR_REDIRECT] 
2025-06-17 16:22:50,995 [ERROR] LogOutputStream:75 - [STDERR_REDIRECT] Jun 17, 2025 4:22:50 PM java.util.prefs.FileSystemPreferences checkLockFile0ErrorCode
2025-06-17 16:22:50,995 [ERROR] LogOutputStream:75 - [STDERR_REDIRECT] WARNING: Could not lock System prefs. Unix error code 2.
2025-06-17 16:22:50,995 [ERROR] LogOutputStream:75 - [STDERR_REDIRECT] 
2025-06-17 16:22:50,995 [ERROR] LogOutputStream:75 - [STDERR_REDIRECT] Jun 17, 2025 4:22:50 PM java.util.prefs.FileSystemPreferences syncWorld
2025-06-17 16:22:50,996 [ERROR] LogOutputStream:75 - [STDERR_REDIRECT] WARNING: Couldn't flush system prefs: java.util.prefs.BackingStoreException: Couldn't get file lock.
2025-06-17 16:22:50,996 [ERROR] LogOutputStream:75 - [STDERR_REDIRECT] 
2025-06-17 16:23:20,995 [ERROR] LogOutputStream:75 - [STDERR_REDIRECT] Jun 17, 2025 4:23:20 PM java.util.prefs.FileSystemPreferences checkLockFile0ErrorCode
2025-06-17 16:23:20,995 [ERROR] LogOutputStream:75 - [STDERR_REDIRECT] WARNING: Could not lock System prefs. Unix error code 2.
2025-06-17 16:23:20,995 [ERROR] LogOutputStream:75 - [STDERR_REDIRECT] 
2025-06-17 16:23:20,995 [ERROR] LogOutputStream:75 - [STDERR_REDIRECT] Jun 17, 2025 4:23:20 PM java.util.prefs.FileSystemPreferences syncWorld
2025-06-17 16:23:20,995 [ERROR] LogOutputStream:75 - [STDERR_REDIRECT] WARNING: Couldn't flush system prefs: java.util.prefs.BackingStoreException: Couldn't get file lock.
2025-06-17 16:23:20,995 [ERROR] LogOutputStream:75 - [STDERR_REDIRECT] 
2025-06-17 16:23:50,996 [ERROR] LogOutputStream:75 - [STDERR_REDIRECT] Jun 17, 2025 4:23:50 PM java.util.prefs.FileSystemPreferences checkLockFile0ErrorCode
2025-06-17 16:23:50,996 [ERROR] LogOutputStream:75 - [STDERR_REDIRECT] WARNING: Could not lock System prefs. Unix error code 2.
2025-06-17 16:23:50,996 [ERROR] LogOutputStream:75 - [STDERR_REDIRECT] 
2025-06-17 16:23:50,996 [ERROR] LogOutputStream:75 - [STDERR_REDIRECT] Jun 17, 2025 4:23:50 PM java.util.prefs.FileSystemPreferences syncWorld
2025-06-17 16:23:50,996 [ERROR] LogOutputStream:75 - [STDERR_REDIRECT] WARNING: Couldn't flush system prefs: java.util.prefs.BackingStoreException: Couldn't get file lock.
2025-06-17 16:23:50,996 [ERROR] LogOutputStream:75 - [STDERR_REDIRECT] 
2025-06-17 16:24:20,996 [ERROR] LogOutputStream:75 - [STDERR_REDIRECT] Jun 17, 2025 4:24:20 PM java.util.prefs.FileSystemPreferences checkLockFile0ErrorCode
2025-06-17 16:24:20,997 [ERROR] LogOutputStream:75 - [STDERR_REDIRECT] WARNING: Could not lock System prefs. Unix error code 2.
2025-06-17 16:24:20,997 [ERROR] LogOutputStream:75 - [STDERR_REDIRECT] 
2025-06-17 16:24:20,997 [ERROR] LogOutputStream:75 - [STDERR_REDIRECT] Jun 17, 2025 4:24:20 PM java.util.prefs.FileSystemPreferences syncWorld
2025-06-17 16:24:20,997 [ERROR] LogOutputStream:75 - [STDERR_REDIRECT] WARNING: Couldn't flush system prefs: java.util.prefs.BackingStoreException: Couldn't get file lock.
2025-06-17 16:24:20,997 [ERROR] LogOutputStream:75 - [STDERR_REDIRECT] 
2025-06-17 16:24:50,996 [ERROR] LogOutputStream:75 - [STDERR_REDIRECT] Jun 17, 2025 4:24:50 PM java.util.prefs.FileSystemPreferences checkLockFile0ErrorCode
2025-06-17 16:24:50,997 [ERROR] LogOutputStream:75 - [STDERR_REDIRECT] WARNING: Could not lock System prefs. Unix error code 2.
2025-06-17 16:24:50,997 [ERROR] LogOutputStream:75 - [STDERR_REDIRECT] 
2025-06-17 16:24:50,997 [ERROR] LogOutputStream:75 - [STDERR_REDIRECT] Jun 17, 2025 4:24:50 PM java.util.prefs.FileSystemPreferences syncWorld
2025-06-17 16:24:50,997 [ERROR] LogOutputStream:75 - [STDERR_REDIRECT] WARNING: Couldn't flush system prefs: java.util.prefs.BackingStoreException: Couldn't get file lock.
2025-06-17 16:24:50,997 [ERROR] LogOutputStream:75 - [STDERR_REDIRECT] 
2025-06-17 16:25:20,996 [ERROR] LogOutputStream:75 - [STDERR_REDIRECT] Jun 17, 2025 4:25:20 PM java.util.prefs.FileSystemPreferences checkLockFile0ErrorCode
2025-06-17 16:25:20,996 [ERROR] LogOutputStream:75 - [STDERR_REDIRECT] WARNING: Could not lock System prefs. Unix error code 2.
2025-06-17 16:25:20,997 [ERROR] LogOutputStream:75 - [STDERR_REDIRECT] 
2025-06-17 16:25:20,997 [ERROR] LogOutputStream:75 - [STDERR_REDIRECT] Jun 17, 2025 4:25:20 PM java.util.prefs.FileSystemPreferences syncWorld
2025-06-17 16:25:20,997 [ERROR] LogOutputStream:75 - [STDERR_REDIRECT] WARNING: Couldn't flush system prefs: java.util.prefs.BackingStoreException: Couldn't get file lock.
2025-06-17 16:25:20,997 [ERROR] LogOutputStream:75 - [STDERR_REDIRECT] 
2025-06-17 16:25:50,996 [ERROR] LogOutputStream:75 - [STDERR_REDIRECT] Jun 17, 2025 4:25:50 PM java.util.prefs.FileSystemPreferences checkLockFile0ErrorCode
2025-06-17 16:25:50,996 [ERROR] LogOutputStream:75 - [STDERR_REDIRECT] WARNING: Could not lock System prefs. Unix error code 2.
2025-06-17 16:25:50,996 [ERROR] LogOutputStream:75 - [STDERR_REDIRECT] 
2025-06-17 16:25:50,996 [ERROR] LogOutputStream:75 - [STDERR_REDIRECT] Jun 17, 2025 4:25:50 PM java.util.prefs.FileSystemPreferences syncWorld
2025-06-17 16:25:50,996 [ERROR] LogOutputStream:75 - [STDERR_REDIRECT] WARNING: Couldn't flush system prefs: java.util.prefs.BackingStoreException: Couldn't get file lock.
2025-06-17 16:25:50,996 [ERROR] LogOutputStream:75 - [STDERR_REDIRECT] 
2025-06-17 16:26:20,997 [ERROR] LogOutputStream:75 - [STDERR_REDIRECT] Jun 17, 2025 4:26:20 PM java.util.prefs.FileSystemPreferences checkLockFile0ErrorCode
2025-06-17 16:26:20,997 [ERROR] LogOutputStream:75 - [STDERR_REDIRECT] WARNING: Could not lock System prefs. Unix error code 2.
2025-06-17 16:26:20,998 [ERROR] LogOutputStream:75 - [STDERR_REDIRECT] 
2025-06-17 16:26:20,998 [ERROR] LogOutputStream:75 - [STDERR_REDIRECT] Jun 17, 2025 4:26:20 PM java.util.prefs.FileSystemPreferences syncWorld
2025-06-17 16:26:20,998 [ERROR] LogOutputStream:75 - [STDERR_REDIRECT] WARNING: Couldn't flush system prefs: java.util.prefs.BackingStoreException: Couldn't get file lock.
2025-06-17 16:26:20,998 [ERROR] LogOutputStream:75 - [STDERR_REDIRECT] 
2025-06-17 16:26:50,998 [ERROR] LogOutputStream:75 - [STDERR_REDIRECT] Jun 17, 2025 4:26:50 PM java.util.prefs.FileSystemPreferences checkLockFile0ErrorCode
2025-06-17 16:26:50,999 [ERROR] LogOutputStream:75 - [STDERR_REDIRECT] WARNING: Could not lock System prefs. Unix error code 2.
2025-06-17 16:26:50,999 [ERROR] LogOutputStream:75 - [STDERR_REDIRECT] 
2025-06-17 16:26:50,999 [ERROR] LogOutputStream:75 - [STDERR_REDIRECT] Jun 17, 2025 4:26:50 PM java.util.prefs.FileSystemPreferences syncWorld
2025-06-17 16:26:50,999 [ERROR] LogOutputStream:75 - [STDERR_REDIRECT] WARNING: Couldn't flush system prefs: java.util.prefs.BackingStoreException: Couldn't get file lock.
2025-06-17 16:26:51,000 [ERROR] LogOutputStream:75 - [STDERR_REDIRECT] 
2025-06-17 16:27:20,997 [ERROR] LogOutputStream:75 - [STDERR_REDIRECT] Jun 17, 2025 4:27:20 PM java.util.prefs.FileSystemPreferences checkLockFile0ErrorCode
2025-06-17 16:27:20,998 [ERROR] LogOutputStream:75 - [STDERR_REDIRECT] WARNING: Could not lock System prefs. Unix error code 2.
2025-06-17 16:27:20,998 [ERROR] LogOutputStream:75 - [STDERR_REDIRECT] 
2025-06-17 16:27:20,998 [ERROR] LogOutputStream:75 - [STDERR_REDIRECT] Jun 17, 2025 4:27:20 PM java.util.prefs.FileSystemPreferences syncWorld
2025-06-17 16:27:20,998 [ERROR] LogOutputStream:75 - [STDERR_REDIRECT] WARNING: Couldn't flush system prefs: java.util.prefs.BackingStoreException: Couldn't get file lock.
2025-06-17 16:27:20,998 [ERROR] LogOutputStream:75 - [STDERR_REDIRECT] 
2025-06-17 16:27:50,998 [ERROR] LogOutputStream:75 - [STDERR_REDIRECT] Jun 17, 2025 4:27:50 PM java.util.prefs.FileSystemPreferences checkLockFile0ErrorCode
2025-06-17 16:27:50,998 [ERROR] LogOutputStream:75 - [STDERR_REDIRECT] WARNING: Could not lock System prefs. Unix error code 2.
2025-06-17 16:27:50,998 [ERROR] LogOutputStream:75 - [STDERR_REDIRECT] 
2025-06-17 16:27:50,998 [ERROR] LogOutputStream:75 - [STDERR_REDIRECT] Jun 17, 2025 4:27:50 PM java.util.prefs.FileSystemPreferences syncWorld
2025-06-17 16:27:50,998 [ERROR] LogOutputStream:75 - [STDERR_REDIRECT] WARNING: Couldn't flush system prefs: java.util.prefs.BackingStoreException: Couldn't get file lock.
2025-06-17 16:27:50,998 [ERROR] LogOutputStream:75 - [STDERR_REDIRECT] 
2025-06-17 16:28:20,998 [ERROR] LogOutputStream:75 - [STDERR_REDIRECT] Jun 17, 2025 4:28:20 PM java.util.prefs.FileSystemPreferences checkLockFile0ErrorCode
2025-06-17 16:28:20,998 [ERROR] LogOutputStream:75 - [STDERR_REDIRECT] WARNING: Could not lock System prefs. Unix error code 2.
2025-06-17 16:28:20,998 [ERROR] LogOutputStream:75 - [STDERR_REDIRECT] 
2025-06-17 16:28:20,998 [ERROR] LogOutputStream:75 - [STDERR_REDIRECT] Jun 17, 2025 4:28:20 PM java.util.prefs.FileSystemPreferences syncWorld
2025-06-17 16:28:20,998 [ERROR] LogOutputStream:75 - [STDERR_REDIRECT] WARNING: Couldn't flush system prefs: java.util.prefs.BackingStoreException: Couldn't get file lock.
2025-06-17 16:28:20,998 [ERROR] LogOutputStream:75 - [STDERR_REDIRECT] 
2025-06-17 16:28:50,999 [ERROR] LogOutputStream:75 - [STDERR_REDIRECT] Jun 17, 2025 4:28:50 PM java.util.prefs.FileSystemPreferences checkLockFile0ErrorCode
2025-06-17 16:28:51,000 [ERROR] LogOutputStream:75 - [STDERR_REDIRECT] WARNING: Could not lock System prefs. Unix error code 2.
2025-06-17 16:28:51,000 [ERROR] LogOutputStream:75 - [STDERR_REDIRECT] 
2025-06-17 16:28:51,000 [ERROR] LogOutputStream:75 - [STDERR_REDIRECT] Jun 17, 2025 4:28:51 PM java.util.prefs.FileSystemPreferences syncWorld
2025-06-17 16:28:51,000 [ERROR] LogOutputStream:75 - [STDERR_REDIRECT] WARNING: Couldn't flush system prefs: java.util.prefs.BackingStoreException: Couldn't get file lock.
2025-06-17 16:28:51,000 [ERROR] LogOutputStream:75 - [STDERR_REDIRECT] 
2025-06-17 16:29:21,000 [ERROR] LogOutputStream:75 - [STDERR_REDIRECT] Jun 17, 2025 4:29:20 PM java.util.prefs.FileSystemPreferences checkLockFile0ErrorCode
2025-06-17 16:29:21,000 [ERROR] LogOutputStream:75 - [STDERR_REDIRECT] WARNING: Could not lock System prefs. Unix error code 2.
2025-06-17 16:29:21,000 [ERROR] LogOutputStream:75 - [STDERR_REDIRECT] 
2025-06-17 16:29:21,000 [ERROR] LogOutputStream:75 - [STDERR_REDIRECT] Jun 17, 2025 4:29:21 PM java.util.prefs.FileSystemPreferences syncWorld
2025-06-17 16:29:21,000 [ERROR] LogOutputStream:75 - [STDERR_REDIRECT] WARNING: Couldn't flush system prefs: java.util.prefs.BackingStoreException: Couldn't get file lock.
2025-06-17 16:29:21,000 [ERROR] LogOutputStream:75 - [STDERR_REDIRECT] 
2025-06-17 16:29:51,001 [ERROR] LogOutputStream:75 - [STDERR_REDIRECT] Jun 17, 2025 4:29:51 PM java.util.prefs.FileSystemPreferences checkLockFile0ErrorCode
2025-06-17 16:29:51,001 [ERROR] LogOutputStream:75 - [STDERR_REDIRECT] WARNING: Could not lock System prefs. Unix error code 2.
2025-06-17 16:29:51,001 [ERROR] LogOutputStream:75 - [STDERR_REDIRECT] 
2025-06-17 16:29:51,001 [ERROR] LogOutputStream:75 - [STDERR_REDIRECT] Jun 17, 2025 4:29:51 PM java.util.prefs.FileSystemPreferences syncWorld
2025-06-17 16:29:51,001 [ERROR] LogOutputStream:75 - [STDERR_REDIRECT] WARNING: Couldn't flush system prefs: java.util.prefs.BackingStoreException: Couldn't get file lock.
2025-06-17 16:29:51,002 [ERROR] LogOutputStream:75 - [STDERR_REDIRECT] 
2025-06-17 16:30:21,002 [ERROR] LogOutputStream:75 - [STDERR_REDIRECT] Jun 17, 2025 4:30:21 PM java.util.prefs.FileSystemPreferences checkLockFile0ErrorCode
2025-06-17 16:30:21,002 [ERROR] LogOutputStream:75 - [STDERR_REDIRECT] WARNING: Could not lock System prefs. Unix error code 2.
2025-06-17 16:30:21,002 [ERROR] LogOutputStream:75 - [STDERR_REDIRECT] 
2025-06-17 16:30:21,002 [ERROR] LogOutputStream:75 - [STDERR_REDIRECT] Jun 17, 2025 4:30:21 PM java.util.prefs.FileSystemPreferences syncWorld
2025-06-17 16:30:21,003 [ERROR] LogOutputStream:75 - [STDERR_REDIRECT] WARNING: Couldn't flush system prefs: java.util.prefs.BackingStoreException: Couldn't get file lock.
2025-06-17 16:30:21,003 [ERROR] LogOutputStream:75 - [STDERR_REDIRECT] 
2025-06-17 16:30:51,001 [ERROR] LogOutputStream:75 - [STDERR_REDIRECT] Jun 17, 2025 4:30:51 PM java.util.prefs.FileSystemPreferences checkLockFile0ErrorCode
2025-06-17 16:30:51,001 [ERROR] LogOutputStream:75 - [STDERR_REDIRECT] WARNING: Could not lock System prefs. Unix error code 2.
2025-06-17 16:30:51,002 [ERROR] LogOutputStream:75 - [STDERR_REDIRECT] 
2025-06-17 16:30:51,002 [ERROR] LogOutputStream:75 - [STDERR_REDIRECT] Jun 17, 2025 4:30:51 PM java.util.prefs.FileSystemPreferences syncWorld
2025-06-17 16:30:51,002 [ERROR] LogOutputStream:75 - [STDERR_REDIRECT] WARNING: Couldn't flush system prefs: java.util.prefs.BackingStoreException: Couldn't get file lock.
2025-06-17 16:30:51,002 [ERROR] LogOutputStream:75 - [STDERR_REDIRECT] 
2025-06-17 16:31:21,002 [ERROR] LogOutputStream:75 - [STDERR_REDIRECT] Jun 17, 2025 4:31:21 PM java.util.prefs.FileSystemPreferences checkLockFile0ErrorCode
2025-06-17 16:31:21,002 [ERROR] LogOutputStream:75 - [STDERR_REDIRECT] WARNING: Could not lock System prefs. Unix error code 2.
2025-06-17 16:31:21,002 [ERROR] LogOutputStream:75 - [STDERR_REDIRECT] 
2025-06-17 16:31:21,003 [ERROR] LogOutputStream:75 - [STDERR_REDIRECT] Jun 17, 2025 4:31:21 PM java.util.prefs.FileSystemPreferences syncWorld
2025-06-17 16:31:21,003 [ERROR] LogOutputStream:75 - [STDERR_REDIRECT] WARNING: Couldn't flush system prefs: java.util.prefs.BackingStoreException: Couldn't get file lock.
2025-06-17 16:31:21,003 [ERROR] LogOutputStream:75 - [STDERR_REDIRECT] 
2025-06-17 16:31:51,002 [ERROR] LogOutputStream:75 - [STDERR_REDIRECT] Jun 17, 2025 4:31:51 PM java.util.prefs.FileSystemPreferences checkLockFile0ErrorCode
2025-06-17 16:31:51,002 [ERROR] LogOutputStream:75 - [STDERR_REDIRECT] WARNING: Could not lock System prefs. Unix error code 2.
2025-06-17 16:31:51,003 [ERROR] LogOutputStream:75 - [STDERR_REDIRECT] 
2025-06-17 16:31:51,003 [ERROR] LogOutputStream:75 - [STDERR_REDIRECT] Jun 17, 2025 4:31:51 PM java.util.prefs.FileSystemPreferences syncWorld
2025-06-17 16:31:51,003 [ERROR] LogOutputStream:75 - [STDERR_REDIRECT] WARNING: Couldn't flush system prefs: java.util.prefs.BackingStoreException: Couldn't get file lock.
2025-06-17 16:31:51,003 [ERROR] LogOutputStream:75 - [STDERR_REDIRECT] 
2025-06-17 16:32:21,002 [ERROR] LogOutputStream:75 - [STDERR_REDIRECT] Jun 17, 2025 4:32:21 PM java.util.prefs.FileSystemPreferences checkLockFile0ErrorCode
2025-06-17 16:32:21,003 [ERROR] LogOutputStream:75 - [STDERR_REDIRECT] WARNING: Could not lock System prefs. Unix error code 2.
2025-06-17 16:32:21,003 [ERROR] LogOutputStream:75 - [STDERR_REDIRECT] 
2025-06-17 16:32:21,003 [ERROR] LogOutputStream:75 - [STDERR_REDIRECT] Jun 17, 2025 4:32:21 PM java.util.prefs.FileSystemPreferences syncWorld
2025-06-17 16:32:21,003 [ERROR] LogOutputStream:75 - [STDERR_REDIRECT] WARNING: Couldn't flush system prefs: java.util.prefs.BackingStoreException: Couldn't get file lock.
2025-06-17 16:32:21,003 [ERROR] LogOutputStream:75 - [STDERR_REDIRECT] 
2025-06-17 16:32:51,002 [ERROR] LogOutputStream:75 - [STDERR_REDIRECT] Jun 17, 2025 4:32:51 PM java.util.prefs.FileSystemPreferences checkLockFile0ErrorCode
2025-06-17 16:32:51,002 [ERROR] LogOutputStream:75 - [STDERR_REDIRECT] WARNING: Could not lock System prefs. Unix error code 2.
2025-06-17 16:32:51,002 [ERROR] LogOutputStream:75 - [STDERR_REDIRECT] 
2025-06-17 16:32:51,002 [ERROR] LogOutputStream:75 - [STDERR_REDIRECT] Jun 17, 2025 4:32:51 PM java.util.prefs.FileSystemPreferences syncWorld
2025-06-17 16:32:51,002 [ERROR] LogOutputStream:75 - [STDERR_REDIRECT] WARNING: Couldn't flush system prefs: java.util.prefs.BackingStoreException: Couldn't get file lock.
2025-06-17 16:32:51,002 [ERROR] LogOutputStream:75 - [STDERR_REDIRECT] 
2025-06-17 16:33:21,003 [ERROR] LogOutputStream:75 - [STDERR_REDIRECT] Jun 17, 2025 4:33:21 PM java.util.prefs.FileSystemPreferences checkLockFile0ErrorCode
2025-06-17 16:33:21,003 [ERROR] LogOutputStream:75 - [STDERR_REDIRECT] WARNING: Could not lock System prefs. Unix error code 2.
2025-06-17 16:33:21,003 [ERROR] LogOutputStream:75 - [STDERR_REDIRECT] 
2025-06-17 16:33:21,003 [ERROR] LogOutputStream:75 - [STDERR_REDIRECT] Jun 17, 2025 4:33:21 PM java.util.prefs.FileSystemPreferences syncWorld
2025-06-17 16:33:21,003 [ERROR] LogOutputStream:75 - [STDERR_REDIRECT] WARNING: Couldn't flush system prefs: java.util.prefs.BackingStoreException: Couldn't get file lock.
2025-06-17 16:33:21,003 [ERROR] LogOutputStream:75 - [STDERR_REDIRECT] 
2025-06-17 16:33:51,002 [ERROR] LogOutputStream:75 - [STDERR_REDIRECT] Jun 17, 2025 4:33:51 PM java.util.prefs.FileSystemPreferences checkLockFile0ErrorCode
2025-06-17 16:33:51,002 [ERROR] LogOutputStream:75 - [STDERR_REDIRECT] WARNING: Could not lock System prefs. Unix error code 2.
2025-06-17 16:33:51,002 [ERROR] LogOutputStream:75 - [STDERR_REDIRECT] 
2025-06-17 16:33:51,003 [ERROR] LogOutputStream:75 - [STDERR_REDIRECT] Jun 17, 2025 4:33:51 PM java.util.prefs.FileSystemPreferences syncWorld
2025-06-17 16:33:51,003 [ERROR] LogOutputStream:75 - [STDERR_REDIRECT] WARNING: Couldn't flush system prefs: java.util.prefs.BackingStoreException: Couldn't get file lock.
2025-06-17 16:33:51,003 [ERROR] LogOutputStream:75 - [STDERR_REDIRECT] 
2025-06-17 16:34:21,003 [ERROR] LogOutputStream:75 - [STDERR_REDIRECT] Jun 17, 2025 4:34:21 PM java.util.prefs.FileSystemPreferences checkLockFile0ErrorCode
2025-06-17 16:34:21,003 [ERROR] LogOutputStream:75 - [STDERR_REDIRECT] WARNING: Could not lock System prefs. Unix error code 2.
2025-06-17 16:34:21,003 [ERROR] LogOutputStream:75 - [STDERR_REDIRECT] 
2025-06-17 16:34:21,003 [ERROR] LogOutputStream:75 - [STDERR_REDIRECT] Jun 17, 2025 4:34:21 PM java.util.prefs.FileSystemPreferences syncWorld
2025-06-17 16:34:21,003 [ERROR] LogOutputStream:75 - [STDERR_REDIRECT] WARNING: Couldn't flush system prefs: java.util.prefs.BackingStoreException: Couldn't get file lock.
2025-06-17 16:34:21,003 [ERROR] LogOutputStream:75 - [STDERR_REDIRECT] 
2025-06-17 16:34:51,004 [ERROR] LogOutputStream:75 - [STDERR_REDIRECT] Jun 17, 2025 4:34:51 PM java.util.prefs.FileSystemPreferences checkLockFile0ErrorCode
2025-06-17 16:34:51,004 [ERROR] LogOutputStream:75 - [STDERR_REDIRECT] WARNING: Could not lock System prefs. Unix error code 2.
2025-06-17 16:34:51,004 [ERROR] LogOutputStream:75 - [STDERR_REDIRECT] 
2025-06-17 16:34:51,004 [ERROR] LogOutputStream:75 - [STDERR_REDIRECT] Jun 17, 2025 4:34:51 PM java.util.prefs.FileSystemPreferences syncWorld
2025-06-17 16:34:51,005 [ERROR] LogOutputStream:75 - [STDERR_REDIRECT] WARNING: Couldn't flush system prefs: java.util.prefs.BackingStoreException: Couldn't get file lock.
2025-06-17 16:34:51,005 [ERROR] LogOutputStream:75 - [STDERR_REDIRECT] 
2025-06-17 16:35:21,004 [ERROR] LogOutputStream:75 - [STDERR_REDIRECT] Jun 17, 2025 4:35:21 PM java.util.prefs.FileSystemPreferences checkLockFile0ErrorCode
2025-06-17 16:35:21,004 [ERROR] LogOutputStream:75 - [STDERR_REDIRECT] WARNING: Could not lock System prefs. Unix error code 2.
2025-06-17 16:35:21,004 [ERROR] LogOutputStream:75 - [STDERR_REDIRECT] 
2025-06-17 16:35:21,004 [ERROR] LogOutputStream:75 - [STDERR_REDIRECT] Jun 17, 2025 4:35:21 PM java.util.prefs.FileSystemPreferences syncWorld
2025-06-17 16:35:21,004 [ERROR] LogOutputStream:75 - [STDERR_REDIRECT] WARNING: Couldn't flush system prefs: java.util.prefs.BackingStoreException: Couldn't get file lock.
2025-06-17 16:35:21,004 [ERROR] LogOutputStream:75 - [STDERR_REDIRECT] 
2025-06-17 16:35:51,004 [ERROR] LogOutputStream:75 - [STDERR_REDIRECT] Jun 17, 2025 4:35:51 PM java.util.prefs.FileSystemPreferences checkLockFile0ErrorCode
2025-06-17 16:35:51,004 [ERROR] LogOutputStream:75 - [STDERR_REDIRECT] WARNING: Could not lock System prefs. Unix error code 2.
2025-06-17 16:35:51,004 [ERROR] LogOutputStream:75 - [STDERR_REDIRECT] 
2025-06-17 16:35:51,005 [ERROR] LogOutputStream:75 - [STDERR_REDIRECT] Jun 17, 2025 4:35:51 PM java.util.prefs.FileSystemPreferences syncWorld
2025-06-17 16:35:51,005 [ERROR] LogOutputStream:75 - [STDERR_REDIRECT] WARNING: Couldn't flush system prefs: java.util.prefs.BackingStoreException: Couldn't get file lock.
2025-06-17 16:35:51,005 [ERROR] LogOutputStream:75 - [STDERR_REDIRECT] 
2025-06-17 16:36:21,004 [ERROR] LogOutputStream:75 - [STDERR_REDIRECT] Jun 17, 2025 4:36:21 PM java.util.prefs.FileSystemPreferences checkLockFile0ErrorCode
2025-06-17 16:36:21,004 [ERROR] LogOutputStream:75 - [STDERR_REDIRECT] WARNING: Could not lock System prefs. Unix error code 2.
2025-06-17 16:36:21,004 [ERROR] LogOutputStream:75 - [STDERR_REDIRECT] 
2025-06-17 16:36:21,004 [ERROR] LogOutputStream:75 - [STDERR_REDIRECT] Jun 17, 2025 4:36:21 PM java.util.prefs.FileSystemPreferences syncWorld
2025-06-17 16:36:21,004 [ERROR] LogOutputStream:75 - [STDERR_REDIRECT] WARNING: Couldn't flush system prefs: java.util.prefs.BackingStoreException: Couldn't get file lock.
2025-06-17 16:36:21,004 [ERROR] LogOutputStream:75 - [STDERR_REDIRECT] 
2025-06-17 16:36:51,005 [ERROR] LogOutputStream:75 - [STDERR_REDIRECT] Jun 17, 2025 4:36:51 PM java.util.prefs.FileSystemPreferences checkLockFile0ErrorCode
2025-06-17 16:36:51,005 [ERROR] LogOutputStream:75 - [STDERR_REDIRECT] WARNING: Could not lock System prefs. Unix error code 2.
2025-06-17 16:36:51,005 [ERROR] LogOutputStream:75 - [STDERR_REDIRECT] 
2025-06-17 16:36:51,005 [ERROR] LogOutputStream:75 - [STDERR_REDIRECT] Jun 17, 2025 4:36:51 PM java.util.prefs.FileSystemPreferences syncWorld
2025-06-17 16:36:51,005 [ERROR] LogOutputStream:75 - [STDERR_REDIRECT] WARNING: Couldn't flush system prefs: java.util.prefs.BackingStoreException: Couldn't get file lock.
2025-06-17 16:36:51,005 [ERROR] LogOutputStream:75 - [STDERR_REDIRECT] 
2025-06-17 16:37:21,005 [ERROR] LogOutputStream:75 - [STDERR_REDIRECT] Jun 17, 2025 4:37:21 PM java.util.prefs.FileSystemPreferences checkLockFile0ErrorCode
2025-06-17 16:37:21,005 [ERROR] LogOutputStream:75 - [STDERR_REDIRECT] WARNING: Could not lock System prefs. Unix error code 2.
2025-06-17 16:37:21,005 [ERROR] LogOutputStream:75 - [STDERR_REDIRECT] 
2025-06-17 16:37:21,005 [ERROR] LogOutputStream:75 - [STDERR_REDIRECT] Jun 17, 2025 4:37:21 PM java.util.prefs.FileSystemPreferences syncWorld
2025-06-17 16:37:21,005 [ERROR] LogOutputStream:75 - [STDERR_REDIRECT] WARNING: Couldn't flush system prefs: java.util.prefs.BackingStoreException: Couldn't get file lock.
2025-06-17 16:37:21,005 [ERROR] LogOutputStream:75 - [STDERR_REDIRECT] 
2025-06-17 16:37:51,006 [ERROR] LogOutputStream:75 - [STDERR_REDIRECT] Jun 17, 2025 4:37:51 PM java.util.prefs.FileSystemPreferences checkLockFile0ErrorCode
2025-06-17 16:37:51,006 [ERROR] LogOutputStream:75 - [STDERR_REDIRECT] WARNING: Could not lock System prefs. Unix error code 2.
2025-06-17 16:37:51,007 [ERROR] LogOutputStream:75 - [STDERR_REDIRECT] 
2025-06-17 16:37:51,007 [ERROR] LogOutputStream:75 - [STDERR_REDIRECT] Jun 17, 2025 4:37:51 PM java.util.prefs.FileSystemPreferences syncWorld
2025-06-17 16:37:51,007 [ERROR] LogOutputStream:75 - [STDERR_REDIRECT] WARNING: Couldn't flush system prefs: java.util.prefs.BackingStoreException: Couldn't get file lock.
2025-06-17 16:37:51,007 [ERROR] LogOutputStream:75 - [STDERR_REDIRECT] 
2025-06-17 16:38:21,006 [ERROR] LogOutputStream:75 - [STDERR_REDIRECT] Jun 17, 2025 4:38:21 PM java.util.prefs.FileSystemPreferences checkLockFile0ErrorCode
2025-06-17 16:38:21,006 [ERROR] LogOutputStream:75 - [STDERR_REDIRECT] WARNING: Could not lock System prefs. Unix error code 2.
2025-06-17 16:38:21,006 [ERROR] LogOutputStream:75 - [STDERR_REDIRECT] 
2025-06-17 16:38:21,007 [ERROR] LogOutputStream:75 - [STDERR_REDIRECT] Jun 17, 2025 4:38:21 PM java.util.prefs.FileSystemPreferences syncWorld
2025-06-17 16:38:21,007 [ERROR] LogOutputStream:75 - [STDERR_REDIRECT] WARNING: Couldn't flush system prefs: java.util.prefs.BackingStoreException: Couldn't get file lock.
2025-06-17 16:38:21,007 [ERROR] LogOutputStream:75 - [STDERR_REDIRECT] 
2025-06-17 16:38:51,006 [ERROR] LogOutputStream:75 - [STDERR_REDIRECT] Jun 17, 2025 4:38:51 PM java.util.prefs.FileSystemPreferences checkLockFile0ErrorCode
2025-06-17 16:38:51,006 [ERROR] LogOutputStream:75 - [STDERR_REDIRECT] WARNING: Could not lock System prefs. Unix error code 2.
2025-06-17 16:38:51,007 [ERROR] LogOutputStream:75 - [STDERR_REDIRECT] 
2025-06-17 16:38:51,007 [ERROR] LogOutputStream:75 - [STDERR_REDIRECT] Jun 17, 2025 4:38:51 PM java.util.prefs.FileSystemPreferences syncWorld
2025-06-17 16:38:51,007 [ERROR] LogOutputStream:75 - [STDERR_REDIRECT] WARNING: Couldn't flush system prefs: java.util.prefs.BackingStoreException: Couldn't get file lock.
2025-06-17 16:38:51,007 [ERROR] LogOutputStream:75 - [STDERR_REDIRECT] 
2025-06-17 16:39:21,007 [ERROR] LogOutputStream:75 - [STDERR_REDIRECT] Jun 17, 2025 4:39:21 PM java.util.prefs.FileSystemPreferences checkLockFile0ErrorCode
2025-06-17 16:39:21,007 [ERROR] LogOutputStream:75 - [STDERR_REDIRECT] WARNING: Could not lock System prefs. Unix error code 2.
2025-06-17 16:39:21,007 [ERROR] LogOutputStream:75 - [STDERR_REDIRECT] 
2025-06-17 16:39:21,007 [ERROR] LogOutputStream:75 - [STDERR_REDIRECT] Jun 17, 2025 4:39:21 PM java.util.prefs.FileSystemPreferences syncWorld
2025-06-17 16:39:21,007 [ERROR] LogOutputStream:75 - [STDERR_REDIRECT] WARNING: Couldn't flush system prefs: java.util.prefs.BackingStoreException: Couldn't get file lock.
2025-06-17 16:39:21,007 [ERROR] LogOutputStream:75 - [STDERR_REDIRECT] 
2025-06-17 16:39:51,007 [ERROR] LogOutputStream:75 - [STDERR_REDIRECT] Jun 17, 2025 4:39:51 PM java.util.prefs.FileSystemPreferences checkLockFile0ErrorCode
2025-06-17 16:39:51,007 [ERROR] LogOutputStream:75 - [STDERR_REDIRECT] WARNING: Could not lock System prefs. Unix error code 2.
2025-06-17 16:39:51,007 [ERROR] LogOutputStream:75 - [STDERR_REDIRECT] 
2025-06-17 16:39:51,007 [ERROR] LogOutputStream:75 - [STDERR_REDIRECT] Jun 17, 2025 4:39:51 PM java.util.prefs.FileSystemPreferences syncWorld
2025-06-17 16:39:51,007 [ERROR] LogOutputStream:75 - [STDERR_REDIRECT] WARNING: Couldn't flush system prefs: java.util.prefs.BackingStoreException: Couldn't get file lock.
2025-06-17 16:39:51,007 [ERROR] LogOutputStream:75 - [STDERR_REDIRECT] 
2025-06-17 16:40:21,007 [ERROR] LogOutputStream:75 - [STDERR_REDIRECT] Jun 17, 2025 4:40:21 PM java.util.prefs.FileSystemPreferences checkLockFile0ErrorCode
2025-06-17 16:40:21,008 [ERROR] LogOutputStream:75 - [STDERR_REDIRECT] WARNING: Could not lock System prefs. Unix error code 2.
2025-06-17 16:40:21,008 [ERROR] LogOutputStream:75 - [STDERR_REDIRECT] 
2025-06-17 16:40:21,008 [ERROR] LogOutputStream:75 - [STDERR_REDIRECT] Jun 17, 2025 4:40:21 PM java.util.prefs.FileSystemPreferences syncWorld
2025-06-17 16:40:21,008 [ERROR] LogOutputStream:75 - [STDERR_REDIRECT] WARNING: Couldn't flush system prefs: java.util.prefs.BackingStoreException: Couldn't get file lock.
2025-06-17 16:40:21,008 [ERROR] LogOutputStream:75 - [STDERR_REDIRECT] 
2025-06-17 16:40:51,007 [ERROR] LogOutputStream:75 - [STDERR_REDIRECT] Jun 17, 2025 4:40:51 PM java.util.prefs.FileSystemPreferences checkLockFile0ErrorCode
2025-06-17 16:40:51,007 [ERROR] LogOutputStream:75 - [STDERR_REDIRECT] WARNING: Could not lock System prefs. Unix error code 2.
2025-06-17 16:40:51,007 [ERROR] LogOutputStream:75 - [STDERR_REDIRECT] 
2025-06-17 16:40:51,008 [ERROR] LogOutputStream:75 - [STDERR_REDIRECT] Jun 17, 2025 4:40:51 PM java.util.prefs.FileSystemPreferences syncWorld
2025-06-17 16:40:51,008 [ERROR] LogOutputStream:75 - [STDERR_REDIRECT] WARNING: Couldn't flush system prefs: java.util.prefs.BackingStoreException: Couldn't get file lock.
2025-06-17 16:40:51,008 [ERROR] LogOutputStream:75 - [STDERR_REDIRECT] 
2025-06-17 16:41:21,007 [ERROR] LogOutputStream:75 - [STDERR_REDIRECT] Jun 17, 2025 4:41:21 PM java.util.prefs.FileSystemPreferences checkLockFile0ErrorCode
2025-06-17 16:41:21,007 [ERROR] LogOutputStream:75 - [STDERR_REDIRECT] WARNING: Could not lock System prefs. Unix error code 2.
2025-06-17 16:41:21,008 [ERROR] LogOutputStream:75 - [STDERR_REDIRECT] 
2025-06-17 16:41:21,008 [ERROR] LogOutputStream:75 - [STDERR_REDIRECT] Jun 17, 2025 4:41:21 PM java.util.prefs.FileSystemPreferences syncWorld
2025-06-17 16:41:21,008 [ERROR] LogOutputStream:75 - [STDERR_REDIRECT] WARNING: Couldn't flush system prefs: java.util.prefs.BackingStoreException: Couldn't get file lock.
2025-06-17 16:41:21,008 [ERROR] LogOutputStream:75 - [STDERR_REDIRECT] 
2025-06-17 16:41:51,007 [ERROR] LogOutputStream:75 - [STDERR_REDIRECT] Jun 17, 2025 4:41:51 PM java.util.prefs.FileSystemPreferences checkLockFile0ErrorCode
2025-06-17 16:41:51,008 [ERROR] LogOutputStream:75 - [STDERR_REDIRECT] WARNING: Could not lock System prefs. Unix error code 2.
2025-06-17 16:41:51,008 [ERROR] LogOutputStream:75 - [STDERR_REDIRECT] 
2025-06-17 16:41:51,008 [ERROR] LogOutputStream:75 - [STDERR_REDIRECT] Jun 17, 2025 4:41:51 PM java.util.prefs.FileSystemPreferences syncWorld
2025-06-17 16:41:51,008 [ERROR] LogOutputStream:75 - [STDERR_REDIRECT] WARNING: Couldn't flush system prefs: java.util.prefs.BackingStoreException: Couldn't get file lock.
2025-06-17 16:41:51,008 [ERROR] LogOutputStream:75 - [STDERR_REDIRECT] 
2025-06-17 16:42:21,007 [ERROR] LogOutputStream:75 - [STDERR_REDIRECT] Jun 17, 2025 4:42:21 PM java.util.prefs.FileSystemPreferences checkLockFile0ErrorCode
2025-06-17 16:42:21,007 [ERROR] LogOutputStream:75 - [STDERR_REDIRECT] WARNING: Could not lock System prefs. Unix error code 2.
2025-06-17 16:42:21,007 [ERROR] LogOutputStream:75 - [STDERR_REDIRECT] 
2025-06-17 16:42:21,007 [ERROR] LogOutputStream:75 - [STDERR_REDIRECT] Jun 17, 2025 4:42:21 PM java.util.prefs.FileSystemPreferences syncWorld
2025-06-17 16:42:21,008 [ERROR] LogOutputStream:75 - [STDERR_REDIRECT] WARNING: Couldn't flush system prefs: java.util.prefs.BackingStoreException: Couldn't get file lock.
2025-06-17 16:42:21,008 [ERROR] LogOutputStream:75 - [STDERR_REDIRECT] 
2025-06-17 16:42:51,007 [ERROR] LogOutputStream:75 - [STDERR_REDIRECT] Jun 17, 2025 4:42:51 PM java.util.prefs.FileSystemPreferences checkLockFile0ErrorCode
2025-06-17 16:42:51,007 [ERROR] LogOutputStream:75 - [STDERR_REDIRECT] WARNING: Could not lock System prefs. Unix error code 2.
2025-06-17 16:42:51,007 [ERROR] LogOutputStream:75 - [STDERR_REDIRECT] 
2025-06-17 16:42:51,008 [ERROR] LogOutputStream:75 - [STDERR_REDIRECT] Jun 17, 2025 4:42:51 PM java.util.prefs.FileSystemPreferences syncWorld
2025-06-17 16:42:51,008 [ERROR] LogOutputStream:75 - [STDERR_REDIRECT] WARNING: Couldn't flush system prefs: java.util.prefs.BackingStoreException: Couldn't get file lock.
2025-06-17 16:42:51,008 [ERROR] LogOutputStream:75 - [STDERR_REDIRECT] 
2025-06-17 16:43:21,007 [ERROR] LogOutputStream:75 - [STDERR_REDIRECT] Jun 17, 2025 4:43:21 PM java.util.prefs.FileSystemPreferences checkLockFile0ErrorCode
2025-06-17 16:43:21,007 [ERROR] LogOutputStream:75 - [STDERR_REDIRECT] WARNING: Could not lock System prefs. Unix error code 2.
2025-06-17 16:43:21,008 [ERROR] LogOutputStream:75 - [STDERR_REDIRECT] 
2025-06-17 16:43:21,008 [ERROR] LogOutputStream:75 - [STDERR_REDIRECT] Jun 17, 2025 4:43:21 PM java.util.prefs.FileSystemPreferences syncWorld
2025-06-17 16:43:21,008 [ERROR] LogOutputStream:75 - [STDERR_REDIRECT] WARNING: Couldn't flush system prefs: java.util.prefs.BackingStoreException: Couldn't get file lock.
2025-06-17 16:43:21,008 [ERROR] LogOutputStream:75 - [STDERR_REDIRECT] 
2025-06-17 16:43:51,007 [ERROR] LogOutputStream:75 - [STDERR_REDIRECT] Jun 17, 2025 4:43:51 PM java.util.prefs.FileSystemPreferences checkLockFile0ErrorCode
2025-06-17 16:43:51,008 [ERROR] LogOutputStream:75 - [STDERR_REDIRECT] WARNING: Could not lock System prefs. Unix error code 2.
2025-06-17 16:43:51,008 [ERROR] LogOutputStream:75 - [STDERR_REDIRECT] 
2025-06-17 16:43:51,008 [ERROR] LogOutputStream:75 - [STDERR_REDIRECT] Jun 17, 2025 4:43:51 PM java.util.prefs.FileSystemPreferences syncWorld
2025-06-17 16:43:51,008 [ERROR] LogOutputStream:75 - [STDERR_REDIRECT] WARNING: Couldn't flush system prefs: java.util.prefs.BackingStoreException: Couldn't get file lock.
2025-06-17 16:43:51,008 [ERROR] LogOutputStream:75 - [STDERR_REDIRECT] 
2025-06-17 16:44:21,008 [ERROR] LogOutputStream:75 - [STDERR_REDIRECT] Jun 17, 2025 4:44:21 PM java.util.prefs.FileSystemPreferences checkLockFile0ErrorCode
2025-06-17 16:44:21,008 [ERROR] LogOutputStream:75 - [STDERR_REDIRECT] WARNING: Could not lock System prefs. Unix error code 2.
2025-06-17 16:44:21,008 [ERROR] LogOutputStream:75 - [STDERR_REDIRECT] 
2025-06-17 16:44:21,009 [ERROR] LogOutputStream:75 - [STDERR_REDIRECT] Jun 17, 2025 4:44:21 PM java.util.prefs.FileSystemPreferences syncWorld
2025-06-17 16:44:21,009 [ERROR] LogOutputStream:75 - [STDERR_REDIRECT] WARNING: Couldn't flush system prefs: java.util.prefs.BackingStoreException: Couldn't get file lock.
2025-06-17 16:44:21,009 [ERROR] LogOutputStream:75 - [STDERR_REDIRECT] 
2025-06-17 16:44:51,007 [ERROR] LogOutputStream:75 - [STDERR_REDIRECT] Jun 17, 2025 4:44:51 PM java.util.prefs.FileSystemPreferences checkLockFile0ErrorCode
2025-06-17 16:44:51,007 [ERROR] LogOutputStream:75 - [STDERR_REDIRECT] WARNING: Could not lock System prefs. Unix error code 2.
2025-06-17 16:44:51,007 [ERROR] LogOutputStream:75 - [STDERR_REDIRECT] 
2025-06-17 16:44:51,007 [ERROR] LogOutputStream:75 - [STDERR_REDIRECT] Jun 17, 2025 4:44:51 PM java.util.prefs.FileSystemPreferences syncWorld
2025-06-17 16:44:51,007 [ERROR] LogOutputStream:75 - [STDERR_REDIRECT] WARNING: Couldn't flush system prefs: java.util.prefs.BackingStoreException: Couldn't get file lock.
2025-06-17 16:44:51,007 [ERROR] LogOutputStream:75 - [STDERR_REDIRECT] 
2025-06-17 16:45:21,007 [ERROR] LogOutputStream:75 - [STDERR_REDIRECT] Jun 17, 2025 4:45:21 PM java.util.prefs.FileSystemPreferences checkLockFile0ErrorCode
2025-06-17 16:45:21,008 [ERROR] LogOutputStream:75 - [STDERR_REDIRECT] WARNING: Could not lock System prefs. Unix error code 2.
2025-06-17 16:45:21,008 [ERROR] LogOutputStream:75 - [STDERR_REDIRECT] 
2025-06-17 16:45:21,008 [ERROR] LogOutputStream:75 - [STDERR_REDIRECT] Jun 17, 2025 4:45:21 PM java.util.prefs.FileSystemPreferences syncWorld
2025-06-17 16:45:21,008 [ERROR] LogOutputStream:75 - [STDERR_REDIRECT] WARNING: Couldn't flush system prefs: java.util.prefs.BackingStoreException: Couldn't get file lock.
2025-06-17 16:45:21,008 [ERROR] LogOutputStream:75 - [STDERR_REDIRECT] 
2025-06-17 16:45:51,007 [ERROR] LogOutputStream:75 - [STDERR_REDIRECT] Jun 17, 2025 4:45:51 PM java.util.prefs.FileSystemPreferences checkLockFile0ErrorCode
2025-06-17 16:45:51,008 [ERROR] LogOutputStream:75 - [STDERR_REDIRECT] WARNING: Could not lock System prefs. Unix error code 2.
2025-06-17 16:45:51,008 [ERROR] LogOutputStream:75 - [STDERR_REDIRECT] 
2025-06-17 16:45:51,008 [ERROR] LogOutputStream:75 - [STDERR_REDIRECT] Jun 17, 2025 4:45:51 PM java.util.prefs.FileSystemPreferences syncWorld
2025-06-17 16:45:51,008 [ERROR] LogOutputStream:75 - [STDERR_REDIRECT] WARNING: Couldn't flush system prefs: java.util.prefs.BackingStoreException: Couldn't get file lock.
2025-06-17 16:45:51,008 [ERROR] LogOutputStream:75 - [STDERR_REDIRECT] 
2025-06-17 16:46:21,007 [ERROR] LogOutputStream:75 - [STDERR_REDIRECT] Jun 17, 2025 4:46:21 PM java.util.prefs.FileSystemPreferences checkLockFile0ErrorCode
2025-06-17 16:46:21,007 [ERROR] LogOutputStream:75 - [STDERR_REDIRECT] WARNING: Could not lock System prefs. Unix error code 2.
2025-06-17 16:46:21,007 [ERROR] LogOutputStream:75 - [STDERR_REDIRECT] 
2025-06-17 16:46:21,007 [ERROR] LogOutputStream:75 - [STDERR_REDIRECT] Jun 17, 2025 4:46:21 PM java.util.prefs.FileSystemPreferences syncWorld
2025-06-17 16:46:21,007 [ERROR] LogOutputStream:75 - [STDERR_REDIRECT] WARNING: Couldn't flush system prefs: java.util.prefs.BackingStoreException: Couldn't get file lock.
2025-06-17 16:46:21,007 [ERROR] LogOutputStream:75 - [STDERR_REDIRECT] 
2025-06-17 16:46:51,008 [ERROR] LogOutputStream:75 - [STDERR_REDIRECT] Jun 17, 2025 4:46:51 PM java.util.prefs.FileSystemPreferences checkLockFile0ErrorCode
2025-06-17 16:46:51,008 [ERROR] LogOutputStream:75 - [STDERR_REDIRECT] WARNING: Could not lock System prefs. Unix error code 2.
2025-06-17 16:46:51,008 [ERROR] LogOutputStream:75 - [STDERR_REDIRECT] 
2025-06-17 16:46:51,008 [ERROR] LogOutputStream:75 - [STDERR_REDIRECT] Jun 17, 2025 4:46:51 PM java.util.prefs.FileSystemPreferences syncWorld
2025-06-17 16:46:51,008 [ERROR] LogOutputStream:75 - [STDERR_REDIRECT] WARNING: Couldn't flush system prefs: java.util.prefs.BackingStoreException: Couldn't get file lock.
2025-06-17 16:46:51,008 [ERROR] LogOutputStream:75 - [STDERR_REDIRECT] 
2025-06-17 16:47:21,008 [ERROR] LogOutputStream:75 - [STDERR_REDIRECT] Jun 17, 2025 4:47:21 PM java.util.prefs.FileSystemPreferences checkLockFile0ErrorCode
2025-06-17 16:47:21,009 [ERROR] LogOutputStream:75 - [STDERR_REDIRECT] WARNING: Could not lock System prefs. Unix error code 2.
2025-06-17 16:47:21,009 [ERROR] LogOutputStream:75 - [STDERR_REDIRECT] 
2025-06-17 16:47:21,009 [ERROR] LogOutputStream:75 - [STDERR_REDIRECT] Jun 17, 2025 4:47:21 PM java.util.prefs.FileSystemPreferences syncWorld
2025-06-17 16:47:21,009 [ERROR] LogOutputStream:75 - [STDERR_REDIRECT] WARNING: Couldn't flush system prefs: java.util.prefs.BackingStoreException: Couldn't get file lock.
2025-06-17 16:47:21,009 [ERROR] LogOutputStream:75 - [STDERR_REDIRECT] 
2025-06-17 16:47:51,009 [ERROR] LogOutputStream:75 - [STDERR_REDIRECT] Jun 17, 2025 4:47:51 PM java.util.prefs.FileSystemPreferences checkLockFile0ErrorCode
2025-06-17 16:47:51,009 [ERROR] LogOutputStream:75 - [STDERR_REDIRECT] WARNING: Could not lock System prefs. Unix error code 2.
2025-06-17 16:47:51,009 [ERROR] LogOutputStream:75 - [STDERR_REDIRECT] 
2025-06-17 16:47:51,009 [ERROR] LogOutputStream:75 - [STDERR_REDIRECT] Jun 17, 2025 4:47:51 PM java.util.prefs.FileSystemPreferences syncWorld
2025-06-17 16:47:51,009 [ERROR] LogOutputStream:75 - [STDERR_REDIRECT] WARNING: Couldn't flush system prefs: java.util.prefs.BackingStoreException: Couldn't get file lock.
2025-06-17 16:47:51,010 [ERROR] LogOutputStream:75 - [STDERR_REDIRECT] 
2025-06-17 16:48:21,009 [ERROR] LogOutputStream:75 - [STDERR_REDIRECT] Jun 17, 2025 4:48:21 PM java.util.prefs.FileSystemPreferences checkLockFile0ErrorCode
2025-06-17 16:48:21,009 [ERROR] LogOutputStream:75 - [STDERR_REDIRECT] WARNING: Could not lock System prefs. Unix error code 2.
2025-06-17 16:48:21,009 [ERROR] LogOutputStream:75 - [STDERR_REDIRECT] 
2025-06-17 16:48:21,009 [ERROR] LogOutputStream:75 - [STDERR_REDIRECT] Jun 17, 2025 4:48:21 PM java.util.prefs.FileSystemPreferences syncWorld
2025-06-17 16:48:21,010 [ERROR] LogOutputStream:75 - [STDERR_REDIRECT] WARNING: Couldn't flush system prefs: java.util.prefs.BackingStoreException: Couldn't get file lock.
2025-06-17 16:48:21,010 [ERROR] LogOutputStream:75 - [STDERR_REDIRECT] 
2025-06-17 16:48:51,009 [ERROR] LogOutputStream:75 - [STDERR_REDIRECT] Jun 17, 2025 4:48:51 PM java.util.prefs.FileSystemPreferences checkLockFile0ErrorCode
2025-06-17 16:48:51,009 [ERROR] LogOutputStream:75 - [STDERR_REDIRECT] WARNING: Could not lock System prefs. Unix error code 2.
2025-06-17 16:48:51,009 [ERROR] LogOutputStream:75 - [STDERR_REDIRECT] 
2025-06-17 16:48:51,009 [ERROR] LogOutputStream:75 - [STDERR_REDIRECT] Jun 17, 2025 4:48:51 PM java.util.prefs.FileSystemPreferences syncWorld
2025-06-17 16:48:51,009 [ERROR] LogOutputStream:75 - [STDERR_REDIRECT] WARNING: Couldn't flush system prefs: java.util.prefs.BackingStoreException: Couldn't get file lock.
2025-06-17 16:48:51,009 [ERROR] LogOutputStream:75 - [STDERR_REDIRECT] 
2025-06-17 16:49:21,010 [ERROR] LogOutputStream:75 - [STDERR_REDIRECT] Jun 17, 2025 4:49:21 PM java.util.prefs.FileSystemPreferences checkLockFile0ErrorCode
2025-06-17 16:49:21,010 [ERROR] LogOutputStream:75 - [STDERR_REDIRECT] WARNING: Could not lock System prefs. Unix error code 2.
2025-06-17 16:49:21,010 [ERROR] LogOutputStream:75 - [STDERR_REDIRECT] 
2025-06-17 16:49:21,010 [ERROR] LogOutputStream:75 - [STDERR_REDIRECT] Jun 17, 2025 4:49:21 PM java.util.prefs.FileSystemPreferences syncWorld
2025-06-17 16:49:21,010 [ERROR] LogOutputStream:75 - [STDERR_REDIRECT] WARNING: Couldn't flush system prefs: java.util.prefs.BackingStoreException: Couldn't get file lock.
2025-06-17 16:49:21,010 [ERROR] LogOutputStream:75 - [STDERR_REDIRECT] 
2025-06-17 16:49:51,010 [ERROR] LogOutputStream:75 - [STDERR_REDIRECT] Jun 17, 2025 4:49:51 PM java.util.prefs.FileSystemPreferences checkLockFile0ErrorCode
2025-06-17 16:49:51,010 [ERROR] LogOutputStream:75 - [STDERR_REDIRECT] WARNING: Could not lock System prefs. Unix error code 2.
2025-06-17 16:49:51,011 [ERROR] LogOutputStream:75 - [STDERR_REDIRECT] 
2025-06-17 16:49:51,011 [ERROR] LogOutputStream:75 - [STDERR_REDIRECT] Jun 17, 2025 4:49:51 PM java.util.prefs.FileSystemPreferences syncWorld
2025-06-17 16:49:51,011 [ERROR] LogOutputStream:75 - [STDERR_REDIRECT] WARNING: Couldn't flush system prefs: java.util.prefs.BackingStoreException: Couldn't get file lock.
2025-06-17 16:49:51,011 [ERROR] LogOutputStream:75 - [STDERR_REDIRECT] 
2025-06-17 16:50:21,010 [ERROR] LogOutputStream:75 - [STDERR_REDIRECT] Jun 17, 2025 4:50:21 PM java.util.prefs.FileSystemPreferences checkLockFile0ErrorCode
2025-06-17 16:50:21,010 [ERROR] LogOutputStream:75 - [STDERR_REDIRECT] WARNING: Could not lock System prefs. Unix error code 2.
2025-06-17 16:50:21,010 [ERROR] LogOutputStream:75 - [STDERR_REDIRECT] 
2025-06-17 16:50:21,011 [ERROR] LogOutputStream:75 - [STDERR_REDIRECT] Jun 17, 2025 4:50:21 PM java.util.prefs.FileSystemPreferences syncWorld
2025-06-17 16:50:21,011 [ERROR] LogOutputStream:75 - [STDERR_REDIRECT] WARNING: Couldn't flush system prefs: java.util.prefs.BackingStoreException: Couldn't get file lock.
2025-06-17 16:50:21,011 [ERROR] LogOutputStream:75 - [STDERR_REDIRECT] 
2025-06-17 16:50:51,010 [ERROR] LogOutputStream:75 - [STDERR_REDIRECT] Jun 17, 2025 4:50:51 PM java.util.prefs.FileSystemPreferences checkLockFile0ErrorCode
2025-06-17 16:50:51,010 [ERROR] LogOutputStream:75 - [STDERR_REDIRECT] WARNING: Could not lock System prefs. Unix error code 2.
2025-06-17 16:50:51,011 [ERROR] LogOutputStream:75 - [STDERR_REDIRECT] 
2025-06-17 16:50:51,011 [ERROR] LogOutputStream:75 - [STDERR_REDIRECT] Jun 17, 2025 4:50:51 PM java.util.prefs.FileSystemPreferences syncWorld
2025-06-17 16:50:51,011 [ERROR] LogOutputStream:75 - [STDERR_REDIRECT] WARNING: Couldn't flush system prefs: java.util.prefs.BackingStoreException: Couldn't get file lock.
2025-06-17 16:50:51,011 [ERROR] LogOutputStream:75 - [STDERR_REDIRECT] 
2025-06-17 16:51:21,011 [ERROR] LogOutputStream:75 - [STDERR_REDIRECT] Jun 17, 2025 4:51:21 PM java.util.prefs.FileSystemPreferences checkLockFile0ErrorCode
2025-06-17 16:51:21,011 [ERROR] LogOutputStream:75 - [STDERR_REDIRECT] WARNING: Could not lock System prefs. Unix error code 2.
2025-06-17 16:51:21,011 [ERROR] LogOutputStream:75 - [STDERR_REDIRECT] 
2025-06-17 16:51:21,011 [ERROR] LogOutputStream:75 - [STDERR_REDIRECT] Jun 17, 2025 4:51:21 PM java.util.prefs.FileSystemPreferences syncWorld
2025-06-17 16:51:21,011 [ERROR] LogOutputStream:75 - [STDERR_REDIRECT] WARNING: Couldn't flush system prefs: java.util.prefs.BackingStoreException: Couldn't get file lock.
2025-06-17 16:51:21,011 [ERROR] LogOutputStream:75 - [STDERR_REDIRECT] 
2025-06-17 16:51:21,271 [ERROR] LogOutputStream:75 - [STDERR_REDIRECT] SWT SessionManagerDBus: Failed to UnregisterClient: GDBus.Error:org.freedesktop.DBus.Error.NoReply: Message recipient disconnected from message bus without replying
